
CASCADE Topology V3, (c) Open Cascade
Locations 0
Curve2ds 1560
1 1.0499999554524067 -9.9393810000000027 0 -1 
1 1.0499999554524067 -9.9393810000000027 0 -1 
1 1.0499999554524067 -10.391102000000004 -1 0 
1 1.0499999554524067 -10.391102000000004 -1 0 
1 -1.0499980445475927 -10.391102000000004 0 1 
1 -1.0499980445475927 -10.391102000000004 0 1 
1 -1.0499980445475927 -9.9393810000000027 1 0 
1 -1.0499980445475927 -9.9393810000000027 1 0 
1 -1.0499980445475927 9.9393809999999956 0 1 
1 -1.0499980445475927 9.9393809999999956 0 1 
1 -1.0499980445475927 10.391101999999997 1 0 
1 -1.0499980445475927 10.391101999999997 1 0 
1 1.0499999554524067 10.391101999999997 0 -1 
1 1.0499999554524067 10.391101999999997 0 -1 
1 1.0499999554524067 9.9393809999999956 -1 0 
1 1.0499999554524067 9.9393809999999956 -1 0 
1 -7.9500000445475933 32.291103 1 0 
1 -7.9500000445475933 32.291103 1 0 
1 -7.749999044547593 32.291103 0 -1 
1 -7.749999044547593 32.291103 0 -1 
1 -7.749999044547593 31.791100999999998 -1 0 
1 -7.749999044547593 31.791100999999998 -1 0 
1 -13.749999044547593 31.791100999999998 0 1 
1 -13.749999044547593 31.791100999999998 0 1 
1 -13.749999044547593 32.291103 1 0 
1 -13.749999044547593 32.291103 1 0 
1 -13.349997044547592 32.291103 0 1 
1 -13.349997044547592 32.291103 0 1 
1 -13.349997044547592 35.691101000000003 1 0 
1 -13.349997044547592 35.691101000000003 1 0 
1 -12.950000044547593 35.691101000000003 0 -1 
1 -12.950000044547593 35.691101000000003 0 -1 
1 -12.950000044547593 32.291103 1 0 
1 -12.950000044547593 32.291103 1 0 
1 -8.3499970445475924 32.291103 0 1 
1 -8.3499970445475924 32.291103 0 1 
1 -8.3499970445475924 34.991100000000003 -1 0 
1 -8.3499970445475924 34.991100000000003 -1 0 
1 -12.049998044547593 34.991100000000003 0 1 
1 -12.049998044547593 34.991100000000003 0 1 
1 -12.049998044547593 35.391101999999997 1 0 
1 -12.049998044547593 35.391101999999997 1 0 
1 -11.150001044547594 35.391101999999997 0 1 
1 -11.150001044547594 35.391101999999997 0 1 
1 -11.150001044547594 35.691101000000003 1 0 
1 -11.150001044547594 35.691101000000003 1 0 
1 -10.749999044547593 35.691101000000003 0 -1 
1 -10.749999044547593 35.691101000000003 0 -1 
1 -10.749999044547593 35.391101999999997 1 0 
1 -10.749999044547593 35.391101999999997 1 0 
1 -7.9500000445475933 35.391101999999997 0 -1 
1 -7.9500000445475933 35.391101999999997 0 -1 
1 -13.749999044547593 -32.291103 0 1 
1 -13.749999044547593 -32.291103 0 1 
1 -13.749999044547593 -31.791101000000005 1 0 
1 -13.749999044547593 -31.791101000000005 1 0 
1 -7.749999044547593 -31.791101000000005 0 -1 
1 -7.749999044547593 -31.791101000000005 0 -1 
1 -7.749999044547593 -32.291103 -1 0 
1 -7.749999044547593 -32.291103 -1 0 
1 -7.9500000445475933 -32.291103 0 -1 
1 -7.9500000445475933 -32.291103 0 -1 
1 -7.9500000445475933 -35.391101999999997 -1 0 
1 -7.9500000445475933 -35.391101999999997 -1 0 
1 -10.749999044547593 -35.391101999999997 0 -1 
1 -10.749999044547593 -35.391101999999997 0 -1 
1 -10.749999044547593 -35.691101000000003 -1 0 
1 -10.749999044547593 -35.691101000000003 -1 0 
1 -11.150001044547594 -35.691101000000003 0 1 
1 -11.150001044547594 -35.691101000000003 0 1 
1 -11.150001044547594 -35.391101999999997 -1 0 
1 -11.150001044547594 -35.391101999999997 -1 0 
1 -12.049998044547593 -35.391101999999997 0 1 
1 -12.049998044547593 -35.391101999999997 0 1 
1 -12.049998044547593 -34.991100000000003 1 0 
1 -12.049998044547593 -34.991100000000003 1 0 
1 -8.3499970445475924 -34.991100000000003 0 1 
1 -8.3499970445475924 -34.991100000000003 0 1 
1 -8.3499970445475924 -32.291103 -1 0 
1 -8.3499970445475924 -32.291103 -1 0 
1 -12.950000044547593 -32.291103 0 -1 
1 -12.950000044547593 -32.291103 0 -1 
1 -12.950000044547593 -35.691101000000003 -1 0 
1 -12.950000044547593 -35.691101000000003 -1 0 
1 -13.349997044547592 -35.691101000000003 0 1 
1 -13.349997044547592 -35.691101000000003 0 1 
1 -13.349997044547592 -32.291103 -1 0 
1 -13.349997044547592 -32.291103 -1 0 
1 8.3499989554524063 34.991100000000003 0 -1 
1 8.3499989554524063 34.991100000000003 0 -1 
1 8.3499989554524063 32.291103 1 0 
1 8.3499989554524063 32.291103 1 0 
1 12.949997955452403 32.291103 0 1 
1 12.949997955452403 32.291103 0 1 
1 12.949997955452403 35.691101000000003 1 0 
1 12.949997955452403 35.691101000000003 1 0 
1 13.349998955452406 35.691101000000003 0 -1 
1 13.349998955452406 35.691101000000003 0 -1 
1 13.349998955452406 32.291103 1 0 
1 13.349998955452406 32.291103 1 0 
1 13.750000955452407 32.291103 0 -1 
1 13.750000955452407 32.291103 0 -1 
1 13.750000955452407 31.791100999999998 -1 0 
1 13.750000955452407 31.791100999999998 -1 0 
1 7.750000955452407 31.791100999999998 0 1 
1 7.750000955452407 31.791100999999998 0 1 
1 7.750000955452407 32.291103 1 0 
1 7.750000955452407 32.291103 1 0 
1 7.9499979554524032 32.291103 0 1 
1 7.9499979554524032 32.291103 0 1 
1 7.9499979554524032 35.391101999999997 1 0 
1 7.9499979554524032 35.391101999999997 1 0 
1 10.750000955452407 35.391101999999997 0 1 
1 10.750000955452407 35.391101999999997 0 1 
1 10.750000955452407 35.691101000000003 1 0 
1 10.750000955452407 35.691101000000003 1 0 
1 11.150002955452408 35.691101000000003 0 -1 
1 11.150002955452408 35.691101000000003 0 -1 
1 11.150002955452408 35.391101999999997 1 0 
1 11.150002955452408 35.391101999999997 1 0 
1 12.050003955452411 35.391101999999997 0 -1 
1 12.050003955452411 35.391101999999997 0 -1 
1 12.050003955452411 34.991100000000003 -1 0 
1 12.050003955452411 34.991100000000003 -1 0 
1 13.750000955452407 -31.791101000000005 0 -1 
1 13.750000955452407 -31.791101000000005 0 -1 
1 13.750000955452407 -32.291103 -1 0 
1 13.750000955452407 -32.291103 -1 0 
1 13.349998955452406 -32.291103 0 -1 
1 13.349998955452406 -32.291103 0 -1 
1 13.349998955452406 -35.691101000000003 -1 0 
1 13.349998955452406 -35.691101000000003 -1 0 
1 12.949997955452403 -35.691101000000003 0 1 
1 12.949997955452403 -35.691101000000003 0 1 
1 12.949997955452403 -32.291103 -1 0 
1 12.949997955452403 -32.291103 -1 0 
1 8.3499989554524063 -32.291103 0 -1 
1 8.3499989554524063 -32.291103 0 -1 
1 8.3499989554524063 -34.991100000000003 1 0 
1 8.3499989554524063 -34.991100000000003 1 0 
1 12.050003955452411 -34.991100000000003 0 -1 
1 12.050003955452411 -34.991100000000003 0 -1 
1 12.050003955452411 -35.391101999999997 -1 0 
1 12.050003955452411 -35.391101999999997 -1 0 
1 11.150002955452408 -35.391101999999997 0 -1 
1 11.150002955452408 -35.391101999999997 0 -1 
1 11.150002955452408 -35.691101000000003 -1 0 
1 11.150002955452408 -35.691101000000003 -1 0 
1 10.750000955452407 -35.691101000000003 0 1 
1 10.750000955452407 -35.691101000000003 0 1 
1 10.750000955452407 -35.391101999999997 -1 0 
1 10.750000955452407 -35.391101999999997 -1 0 
1 7.9499979554524032 -35.391101999999997 0 1 
1 7.9499979554524032 -35.391101999999997 0 1 
1 7.9499979554524032 -32.291103 -1 0 
1 7.9499979554524032 -32.291103 -1 0 
1 7.750000955452407 -32.291103 0 1 
1 7.750000955452407 -32.291103 0 1 
1 7.750000955452407 -31.791101000000005 1 0 
1 7.750000955452407 -31.791101000000005 1 0 
1 18.550003955452411 30.091102999999997 1 0 
1 18.550003955452411 30.091102999999997 1 0 
1 20.650002955452408 30.091102999999997 0 -1 
1 20.650002955452408 30.091102999999997 0 -1 
1 20.650002955452408 29.091102999999997 -1 0 
1 20.650002955452408 29.091102999999997 -1 0 
1 20.250000955452407 29.091102999999997 0 1 
1 20.250000955452407 29.091102999999997 0 1 
1 20.250000955452407 29.691100999999996 -1 0 
1 20.250000955452407 29.691100999999996 -1 0 
1 16.994164955452405 29.691100999999996 0 -1 
1 16.994164955452405 29.691100999999996 0 -1 
1 16.994164955452405 29.441100999999996 -1 0 
1 16.994164955452405 29.441100999999996 -1 0 
1 16.144165955452408 29.441100999999996 0 1 
1 16.144165955452408 29.441100999999996 0 1 
1 16.144165955452408 29.591102999999997 -1 0 
1 16.144165955452408 29.591102999999997 -1 0 
1 14.344162955452404 29.591102999999997 0 -1 
1 14.344162955452404 29.591102999999997 0 -1 
1 14.344162955452404 29.491101999999998 -1 0 
1 14.344162955452404 29.491101999999998 -1 0 
1 13.644165955452408 29.491101999999998 0 -1 
1 13.644165955452408 29.491101999999998 0 -1 
1 13.644165955452408 29.391101999999997 -1 0 
1 13.644165955452408 29.391101999999997 -1 0 
1 13.044167955452409 29.391101999999997 0 -1 
1 13.044167955452409 29.391101999999997 0 -1 
1 13.044167955452409 29.291100999999998 -1 0 
1 13.044167955452409 29.291100999999998 -1 0 
1 11.544167955452409 29.291100999999998 0 1 
1 11.544167955452409 29.291100999999998 0 1 
1 11.544167955452409 29.391101999999997 -1 0 
1 11.544167955452409 29.391101999999997 -1 0 
1 11.244164955452405 29.391101999999997 0 1 
1 11.244164955452405 29.391101999999997 0 1 
1 11.244164955452405 29.491101999999998 -1 0 
1 11.244164955452405 29.491101999999998 -1 0 
1 10.944160955452404 29.491101999999998 0 1 
1 10.944160955452404 29.491101999999998 0 1 
1 10.944160955452404 29.591102999999997 -1 0 
1 10.944160955452404 29.591102999999997 -1 0 
1 9.0725489554524046 29.591102999999997 0 -1 
1 9.0725489554524046 29.591102999999997 0 -1 
1 9.0725489554524046 29.491101999999998 -1 0 
1 9.0725489554524046 29.491101999999998 -1 0 
1 8.7725459554524008 29.491101999999998 0 -1 
1 8.7725459554524008 29.491101999999998 0 -1 
1 8.7725459554524008 29.391101999999997 -1 0 
1 8.7725459554524008 29.391101999999997 -1 0 
1 8.4725499554524077 29.391101999999997 0 -1 
1 8.4725499554524077 29.391101999999997 0 -1 
1 8.4725499554524077 29.291100999999998 -1 0 
1 8.4725499554524077 29.291100999999998 -1 0 
1 6.9725499554524077 29.291100999999998 0 1 
1 6.9725499554524077 29.291100999999998 0 1 
1 6.9725499554524077 29.391101999999997 -1 0 
1 6.9725499554524077 29.391101999999997 -1 0 
1 6.3725439554524002 29.391101999999997 0 1 
1 6.3725439554524002 29.391101999999997 0 1 
1 6.3725439554524002 29.491101999999998 -1 0 
1 6.3725439554524002 29.491101999999998 -1 0 
1 5.6725469554524039 29.491101999999998 0 1 
1 5.6725469554524039 29.491101999999998 0 1 
1 5.6725469554524039 29.591102999999997 -1 0 
1 5.6725469554524039 29.591102999999997 -1 0 
1 5.0225459554524008 29.591102999999997 0 1 
1 5.0225459554524008 29.591102999999997 0 1 
1 5.0225459554524008 30.091102999999997 1 0 
1 5.0225459554524008 30.091102999999997 1 0 
1 18.150002955452408 30.091102999999997 0 1 
1 18.150002955452408 30.091102999999997 0 1 
1 18.150002955452408 30.491101999999998 1 0 
1 18.150002955452408 30.491101999999998 1 0 
1 18.550003955452411 30.491101999999998 0 -1 
1 18.550003955452411 30.491101999999998 0 -1 
1 16.994164955452405 -29.441101000000003 0 -1 
1 16.994164955452405 -29.441101000000003 0 -1 
1 16.994164955452405 -29.691101000000003 1 0 
1 16.994164955452405 -29.691101000000003 1 0 
1 20.250000955452407 -29.691101000000003 0 1 
1 20.250000955452407 -29.691101000000003 0 1 
1 20.250000955452407 -29.091103000000004 1 0 
1 20.250000955452407 -29.091103000000004 1 0 
1 20.650002955452408 -29.091103000000004 0 -1 
1 20.650002955452408 -29.091103000000004 0 -1 
1 20.650002955452408 -30.091103000000004 -1 0 
1 20.650002955452408 -30.091103000000004 -1 0 
1 18.550003955452411 -30.091103000000004 0 -1 
1 18.550003955452411 -30.091103000000004 0 -1 
1 18.550003955452411 -30.491102000000005 -1 0 
1 18.550003955452411 -30.491102000000005 -1 0 
1 18.150002955452408 -30.491102000000005 0 1 
1 18.150002955452408 -30.491102000000005 0 1 
1 18.150002955452408 -30.091103000000004 -1 0 
1 18.150002955452408 -30.091103000000004 -1 0 
1 5.0225459554524008 -30.091103000000004 0 1 
1 5.0225459554524008 -30.091103000000004 0 1 
1 5.0225459554524008 -29.591103000000004 1 0 
1 5.0225459554524008 -29.591103000000004 1 0 
1 5.6725469554524039 -29.591103000000004 0 1 
1 5.6725469554524039 -29.591103000000004 0 1 
1 5.6725469554524039 -29.491102000000005 1 0 
1 5.6725469554524039 -29.491102000000005 1 0 
1 6.3725439554524002 -29.491102000000005 0 1 
1 6.3725439554524002 -29.491102000000005 0 1 
1 6.3725439554524002 -29.391102000000004 1 0 
1 6.3725439554524002 -29.391102000000004 1 0 
1 6.9725499554524077 -29.391102000000004 0 1 
1 6.9725499554524077 -29.391102000000004 0 1 
1 6.9725499554524077 -29.291101000000005 1 0 
1 6.9725499554524077 -29.291101000000005 1 0 
1 8.4725499554524077 -29.291101000000005 0 -1 
1 8.4725499554524077 -29.291101000000005 0 -1 
1 8.4725499554524077 -29.391102000000004 1 0 
1 8.4725499554524077 -29.391102000000004 1 0 
1 8.7725459554524008 -29.391102000000004 0 -1 
1 8.7725459554524008 -29.391102000000004 0 -1 
1 8.7725459554524008 -29.491102000000005 1 0 
1 8.7725459554524008 -29.491102000000005 1 0 
1 9.0725489554524046 -29.491102000000005 0 -1 
1 9.0725489554524046 -29.491102000000005 0 -1 
1 9.0725489554524046 -29.591103000000004 1 0 
1 9.0725489554524046 -29.591103000000004 1 0 
1 10.944160955452404 -29.591103000000004 0 1 
1 10.944160955452404 -29.591103000000004 0 1 
1 10.944160955452404 -29.491102000000005 1 0 
1 10.944160955452404 -29.491102000000005 1 0 
1 11.244164955452405 -29.491102000000005 0 1 
1 11.244164955452405 -29.491102000000005 0 1 
1 11.244164955452405 -29.391102000000004 1 0 
1 11.244164955452405 -29.391102000000004 1 0 
1 11.544167955452409 -29.391102000000004 0 1 
1 11.544167955452409 -29.391102000000004 0 1 
1 11.544167955452409 -29.291101000000005 1 0 
1 11.544167955452409 -29.291101000000005 1 0 
1 13.044167955452409 -29.291101000000005 0 -1 
1 13.044167955452409 -29.291101000000005 0 -1 
1 13.044167955452409 -29.391102000000004 1 0 
1 13.044167955452409 -29.391102000000004 1 0 
1 13.644165955452408 -29.391102000000004 0 -1 
1 13.644165955452408 -29.391102000000004 0 -1 
1 13.644165955452408 -29.491102000000005 1 0 
1 13.644165955452408 -29.491102000000005 1 0 
1 14.344162955452404 -29.491102000000005 0 -1 
1 14.344162955452404 -29.491102000000005 0 -1 
1 14.344162955452404 -29.591103000000004 1 0 
1 14.344162955452404 -29.591103000000004 1 0 
1 16.144165955452408 -29.591103000000004 0 1 
1 16.144165955452408 -29.591103000000004 0 1 
1 16.144165955452408 -29.441101000000003 1 0 
1 16.144165955452408 -29.441101000000003 1 0 
1 -14.34416104454759 29.491101999999998 0 1 
1 -14.34416104454759 29.491101999999998 0 1 
1 -14.34416104454759 29.591102999999997 -1 0 
1 -14.34416104454759 29.591102999999997 -1 0 
1 -16.14416004454759 29.591102999999997 0 -1 
1 -16.14416004454759 29.591102999999997 0 -1 
1 -16.14416004454759 29.441100999999996 -1 0 
1 -16.14416004454759 29.441100999999996 -1 0 
1 -16.994163044547591 29.441100999999996 0 1 
1 -16.994163044547591 29.441100999999996 0 1 
1 -16.994163044547591 29.691100999999996 -1 0 
1 -16.994163044547591 29.691100999999996 -1 0 
1 -20.249999044547593 29.691100999999996 0 -1 
1 -20.249999044547593 29.691100999999996 0 -1 
1 -20.249999044547593 29.091102999999997 -1 0 
1 -20.249999044547593 29.091102999999997 -1 0 
1 -20.650001044547594 29.091102999999997 0 1 
1 -20.650001044547594 29.091102999999997 0 1 
1 -20.650001044547594 30.091102999999997 1 0 
1 -20.650001044547594 30.091102999999997 1 0 
1 -18.549998044547593 30.091102999999997 0 1 
1 -18.549998044547593 30.091102999999997 0 1 
1 -18.549998044547593 30.491101999999998 1 0 
1 -18.549998044547593 30.491101999999998 1 0 
1 -18.150001044547594 30.491101999999998 0 -1 
1 -18.150001044547594 30.491101999999998 0 -1 
1 -18.150001044547594 30.091102999999997 1 0 
1 -18.150001044547594 30.091102999999997 1 0 
1 -5.022544044547594 30.091102999999997 0 -1 
1 -5.022544044547594 30.091102999999997 0 -1 
1 -5.022544044547594 29.591102999999997 -1 0 
1 -5.022544044547594 29.591102999999997 -1 0 
1 -5.67254504454759 29.591102999999997 0 -1 
1 -5.67254504454759 29.591102999999997 0 -1 
1 -5.67254504454759 29.491101999999998 -1 0 
1 -5.67254504454759 29.491101999999998 -1 0 
1 -6.3725460445475903 29.491101999999998 0 -1 
1 -6.3725460445475903 29.491101999999998 0 -1 
1 -6.3725460445475903 29.391101999999997 -1 0 
1 -6.3725460445475903 29.391101999999997 -1 0 
1 -6.9725450445475943 29.391101999999997 0 -1 
1 -6.9725450445475943 29.391101999999997 0 -1 
1 -6.9725450445475943 29.291100999999998 -1 0 
1 -6.9725450445475943 29.291100999999998 -1 0 
1 -8.4725450445475943 29.291100999999998 0 1 
1 -8.4725450445475943 29.291100999999998 0 1 
1 -8.4725450445475943 29.391101999999997 -1 0 
1 -8.4725450445475943 29.391101999999997 -1 0 
1 -8.772544044547594 29.391101999999997 0 1 
1 -8.772544044547594 29.391101999999997 0 1 
1 -8.772544044547594 29.491101999999998 -1 0 
1 -8.772544044547594 29.491101999999998 -1 0 
1 -9.0725470445475906 29.491101999999998 0 1 
1 -9.0725470445475906 29.491101999999998 0 1 
1 -9.0725470445475906 29.591102999999997 -1 0 
1 -9.0725470445475906 29.591102999999997 -1 0 
1 -10.944163044547594 29.591102999999997 0 -1 
1 -10.944163044547594 29.591102999999997 0 -1 
1 -10.944163044547594 29.491101999999998 -1 0 
1 -10.944163044547594 29.491101999999998 -1 0 
1 -11.244163044547591 29.491101999999998 0 -1 
1 -11.244163044547591 29.491101999999998 0 -1 
1 -11.244163044547591 29.391101999999997 -1 0 
1 -11.244163044547591 29.391101999999997 -1 0 
1 -11.544162044547591 29.391101999999997 0 -1 
1 -11.544162044547591 29.391101999999997 0 -1 
1 -11.544162044547591 29.291100999999998 -1 0 
1 -11.544162044547591 29.291100999999998 -1 0 
1 -13.044162044547591 29.291100999999998 0 1 
1 -13.044162044547591 29.291100999999998 0 1 
1 -13.044162044547591 29.391101999999997 -1 0 
1 -13.044162044547591 29.391101999999997 -1 0 
1 -13.64416004454759 29.391101999999997 0 1 
1 -13.64416004454759 29.391101999999997 0 1 
1 -13.64416004454759 29.491101999999998 -1 0 
1 -13.64416004454759 29.491101999999998 -1 0 
1 -5.022544044547594 -29.591103000000004 0 -1 
1 -5.022544044547594 -29.591103000000004 0 -1 
1 -5.022544044547594 -30.091103000000004 -1 0 
1 -5.022544044547594 -30.091103000000004 -1 0 
1 -18.150001044547594 -30.091103000000004 0 -1 
1 -18.150001044547594 -30.091103000000004 0 -1 
1 -18.150001044547594 -30.491102000000005 -1 0 
1 -18.150001044547594 -30.491102000000005 -1 0 
1 -18.549998044547593 -30.491102000000005 0 1 
1 -18.549998044547593 -30.491102000000005 0 1 
1 -18.549998044547593 -30.091103000000004 -1 0 
1 -18.549998044547593 -30.091103000000004 -1 0 
1 -20.650001044547594 -30.091103000000004 0 1 
1 -20.650001044547594 -30.091103000000004 0 1 
1 -20.650001044547594 -29.091103000000004 1 0 
1 -20.650001044547594 -29.091103000000004 1 0 
1 -20.249999044547593 -29.091103000000004 0 -1 
1 -20.249999044547593 -29.091103000000004 0 -1 
1 -20.249999044547593 -29.691101000000003 1 0 
1 -20.249999044547593 -29.691101000000003 1 0 
1 -16.994163044547591 -29.691101000000003 0 1 
1 -16.994163044547591 -29.691101000000003 0 1 
1 -16.994163044547591 -29.441101000000003 1 0 
1 -16.994163044547591 -29.441101000000003 1 0 
1 -16.14416004454759 -29.441101000000003 0 -1 
1 -16.14416004454759 -29.441101000000003 0 -1 
1 -16.14416004454759 -29.591103000000004 1 0 
1 -16.14416004454759 -29.591103000000004 1 0 
1 -14.34416104454759 -29.591103000000004 0 1 
1 -14.34416104454759 -29.591103000000004 0 1 
1 -14.34416104454759 -29.491102000000005 1 0 
1 -14.34416104454759 -29.491102000000005 1 0 
1 -13.64416004454759 -29.491102000000005 0 1 
1 -13.64416004454759 -29.491102000000005 0 1 
1 -13.64416004454759 -29.391102000000004 1 0 
1 -13.64416004454759 -29.391102000000004 1 0 
1 -13.044162044547591 -29.391102000000004 0 1 
1 -13.044162044547591 -29.391102000000004 0 1 
1 -13.044162044547591 -29.291101000000005 1 0 
1 -13.044162044547591 -29.291101000000005 1 0 
1 -11.544162044547591 -29.291101000000005 0 -1 
1 -11.544162044547591 -29.291101000000005 0 -1 
1 -11.544162044547591 -29.391102000000004 1 0 
1 -11.544162044547591 -29.391102000000004 1 0 
1 -11.244163044547591 -29.391102000000004 0 -1 
1 -11.244163044547591 -29.391102000000004 0 -1 
1 -11.244163044547591 -29.491102000000005 1 0 
1 -11.244163044547591 -29.491102000000005 1 0 
1 -10.944163044547594 -29.491102000000005 0 -1 
1 -10.944163044547594 -29.491102000000005 0 -1 
1 -10.944163044547594 -29.591103000000004 1 0 
1 -10.944163044547594 -29.591103000000004 1 0 
1 -9.0725470445475906 -29.591103000000004 0 1 
1 -9.0725470445475906 -29.591103000000004 0 1 
1 -9.0725470445475906 -29.491102000000005 1 0 
1 -9.0725470445475906 -29.491102000000005 1 0 
1 -8.772544044547594 -29.491102000000005 0 1 
1 -8.772544044547594 -29.491102000000005 0 1 
1 -8.772544044547594 -29.391102000000004 1 0 
1 -8.772544044547594 -29.391102000000004 1 0 
1 -8.4725450445475943 -29.391102000000004 0 1 
1 -8.4725450445475943 -29.391102000000004 0 1 
1 -8.4725450445475943 -29.291101000000005 1 0 
1 -8.4725450445475943 -29.291101000000005 1 0 
1 -6.9725450445475943 -29.291101000000005 0 -1 
1 -6.9725450445475943 -29.291101000000005 0 -1 
1 -6.9725450445475943 -29.391102000000004 1 0 
1 -6.9725450445475943 -29.391102000000004 1 0 
1 -6.3725460445475903 -29.391102000000004 0 -1 
1 -6.3725460445475903 -29.391102000000004 0 -1 
1 -6.3725460445475903 -29.491102000000005 1 0 
1 -6.3725460445475903 -29.491102000000005 1 0 
1 -5.67254504454759 -29.491102000000005 0 -1 
1 -5.67254504454759 -29.491102000000005 0 -1 
1 -5.67254504454759 -29.591103000000004 1 0 
1 -5.67254504454759 -29.591103000000004 1 0 
1 16.994164955452405 3.8393809999999973 0 -1 
1 16.994164955452405 3.8393809999999973 0 -1 
1 16.994164955452405 -3.8393810000000026 -1 0 
1 16.994164955452405 -3.8393810000000026 -1 0 
1 -16.994163044547591 -3.8393810000000026 0 1 
1 -16.994163044547591 -3.8393810000000026 0 1 
1 -16.994163044547591 3.8393809999999973 1 0 
1 -16.994163044547591 3.8393809999999973 1 0 
1 3.0225459554524079 22.917373999999995 0 1 
1 3.0225459554524079 22.917373999999995 0 1 
1 3.0225459554524079 29.691100999999996 -1 0 
1 3.0225459554524079 29.691100999999996 -1 0 
1 0.45000195545240729 29.691100999999996 0 1 
1 0.45000195545240729 29.691100999999996 0 1 
1 0.45000195545240729 30.091102999999997 1 0 
1 0.45000195545240729 30.091102999999997 1 0 
1 4.1225439554524002 30.091102999999997 0 -1 
1 4.1225439554524002 30.091102999999997 0 -1 
1 4.1225439554524002 29.591102999999997 -1 0 
1 4.1225439554524002 29.591102999999997 -1 0 
1 3.8725479554524043 29.591102999999997 0 -1 
1 3.8725479554524043 29.591102999999997 0 -1 
1 3.8725479554524043 26.491101999999998 -1 0 
1 3.8725479554524043 26.491101999999998 -1 0 
1 3.8225489554524046 26.491101999999998 0 -1 
1 3.8225489554524046 26.491101999999998 0 -1 
1 3.8225489554524046 25.791100999999998 -1 0 
1 3.8225489554524046 25.791100999999998 -1 0 
1 3.7225469554524082 25.791100999999998 0 -1 
1 3.7225469554524082 25.791100999999998 0 -1 
1 3.7225469554524082 24.191100999999996 1 0 
1 3.7225469554524082 24.191100999999996 1 0 
1 3.8725479554524043 24.191100999999996 0 -1 
1 3.8725479554524043 24.191100999999996 0 -1 
1 3.8725479554524043 22.591102999999997 -1 0 
1 3.8725479554524043 22.591102999999997 -1 0 
1 3.7225469554524082 22.591102999999997 0 -1 
1 3.7225469554524082 22.591102999999997 0 -1 
1 3.7225469554524082 22.317372999999996 -1 0 
1 3.7225469554524082 22.317372999999996 -1 0 
1 3.0225459554524079 22.317372999999996 0 1 
1 3.0225459554524079 22.317372999999996 0 1 
1 3.0225459554524079 22.417373999999995 -1 0 
1 3.0225459554524079 22.417373999999995 -1 0 
1 1.6500029554524076 22.417373999999995 0 -1 
1 1.6500029554524076 22.417373999999995 0 -1 
1 1.6500029554524076 19.017373999999997 -1 0 
1 1.6500029554524076 19.017373999999997 -1 0 
1 0.45000195545240729 19.017373999999997 0 1 
1 0.45000195545240729 19.017373999999997 0 1 
1 0.45000195545240729 19.417373999999995 1 0 
1 0.45000195545240729 19.417373999999995 1 0 
1 1.250000955452407 19.417373999999995 0 1 
1 1.250000955452407 19.417373999999995 0 1 
1 1.250000955452407 22.417373999999995 -1 0 
1 1.250000955452407 22.417373999999995 -1 0 
1 -1.249999044547593 22.417373999999995 0 -1 
1 -1.249999044547593 22.417373999999995 0 -1 
1 -1.249999044547593 19.417373999999995 1 0 
1 -1.249999044547593 19.417373999999995 1 0 
1 -0.45000004454759335 19.417373999999995 0 -1 
1 -0.45000004454759335 19.417373999999995 0 -1 
1 -0.45000004454759335 19.017373999999997 -1 0 
1 -0.45000004454759335 19.017373999999997 -1 0 
1 -1.6500010445475937 19.017373999999997 0 1 
1 -1.6500010445475937 19.017373999999997 0 1 
1 -1.6500010445475937 22.417373999999995 -1 0 
1 -1.6500010445475937 22.417373999999995 -1 0 
1 -3.022544044547594 22.417373999999995 0 -1 
1 -3.022544044547594 22.417373999999995 0 -1 
1 -3.022544044547594 22.317372999999996 -1 0 
1 -3.022544044547594 22.317372999999996 -1 0 
1 -3.7225450445475943 22.317372999999996 0 1 
1 -3.7225450445475943 22.317372999999996 0 1 
1 -3.7225450445475943 22.591102999999997 -1 0 
1 -3.7225450445475943 22.591102999999997 -1 0 
1 -3.8725460445475903 22.591102999999997 0 1 
1 -3.8725460445475903 22.591102999999997 0 1 
1 -3.8725460445475903 24.191100999999996 1 0 
1 -3.8725460445475903 24.191100999999996 1 0 
1 -3.7225450445475943 24.191100999999996 0 1 
1 -3.7225450445475943 24.191100999999996 0 1 
1 -3.7225450445475943 25.791100999999998 -1 0 
1 -3.7225450445475943 25.791100999999998 -1 0 
1 -3.8225470445475906 25.791100999999998 0 1 
1 -3.8225470445475906 25.791100999999998 0 1 
1 -3.8225470445475906 26.491101999999998 -1 0 
1 -3.8225470445475906 26.491101999999998 -1 0 
1 -3.8725460445475903 26.491101999999998 0 1 
1 -3.8725460445475903 26.491101999999998 0 1 
1 -3.8725460445475903 29.591102999999997 -1 0 
1 -3.8725460445475903 29.591102999999997 -1 0 
1 -4.1225460445475903 29.591102999999997 0 1 
1 -4.1225460445475903 29.591102999999997 0 1 
1 -4.1225460445475903 30.091102999999997 1 0 
1 -4.1225460445475903 30.091102999999997 1 0 
1 -0.45000004454759335 30.091102999999997 0 -1 
1 -0.45000004454759335 30.091102999999997 0 -1 
1 -0.45000004454759335 29.691100999999996 -1 0 
1 -0.45000004454759335 29.691100999999996 -1 0 
1 -3.022544044547594 29.691100999999996 0 -1 
1 -3.022544044547594 29.691100999999996 0 -1 
1 -3.022544044547594 22.917373999999995 1 0 
1 -3.022544044547594 22.917373999999995 1 0 
1 -1.6500010445475937 22.917373999999995 0 1 
1 -1.6500010445475937 22.917373999999995 0 1 
1 -1.6500010445475937 26.317372999999996 1 0 
1 -1.6500010445475937 26.317372999999996 1 0 
1 -0.45000004454759335 26.317372999999996 0 -1 
1 -0.45000004454759335 26.317372999999996 0 -1 
1 -0.45000004454759335 25.917373999999995 -1 0 
1 -0.45000004454759335 25.917373999999995 -1 0 
1 -1.249999044547593 25.917373999999995 0 -1 
1 -1.249999044547593 25.917373999999995 0 -1 
1 -1.249999044547593 22.917373999999995 1 0 
1 -1.249999044547593 22.917373999999995 1 0 
1 1.250000955452407 22.917373999999995 0 1 
1 1.250000955452407 22.917373999999995 0 1 
1 1.250000955452407 25.917373999999995 -1 0 
1 1.250000955452407 25.917373999999995 -1 0 
1 0.45000195545240729 25.917373999999995 0 1 
1 0.45000195545240729 25.917373999999995 0 1 
1 0.45000195545240729 26.317372999999996 1 0 
1 0.45000195545240729 26.317372999999996 1 0 
1 1.6500029554524076 26.317372999999996 0 -1 
1 1.6500029554524076 26.317372999999996 0 -1 
1 1.6500029554524076 22.917373999999995 1 0 
1 1.6500029554524076 22.917373999999995 1 0 
1 1.6500029554524076 -22.417374000000002 1 0 
1 1.6500029554524076 -22.417374000000002 1 0 
1 3.0225459554524079 -22.417374000000002 0 1 
1 3.0225459554524079 -22.417374000000002 0 1 
1 3.0225459554524079 -22.317373000000003 1 0 
1 3.0225459554524079 -22.317373000000003 1 0 
1 3.7225469554524082 -22.317373000000003 0 -1 
1 3.7225469554524082 -22.317373000000003 0 -1 
1 3.7225469554524082 -22.591103000000004 1 0 
1 3.7225469554524082 -22.591103000000004 1 0 
1 3.8725479554524043 -22.591103000000004 0 -1 
1 3.8725479554524043 -22.591103000000004 0 -1 
1 3.8725479554524043 -24.191101000000003 -1 0 
1 3.8725479554524043 -24.191101000000003 -1 0 
1 3.7225469554524082 -24.191101000000003 0 -1 
1 3.7225469554524082 -24.191101000000003 0 -1 
1 3.7225469554524082 -25.791101000000005 1 0 
1 3.7225469554524082 -25.791101000000005 1 0 
1 3.8225489554524046 -25.791101000000005 0 -1 
1 3.8225489554524046 -25.791101000000005 0 -1 
1 3.8225489554524046 -26.491102000000005 1 0 
1 3.8225489554524046 -26.491102000000005 1 0 
1 3.8725479554524043 -26.491102000000005 0 -1 
1 3.8725479554524043 -26.491102000000005 0 -1 
1 3.8725479554524043 -29.591103000000004 1 0 
1 3.8725479554524043 -29.591103000000004 1 0 
1 4.1225439554524002 -29.591103000000004 0 -1 
1 4.1225439554524002 -29.591103000000004 0 -1 
1 4.1225439554524002 -30.091103000000004 -1 0 
1 4.1225439554524002 -30.091103000000004 -1 0 
1 0.45000195545240729 -30.091103000000004 0 1 
1 0.45000195545240729 -30.091103000000004 0 1 
1 0.45000195545240729 -29.691101000000003 1 0 
1 0.45000195545240729 -29.691101000000003 1 0 
1 3.0225459554524079 -29.691101000000003 0 1 
1 3.0225459554524079 -29.691101000000003 0 1 
1 3.0225459554524079 -22.917374000000002 -1 0 
1 3.0225459554524079 -22.917374000000002 -1 0 
1 1.6500029554524076 -22.917374000000002 0 -1 
1 1.6500029554524076 -22.917374000000002 0 -1 
1 1.6500029554524076 -26.317373000000003 -1 0 
1 1.6500029554524076 -26.317373000000003 -1 0 
1 0.45000195545240729 -26.317373000000003 0 1 
1 0.45000195545240729 -26.317373000000003 0 1 
1 0.45000195545240729 -25.917374000000002 1 0 
1 0.45000195545240729 -25.917374000000002 1 0 
1 1.250000955452407 -25.917374000000002 0 1 
1 1.250000955452407 -25.917374000000002 0 1 
1 1.250000955452407 -22.917374000000002 -1 0 
1 1.250000955452407 -22.917374000000002 -1 0 
1 -1.249999044547593 -22.917374000000002 0 -1 
1 -1.249999044547593 -22.917374000000002 0 -1 
1 -1.249999044547593 -25.917374000000002 1 0 
1 -1.249999044547593 -25.917374000000002 1 0 
1 -0.45000004454759335 -25.917374000000002 0 -1 
1 -0.45000004454759335 -25.917374000000002 0 -1 
1 -0.45000004454759335 -26.317373000000003 -1 0 
1 -0.45000004454759335 -26.317373000000003 -1 0 
1 -1.6500010445475937 -26.317373000000003 0 1 
1 -1.6500010445475937 -26.317373000000003 0 1 
1 -1.6500010445475937 -22.917374000000002 -1 0 
1 -1.6500010445475937 -22.917374000000002 -1 0 
1 -3.022544044547594 -22.917374000000002 0 -1 
1 -3.022544044547594 -22.917374000000002 0 -1 
1 -3.022544044547594 -29.691101000000003 1 0 
1 -3.022544044547594 -29.691101000000003 1 0 
1 -0.45000004454759335 -29.691101000000003 0 -1 
1 -0.45000004454759335 -29.691101000000003 0 -1 
1 -0.45000004454759335 -30.091103000000004 -1 0 
1 -0.45000004454759335 -30.091103000000004 -1 0 
1 -4.1225460445475903 -30.091103000000004 0 1 
1 -4.1225460445475903 -30.091103000000004 0 1 
1 -4.1225460445475903 -29.591103000000004 1 0 
1 -4.1225460445475903 -29.591103000000004 1 0 
1 -3.8725460445475903 -29.591103000000004 0 1 
1 -3.8725460445475903 -29.591103000000004 0 1 
1 -3.8725460445475903 -26.491102000000005 1 0 
1 -3.8725460445475903 -26.491102000000005 1 0 
1 -3.8225470445475906 -26.491102000000005 0 1 
1 -3.8225470445475906 -26.491102000000005 0 1 
1 -3.8225470445475906 -25.791101000000005 1 0 
1 -3.8225470445475906 -25.791101000000005 1 0 
1 -3.7225450445475943 -25.791101000000005 0 1 
1 -3.7225450445475943 -25.791101000000005 0 1 
1 -3.7225450445475943 -24.191101000000003 -1 0 
1 -3.7225450445475943 -24.191101000000003 -1 0 
1 -3.8725460445475903 -24.191101000000003 0 1 
1 -3.8725460445475903 -24.191101000000003 0 1 
1 -3.8725460445475903 -22.591103000000004 1 0 
1 -3.8725460445475903 -22.591103000000004 1 0 
1 -3.7225450445475943 -22.591103000000004 0 1 
1 -3.7225450445475943 -22.591103000000004 0 1 
1 -3.7225450445475943 -22.317373000000003 1 0 
1 -3.7225450445475943 -22.317373000000003 1 0 
1 -3.022544044547594 -22.317373000000003 0 -1 
1 -3.022544044547594 -22.317373000000003 0 -1 
1 -3.022544044547594 -22.417374000000002 1 0 
1 -3.022544044547594 -22.417374000000002 1 0 
1 -1.6500010445475937 -22.417374000000002 0 1 
1 -1.6500010445475937 -22.417374000000002 0 1 
1 -1.6500010445475937 -19.017374000000004 1 0 
1 -1.6500010445475937 -19.017374000000004 1 0 
1 -0.45000004454759335 -19.017374000000004 0 -1 
1 -0.45000004454759335 -19.017374000000004 0 -1 
1 -0.45000004454759335 -19.417374000000002 -1 0 
1 -0.45000004454759335 -19.417374000000002 -1 0 
1 -1.249999044547593 -19.417374000000002 0 -1 
1 -1.249999044547593 -19.417374000000002 0 -1 
1 -1.249999044547593 -22.417374000000002 1 0 
1 -1.249999044547593 -22.417374000000002 1 0 
1 1.250000955452407 -22.417374000000002 0 1 
1 1.250000955452407 -22.417374000000002 0 1 
1 1.250000955452407 -19.417374000000002 -1 0 
1 1.250000955452407 -19.417374000000002 -1 0 
1 0.45000195545240729 -19.417374000000002 0 1 
1 0.45000195545240729 -19.417374000000002 0 1 
1 0.45000195545240729 -19.017374000000004 1 0 
1 0.45000195545240729 -19.017374000000004 1 0 
1 1.6500029554524076 -19.017374000000004 0 -1 
1 1.6500029554524076 -19.017374000000004 0 -1 
1 20.250000955452407 27.791100999999998 0 1 
1 20.250000955452407 27.791100999999998 0 1 
1 20.250000955452407 28.191100999999996 1 0 
1 20.250000955452407 28.191100999999996 1 0 
1 22.349998955452406 28.191100999999996 0 -1 
1 22.349998955452406 28.191100999999996 0 -1 
1 22.349998955452406 13.348388999999996 -1 0 
1 22.349998955452406 13.348388999999996 -1 0 
1 21.949997955452403 13.348388999999996 0 1 
1 21.949997955452403 13.348388999999996 0 1 
1 21.949997955452403 15.396776999999997 -1 0 
1 21.949997955452403 15.396776999999997 -1 0 
1 16.994164955452405 15.396776999999997 0 -1 
1 16.994164955452405 15.396776999999997 0 -1 
1 16.994164955452405 11.499999999999996 1 0 
1 16.994164955452405 11.499999999999996 1 0 
1 21.949997955452403 11.499999999999996 0 1 
1 21.949997955452403 11.499999999999996 0 1 
1 21.949997955452403 12.448387999999996 1 0 
1 21.949997955452403 12.448387999999996 1 0 
1 22.349998955452406 12.448387999999996 0 -1 
1 22.349998955452406 12.448387999999996 0 -1 
1 22.349998955452406 11.099999999999996 -1 0 
1 22.349998955452406 11.099999999999996 -1 0 
1 16.994164955452405 11.099999999999996 0 -1 
1 16.994164955452405 11.099999999999996 0 -1 
1 16.994164955452405 6.3393809999999977 -1 0 
1 16.994164955452405 6.3393809999999977 -1 0 
1 11.008354955452404 6.3393809999999977 0 1 
1 11.008354955452404 6.3393809999999977 0 1 
1 11.008354955452404 6.9360439999999972 1 0 
1 11.008354955452404 6.9360439999999972 1 0 
1 11.594162955452404 6.9360439999999972 0 1 
1 11.594162955452404 6.9360439999999972 0 1 
1 11.594162955452404 7.9635729999999976 1 0 
1 11.594162955452404 7.9635729999999976 1 0 
1 11.994164955452405 7.9635729999999976 0 -1 
1 11.994164955452405 7.9635729999999976 0 -1 
1 11.994164955452405 6.9360439999999972 1 0 
1 11.994164955452405 6.9360439999999972 1 0 
1 16.594162955452404 6.9360439999999972 0 1 
1 16.594162955452404 6.9360439999999972 0 1 
1 16.594162955452404 9.8911019999999965 -1 0 
1 16.594162955452404 9.8911019999999965 -1 0 
1 11.994164955452405 9.8911019999999965 0 -1 
1 11.994164955452405 9.8911019999999965 0 -1 
1 11.994164955452405 8.863572999999997 -1 0 
1 11.994164955452405 8.863572999999997 -1 0 
1 11.594162955452404 8.863572999999997 0 1 
1 11.594162955452404 8.863572999999997 0 1 
1 11.594162955452404 9.8911019999999965 -1 0 
1 11.594162955452404 9.8911019999999965 -1 0 
1 11.008354955452404 9.8911019999999965 0 1 
1 11.008354955452404 9.8911019999999965 0 1 
1 11.008354955452404 10.541100999999996 1 0 
1 11.008354955452404 10.541100999999996 1 0 
1 11.808357955452408 10.541100999999996 0 -1 
1 11.808357955452408 10.541100999999996 0 -1 
1 11.808357955452408 10.391101999999997 1 0 
1 11.808357955452408 10.391101999999997 1 0 
1 12.508354955452404 10.391101999999997 0 -1 
1 12.508354955452404 10.391101999999997 0 -1 
1 12.508354955452404 10.291100999999996 1 0 
1 12.508354955452404 10.291100999999996 1 0 
1 15.508354955452404 10.291100999999996 0 1 
1 15.508354955452404 10.291100999999996 0 1 
1 15.508354955452404 10.391101999999997 1 0 
1 15.508354955452404 10.391101999999997 1 0 
1 16.144165955452408 10.391101999999997 0 1 
1 16.144165955452408 10.391101999999997 0 1 
1 16.144165955452408 11.091101999999996 1 0 
1 16.144165955452408 11.091101999999996 1 0 
1 16.294167955452409 11.091101999999996 0 1 
1 16.294167955452409 11.091101999999996 0 1 
1 16.294167955452409 12.791100999999996 -1 0 
1 16.294167955452409 12.791100999999996 -1 0 
1 16.144165955452408 12.791100999999996 0 1 
1 16.144165955452408 12.791100999999996 0 1 
1 16.144165955452408 14.391101999999997 1 0 
1 16.144165955452408 14.391101999999997 1 0 
1 16.294167955452409 14.391101999999997 0 1 
1 16.294167955452409 14.391101999999997 0 1 
1 16.294167955452409 15.991101999999996 -1 0 
1 16.294167955452409 15.991101999999996 -1 0 
1 16.144165955452408 15.991101999999996 0 1 
1 16.144165955452408 15.991101999999996 0 1 
1 16.144165955452408 17.591102999999997 1 0 
1 16.144165955452408 17.591102999999997 1 0 
1 16.294167955452409 17.591102999999997 0 1 
1 16.294167955452409 17.591102999999997 0 1 
1 16.294167955452409 19.391101999999997 -1 0 
1 16.294167955452409 19.391101999999997 -1 0 
1 16.144165955452408 19.391101999999997 0 1 
1 16.144165955452408 19.391101999999997 0 1 
1 16.144165955452408 20.991101999999998 1 0 
1 16.144165955452408 20.991101999999998 1 0 
1 16.294167955452409 20.991101999999998 0 1 
1 16.294167955452409 20.991101999999998 0 1 
1 16.294167955452409 22.591102999999997 -1 0 
1 16.294167955452409 22.591102999999997 -1 0 
1 16.144165955452408 22.591102999999997 0 1 
1 16.144165955452408 22.591102999999997 0 1 
1 16.144165955452408 24.191100999999996 1 0 
1 16.144165955452408 24.191100999999996 1 0 
1 16.294167955452409 24.191100999999996 0 1 
1 16.294167955452409 24.191100999999996 0 1 
1 16.294167955452409 25.791100999999998 -1 0 
1 16.294167955452409 25.791100999999998 -1 0 
1 16.194160955452404 25.791100999999998 0 1 
1 16.194160955452404 25.791100999999998 0 1 
1 16.194160955452404 26.491101999999998 -1 0 
1 16.194160955452404 26.491101999999998 -1 0 
1 16.144165955452408 26.491101999999998 0 1 
1 16.144165955452408 26.491101999999998 0 1 
1 16.144165955452408 28.541100999999998 1 0 
1 16.144165955452408 28.541100999999998 1 0 
1 16.994164955452405 28.541100999999998 0 -1 
1 16.994164955452405 28.541100999999998 0 -1 
1 16.994164955452405 16.296777999999996 1 0 
1 16.994164955452405 16.296777999999996 1 0 
1 21.949997955452403 16.296777999999996 0 1 
1 21.949997955452403 16.296777999999996 0 1 
1 21.949997955452403 27.791100999999998 -1 0 
1 21.949997955452403 27.791100999999998 -1 0 
1 16.994164955452405 -15.396777000000004 1 0 
1 16.994164955452405 -15.396777000000004 1 0 
1 21.949997955452403 -15.396777000000004 0 1 
1 21.949997955452403 -15.396777000000004 0 1 
1 21.949997955452403 -13.348389000000003 1 0 
1 21.949997955452403 -13.348389000000003 1 0 
1 22.349998955452406 -13.348389000000003 0 -1 
1 22.349998955452406 -13.348389000000003 0 -1 
1 22.349998955452406 -28.191101000000003 -1 0 
1 22.349998955452406 -28.191101000000003 -1 0 
1 20.250000955452407 -28.191101000000003 0 1 
1 20.250000955452407 -28.191101000000003 0 1 
1 20.250000955452407 -27.791101000000005 1 0 
1 20.250000955452407 -27.791101000000005 1 0 
1 21.949997955452403 -27.791101000000005 0 1 
1 21.949997955452403 -27.791101000000005 0 1 
1 21.949997955452403 -16.296778000000003 -1 0 
1 21.949997955452403 -16.296778000000003 -1 0 
1 16.994164955452405 -16.296778000000003 0 -1 
1 16.994164955452405 -16.296778000000003 0 -1 
1 16.994164955452405 -28.541101000000005 -1 0 
1 16.994164955452405 -28.541101000000005 -1 0 
1 16.144165955452408 -28.541101000000005 0 1 
1 16.144165955452408 -28.541101000000005 0 1 
1 16.144165955452408 -26.491102000000005 1 0 
1 16.144165955452408 -26.491102000000005 1 0 
1 16.194160955452404 -26.491102000000005 0 1 
1 16.194160955452404 -26.491102000000005 0 1 
1 16.194160955452404 -25.791101000000005 1 0 
1 16.194160955452404 -25.791101000000005 1 0 
1 16.294167955452409 -25.791101000000005 0 1 
1 16.294167955452409 -25.791101000000005 0 1 
1 16.294167955452409 -24.191101000000003 -1 0 
1 16.294167955452409 -24.191101000000003 -1 0 
1 16.144165955452408 -24.191101000000003 0 1 
1 16.144165955452408 -24.191101000000003 0 1 
1 16.144165955452408 -22.591103000000004 1 0 
1 16.144165955452408 -22.591103000000004 1 0 
1 16.294167955452409 -22.591103000000004 0 1 
1 16.294167955452409 -22.591103000000004 0 1 
1 16.294167955452409 -20.991102000000005 -1 0 
1 16.294167955452409 -20.991102000000005 -1 0 
1 16.144165955452408 -20.991102000000005 0 1 
1 16.144165955452408 -20.991102000000005 0 1 
1 16.144165955452408 -19.391102000000004 1 0 
1 16.144165955452408 -19.391102000000004 1 0 
1 16.294167955452409 -19.391102000000004 0 1 
1 16.294167955452409 -19.391102000000004 0 1 
1 16.294167955452409 -17.591103000000004 -1 0 
1 16.294167955452409 -17.591103000000004 -1 0 
1 16.144165955452408 -17.591103000000004 0 1 
1 16.144165955452408 -17.591103000000004 0 1 
1 16.144165955452408 -15.991102000000003 1 0 
1 16.144165955452408 -15.991102000000003 1 0 
1 16.294167955452409 -15.991102000000003 0 1 
1 16.294167955452409 -15.991102000000003 0 1 
1 16.294167955452409 -14.391102000000004 -1 0 
1 16.294167955452409 -14.391102000000004 -1 0 
1 16.144165955452408 -14.391102000000004 0 1 
1 16.144165955452408 -14.391102000000004 0 1 
1 16.144165955452408 -12.791101000000003 1 0 
1 16.144165955452408 -12.791101000000003 1 0 
1 16.294167955452409 -12.791101000000003 0 1 
1 16.294167955452409 -12.791101000000003 0 1 
1 16.294167955452409 -11.091102000000003 -1 0 
1 16.294167955452409 -11.091102000000003 -1 0 
1 16.144165955452408 -11.091102000000003 0 1 
1 16.144165955452408 -11.091102000000003 0 1 
1 16.144165955452408 -10.391102000000004 -1 0 
1 16.144165955452408 -10.391102000000004 -1 0 
1 15.508354955452404 -10.391102000000004 0 1 
1 15.508354955452404 -10.391102000000004 0 1 
1 15.508354955452404 -10.291101000000003 -1 0 
1 15.508354955452404 -10.291101000000003 -1 0 
1 12.508354955452404 -10.291101000000003 0 -1 
1 12.508354955452404 -10.291101000000003 0 -1 
1 12.508354955452404 -10.391102000000004 -1 0 
1 12.508354955452404 -10.391102000000004 -1 0 
1 11.808357955452408 -10.391102000000004 0 -1 
1 11.808357955452408 -10.391102000000004 0 -1 
1 11.808357955452408 -10.541101000000003 -1 0 
1 11.808357955452408 -10.541101000000003 -1 0 
1 11.008354955452404 -10.541101000000003 0 1 
1 11.008354955452404 -10.541101000000003 0 1 
1 11.008354955452404 -9.8911020000000036 1 0 
1 11.008354955452404 -9.8911020000000036 1 0 
1 11.594162955452404 -9.8911020000000036 0 1 
1 11.594162955452404 -9.8911020000000036 0 1 
1 11.594162955452404 -8.8635730000000041 1 0 
1 11.594162955452404 -8.8635730000000041 1 0 
1 11.994164955452405 -8.8635730000000041 0 -1 
1 11.994164955452405 -8.8635730000000041 0 -1 
1 11.994164955452405 -9.8911020000000036 1 0 
1 11.994164955452405 -9.8911020000000036 1 0 
1 16.594162955452404 -9.8911020000000036 0 1 
1 16.594162955452404 -9.8911020000000036 0 1 
1 16.594162955452404 -6.9360440000000025 -1 0 
1 16.594162955452404 -6.9360440000000025 -1 0 
1 11.994164955452405 -6.9360440000000025 0 -1 
1 11.994164955452405 -6.9360440000000025 0 -1 
1 11.994164955452405 -7.9635730000000029 -1 0 
1 11.994164955452405 -7.9635730000000029 -1 0 
1 11.594162955452404 -7.9635730000000029 0 1 
1 11.594162955452404 -7.9635730000000029 0 1 
1 11.594162955452404 -6.9360440000000025 -1 0 
1 11.594162955452404 -6.9360440000000025 -1 0 
1 11.008354955452404 -6.9360440000000025 0 1 
1 11.008354955452404 -6.9360440000000025 0 1 
1 11.008354955452404 -6.339381000000003 1 0 
1 11.008354955452404 -6.339381000000003 1 0 
1 16.994164955452405 -6.339381000000003 0 -1 
1 16.994164955452405 -6.339381000000003 0 -1 
1 16.994164955452405 -11.100000000000003 1 0 
1 16.994164955452405 -11.100000000000003 1 0 
1 22.349998955452406 -11.100000000000003 0 -1 
1 22.349998955452406 -11.100000000000003 0 -1 
1 22.349998955452406 -12.448388000000003 -1 0 
1 22.349998955452406 -12.448388000000003 -1 0 
1 21.949997955452403 -12.448388000000003 0 1 
1 21.949997955452403 -12.448388000000003 0 1 
1 21.949997955452403 -11.500000000000004 -1 0 
1 21.949997955452403 -11.500000000000004 -1 0 
1 16.994164955452405 -11.500000000000004 0 -1 
1 16.994164955452405 -11.500000000000004 0 -1 
1 -11.59416104454759 6.9360439999999972 1 0 
1 -11.59416104454759 6.9360439999999972 1 0 
1 -11.00835304454759 6.9360439999999972 0 -1 
1 -11.00835304454759 6.9360439999999972 0 -1 
1 -11.00835304454759 6.3393809999999977 -1 0 
1 -11.00835304454759 6.3393809999999977 -1 0 
1 -16.994163044547591 6.3393809999999977 0 1 
1 -16.994163044547591 6.3393809999999977 0 1 
1 -16.994163044547591 11.099999999999996 -1 0 
1 -16.994163044547591 11.099999999999996 -1 0 
1 -22.349997044547592 11.099999999999996 0 1 
1 -22.349997044547592 11.099999999999996 0 1 
1 -22.349997044547592 12.448387999999996 1 0 
1 -22.349997044547592 12.448387999999996 1 0 
1 -21.950000044547593 12.448387999999996 0 -1 
1 -21.950000044547593 12.448387999999996 0 -1 
1 -21.950000044547593 11.499999999999996 1 0 
1 -21.950000044547593 11.499999999999996 1 0 
1 -16.994163044547591 11.499999999999996 0 1 
1 -16.994163044547591 11.499999999999996 0 1 
1 -16.994163044547591 15.396776999999997 -1 0 
1 -16.994163044547591 15.396776999999997 -1 0 
1 -21.950000044547593 15.396776999999997 0 -1 
1 -21.950000044547593 15.396776999999997 0 -1 
1 -21.950000044547593 13.348388999999996 -1 0 
1 -21.950000044547593 13.348388999999996 -1 0 
1 -22.349997044547592 13.348388999999996 0 1 
1 -22.349997044547592 13.348388999999996 0 1 
1 -22.349997044547592 28.191100999999996 1 0 
1 -22.349997044547592 28.191100999999996 1 0 
1 -20.249999044547593 28.191100999999996 0 -1 
1 -20.249999044547593 28.191100999999996 0 -1 
1 -20.249999044547593 27.791100999999998 -1 0 
1 -20.249999044547593 27.791100999999998 -1 0 
1 -21.950000044547593 27.791100999999998 0 -1 
1 -21.950000044547593 27.791100999999998 0 -1 
1 -21.950000044547593 16.296777999999996 1 0 
1 -21.950000044547593 16.296777999999996 1 0 
1 -16.994163044547591 16.296777999999996 0 1 
1 -16.994163044547591 16.296777999999996 0 1 
1 -16.994163044547591 28.541100999999998 1 0 
1 -16.994163044547591 28.541100999999998 1 0 
1 -16.14416004454759 28.541100999999998 0 -1 
1 -16.14416004454759 28.541100999999998 0 -1 
1 -16.14416004454759 26.491101999999998 -1 0 
1 -16.14416004454759 26.491101999999998 -1 0 
1 -16.194163044547594 26.491101999999998 0 -1 
1 -16.194163044547594 26.491101999999998 0 -1 
1 -16.194163044547594 25.791100999999998 -1 0 
1 -16.194163044547594 25.791100999999998 -1 0 
1 -16.294162044547591 25.791100999999998 0 -1 
1 -16.294162044547591 25.791100999999998 0 -1 
1 -16.294162044547591 24.191100999999996 1 0 
1 -16.294162044547591 24.191100999999996 1 0 
1 -16.14416004454759 24.191100999999996 0 -1 
1 -16.14416004454759 24.191100999999996 0 -1 
1 -16.14416004454759 22.591102999999997 -1 0 
1 -16.14416004454759 22.591102999999997 -1 0 
1 -16.294162044547591 22.591102999999997 0 -1 
1 -16.294162044547591 22.591102999999997 0 -1 
1 -16.294162044547591 20.991101999999998 1 0 
1 -16.294162044547591 20.991101999999998 1 0 
1 -16.14416004454759 20.991101999999998 0 -1 
1 -16.14416004454759 20.991101999999998 0 -1 
1 -16.14416004454759 19.391101999999997 -1 0 
1 -16.14416004454759 19.391101999999997 -1 0 
1 -16.294162044547591 19.391101999999997 0 -1 
1 -16.294162044547591 19.391101999999997 0 -1 
1 -16.294162044547591 17.591102999999997 1 0 
1 -16.294162044547591 17.591102999999997 1 0 
1 -16.14416004454759 17.591102999999997 0 -1 
1 -16.14416004454759 17.591102999999997 0 -1 
1 -16.14416004454759 15.991101999999996 -1 0 
1 -16.14416004454759 15.991101999999996 -1 0 
1 -16.294162044547591 15.991101999999996 0 -1 
1 -16.294162044547591 15.991101999999996 0 -1 
1 -16.294162044547591 14.391101999999997 1 0 
1 -16.294162044547591 14.391101999999997 1 0 
1 -16.14416004454759 14.391101999999997 0 -1 
1 -16.14416004454759 14.391101999999997 0 -1 
1 -16.14416004454759 12.791100999999996 -1 0 
1 -16.14416004454759 12.791100999999996 -1 0 
1 -16.294162044547591 12.791100999999996 0 -1 
1 -16.294162044547591 12.791100999999996 0 -1 
1 -16.294162044547591 11.091101999999996 1 0 
1 -16.294162044547591 11.091101999999996 1 0 
1 -16.14416004454759 11.091101999999996 0 -1 
1 -16.14416004454759 11.091101999999996 0 -1 
1 -16.14416004454759 10.391101999999997 1 0 
1 -16.14416004454759 10.391101999999997 1 0 
1 -15.50835304454759 10.391101999999997 0 -1 
1 -15.50835304454759 10.391101999999997 0 -1 
1 -15.50835304454759 10.291100999999996 1 0 
1 -15.50835304454759 10.291100999999996 1 0 
1 -12.50835304454759 10.291100999999996 0 1 
1 -12.50835304454759 10.291100999999996 0 1 
1 -12.50835304454759 10.391101999999997 1 0 
1 -12.50835304454759 10.391101999999997 1 0 
1 -11.80835204454759 10.391101999999997 0 1 
1 -11.80835204454759 10.391101999999997 0 1 
1 -11.80835204454759 10.541100999999996 1 0 
1 -11.80835204454759 10.541100999999996 1 0 
1 -11.00835304454759 10.541100999999996 0 -1 
1 -11.00835304454759 10.541100999999996 0 -1 
1 -11.00835304454759 9.8911019999999965 -1 0 
1 -11.00835304454759 9.8911019999999965 -1 0 
1 -11.59416104454759 9.8911019999999965 0 -1 
1 -11.59416104454759 9.8911019999999965 0 -1 
1 -11.59416104454759 8.863572999999997 -1 0 
1 -11.59416104454759 8.863572999999997 -1 0 
1 -11.994163044547591 8.863572999999997 0 1 
1 -11.994163044547591 8.863572999999997 0 1 
1 -11.994163044547591 9.8911019999999965 -1 0 
1 -11.994163044547591 9.8911019999999965 -1 0 
1 -16.59416104454759 9.8911019999999965 0 -1 
1 -16.59416104454759 9.8911019999999965 0 -1 
1 -16.59416104454759 6.9360439999999972 1 0 
1 -16.59416104454759 6.9360439999999972 1 0 
1 -11.994163044547591 6.9360439999999972 0 1 
1 -11.994163044547591 6.9360439999999972 0 1 
1 -11.994163044547591 7.9635729999999976 1 0 
1 -11.994163044547591 7.9635729999999976 1 0 
1 -11.59416104454759 7.9635729999999976 0 -1 
1 -11.59416104454759 7.9635729999999976 0 -1 
1 -22.349997044547592 -11.100000000000003 1 0 
1 -22.349997044547592 -11.100000000000003 1 0 
1 -16.994163044547591 -11.100000000000003 0 1 
1 -16.994163044547591 -11.100000000000003 0 1 
1 -16.994163044547591 -6.339381000000003 1 0 
1 -16.994163044547591 -6.339381000000003 1 0 
1 -11.00835304454759 -6.339381000000003 0 -1 
1 -11.00835304454759 -6.339381000000003 0 -1 
1 -11.00835304454759 -6.9360440000000025 -1 0 
1 -11.00835304454759 -6.9360440000000025 -1 0 
1 -11.59416104454759 -6.9360440000000025 0 -1 
1 -11.59416104454759 -6.9360440000000025 0 -1 
1 -11.59416104454759 -7.9635730000000029 -1 0 
1 -11.59416104454759 -7.9635730000000029 -1 0 
1 -11.994163044547591 -7.9635730000000029 0 1 
1 -11.994163044547591 -7.9635730000000029 0 1 
1 -11.994163044547591 -6.9360440000000025 -1 0 
1 -11.994163044547591 -6.9360440000000025 -1 0 
1 -16.59416104454759 -6.9360440000000025 0 -1 
1 -16.59416104454759 -6.9360440000000025 0 -1 
1 -16.59416104454759 -9.8911020000000036 1 0 
1 -16.59416104454759 -9.8911020000000036 1 0 
1 -11.994163044547591 -9.8911020000000036 0 1 
1 -11.994163044547591 -9.8911020000000036 0 1 
1 -11.994163044547591 -8.8635730000000041 1 0 
1 -11.994163044547591 -8.8635730000000041 1 0 
1 -11.59416104454759 -8.8635730000000041 0 -1 
1 -11.59416104454759 -8.8635730000000041 0 -1 
1 -11.59416104454759 -9.8911020000000036 1 0 
1 -11.59416104454759 -9.8911020000000036 1 0 
1 -11.00835304454759 -9.8911020000000036 0 -1 
1 -11.00835304454759 -9.8911020000000036 0 -1 
1 -11.00835304454759 -10.541101000000003 -1 0 
1 -11.00835304454759 -10.541101000000003 -1 0 
1 -11.80835204454759 -10.541101000000003 0 1 
1 -11.80835204454759 -10.541101000000003 0 1 
1 -11.80835204454759 -10.391102000000004 -1 0 
1 -11.80835204454759 -10.391102000000004 -1 0 
1 -12.50835304454759 -10.391102000000004 0 1 
1 -12.50835304454759 -10.391102000000004 0 1 
1 -12.50835304454759 -10.291101000000003 -1 0 
1 -12.50835304454759 -10.291101000000003 -1 0 
1 -15.50835304454759 -10.291101000000003 0 -1 
1 -15.50835304454759 -10.291101000000003 0 -1 
1 -15.50835304454759 -10.391102000000004 -1 0 
1 -15.50835304454759 -10.391102000000004 -1 0 
1 -16.14416004454759 -10.391102000000004 0 -1 
1 -16.14416004454759 -10.391102000000004 0 -1 
1 -16.14416004454759 -11.091102000000003 -1 0 
1 -16.14416004454759 -11.091102000000003 -1 0 
1 -16.294162044547591 -11.091102000000003 0 -1 
1 -16.294162044547591 -11.091102000000003 0 -1 
1 -16.294162044547591 -12.791101000000003 1 0 
1 -16.294162044547591 -12.791101000000003 1 0 
1 -16.14416004454759 -12.791101000000003 0 -1 
1 -16.14416004454759 -12.791101000000003 0 -1 
1 -16.14416004454759 -14.391102000000004 -1 0 
1 -16.14416004454759 -14.391102000000004 -1 0 
1 -16.294162044547591 -14.391102000000004 0 -1 
1 -16.294162044547591 -14.391102000000004 0 -1 
1 -16.294162044547591 -15.991102000000003 1 0 
1 -16.294162044547591 -15.991102000000003 1 0 
1 -16.14416004454759 -15.991102000000003 0 -1 
1 -16.14416004454759 -15.991102000000003 0 -1 
1 -16.14416004454759 -17.591103000000004 -1 0 
1 -16.14416004454759 -17.591103000000004 -1 0 
1 -16.294162044547591 -17.591103000000004 0 -1 
1 -16.294162044547591 -17.591103000000004 0 -1 
1 -16.294162044547591 -19.391102000000004 1 0 
1 -16.294162044547591 -19.391102000000004 1 0 
1 -16.14416004454759 -19.391102000000004 0 -1 
1 -16.14416004454759 -19.391102000000004 0 -1 
1 -16.14416004454759 -20.991102000000005 -1 0 
1 -16.14416004454759 -20.991102000000005 -1 0 
1 -16.294162044547591 -20.991102000000005 0 -1 
1 -16.294162044547591 -20.991102000000005 0 -1 
1 -16.294162044547591 -22.591103000000004 1 0 
1 -16.294162044547591 -22.591103000000004 1 0 
1 -16.14416004454759 -22.591103000000004 0 -1 
1 -16.14416004454759 -22.591103000000004 0 -1 
1 -16.14416004454759 -24.191101000000003 -1 0 
1 -16.14416004454759 -24.191101000000003 -1 0 
1 -16.294162044547591 -24.191101000000003 0 -1 
1 -16.294162044547591 -24.191101000000003 0 -1 
1 -16.294162044547591 -25.791101000000005 1 0 
1 -16.294162044547591 -25.791101000000005 1 0 
1 -16.194163044547594 -25.791101000000005 0 -1 
1 -16.194163044547594 -25.791101000000005 0 -1 
1 -16.194163044547594 -26.491102000000005 1 0 
1 -16.194163044547594 -26.491102000000005 1 0 
1 -16.14416004454759 -26.491102000000005 0 -1 
1 -16.14416004454759 -26.491102000000005 0 -1 
1 -16.14416004454759 -28.541101000000005 -1 0 
1 -16.14416004454759 -28.541101000000005 -1 0 
1 -16.994163044547591 -28.541101000000005 0 1 
1 -16.994163044547591 -28.541101000000005 0 1 
1 -16.994163044547591 -16.296778000000003 -1 0 
1 -16.994163044547591 -16.296778000000003 -1 0 
1 -21.950000044547593 -16.296778000000003 0 -1 
1 -21.950000044547593 -16.296778000000003 0 -1 
1 -21.950000044547593 -27.791101000000005 1 0 
1 -21.950000044547593 -27.791101000000005 1 0 
1 -20.249999044547593 -27.791101000000005 0 -1 
1 -20.249999044547593 -27.791101000000005 0 -1 
1 -20.249999044547593 -28.191101000000003 -1 0 
1 -20.249999044547593 -28.191101000000003 -1 0 
1 -22.349997044547592 -28.191101000000003 0 1 
1 -22.349997044547592 -28.191101000000003 0 1 
1 -22.349997044547592 -13.348389000000003 1 0 
1 -22.349997044547592 -13.348389000000003 1 0 
1 -21.950000044547593 -13.348389000000003 0 -1 
1 -21.950000044547593 -13.348389000000003 0 -1 
1 -21.950000044547593 -15.396777000000004 1 0 
1 -21.950000044547593 -15.396777000000004 1 0 
1 -16.994163044547591 -15.396777000000004 0 1 
1 -16.994163044547591 -15.396777000000004 0 1 
1 -16.994163044547591 -11.500000000000004 -1 0 
1 -16.994163044547591 -11.500000000000004 -1 0 
1 -21.950000044547593 -11.500000000000004 0 -1 
1 -21.950000044547593 -11.500000000000004 0 -1 
1 -21.950000044547593 -12.448388000000003 -1 0 
1 -21.950000044547593 -12.448388000000003 -1 0 
1 -22.349997044547592 -12.448388000000003 0 1 
1 -22.349997044547592 -12.448388000000003 0 1 
1 3.7225469554524082 6.9360439999999972 1 0 
1 3.7225469554524082 6.9360439999999972 1 0 
1 8.1225439554524002 6.9360439999999972 0 1 
1 8.1225439554524002 6.9360439999999972 0 1 
1 8.1225439554524002 7.9635729999999976 1 0 
1 8.1225439554524002 7.9635729999999976 1 0 
1 8.5225459554524008 7.9635729999999976 0 -1 
1 8.5225459554524008 7.9635729999999976 0 -1 
1 8.5225459554524008 6.9360439999999972 1 0 
1 8.5225459554524008 6.9360439999999972 1 0 
1 9.0083549554524041 6.9360439999999972 0 -1 
1 9.0083549554524041 6.9360439999999972 0 -1 
1 9.0083549554524041 6.3393809999999977 -1 0 
1 9.0083549554524041 6.3393809999999977 -1 0 
1 3.0225459554524079 6.3393809999999977 0 1 
1 3.0225459554524079 6.3393809999999977 0 1 
1 3.0225459554524079 9.9393809999999956 -1 0 
1 3.0225459554524079 9.9393809999999956 -1 0 
1 1.9500019554524073 9.9393809999999956 0 1 
1 1.9500019554524073 9.9393809999999956 0 1 
1 1.9500019554524073 10.391101999999997 1 0 
1 1.9500019554524073 10.391101999999997 1 0 
1 3.0225459554524079 10.391101999999997 0 1 
1 3.0225459554524079 10.391101999999997 0 1 
1 3.0225459554524079 12.891101999999997 -1 0 
1 3.0225459554524079 12.891101999999997 -1 0 
1 -3.022544044547594 12.891101999999997 0 -1 
1 -3.022544044547594 12.891101999999997 0 -1 
1 -3.022544044547594 10.391101999999997 1 0 
1 -3.022544044547594 10.391101999999997 1 0 
1 -1.9500000445475933 10.391101999999997 0 -1 
1 -1.9500000445475933 10.391101999999997 0 -1 
1 -1.9500000445475933 9.9393809999999956 -1 0 
1 -1.9500000445475933 9.9393809999999956 -1 0 
1 -3.022544044547594 9.9393809999999956 0 -1 
1 -3.022544044547594 9.9393809999999956 0 -1 
1 -3.022544044547594 6.3393809999999977 -1 0 
1 -3.022544044547594 6.3393809999999977 -1 0 
1 -9.0083530445475901 6.3393809999999977 0 1 
1 -9.0083530445475901 6.3393809999999977 0 1 
1 -9.0083530445475901 6.9360439999999972 1 0 
1 -9.0083530445475901 6.9360439999999972 1 0 
1 -8.522544044547594 6.9360439999999972 0 1 
1 -8.522544044547594 6.9360439999999972 0 1 
1 -8.522544044547594 7.9635729999999976 1 0 
1 -8.522544044547594 7.9635729999999976 1 0 
1 -8.1225460445475903 7.9635729999999976 0 -1 
1 -8.1225460445475903 7.9635729999999976 0 -1 
1 -8.1225460445475903 6.9360439999999972 1 0 
1 -8.1225460445475903 6.9360439999999972 1 0 
1 -3.7225450445475943 6.9360439999999972 0 1 
1 -3.7225450445475943 6.9360439999999972 0 1 
1 -3.7225450445475943 9.8911019999999965 -1 0 
1 -3.7225450445475943 9.8911019999999965 -1 0 
1 -8.1225460445475903 9.8911019999999965 0 -1 
1 -8.1225460445475903 9.8911019999999965 0 -1 
1 -8.1225460445475903 8.863572999999997 -1 0 
1 -8.1225460445475903 8.863572999999997 -1 0 
1 -8.522544044547594 8.863572999999997 0 1 
1 -8.522544044547594 8.863572999999997 0 1 
1 -8.522544044547594 9.8911019999999965 -1 0 
1 -8.522544044547594 9.8911019999999965 -1 0 
1 -9.0083530445475901 9.8911019999999965 0 1 
1 -9.0083530445475901 9.8911019999999965 0 1 
1 -9.0083530445475901 10.541100999999996 1 0 
1 -9.0083530445475901 10.541100999999996 1 0 
1 -8.2083540445475904 10.541100999999996 0 -1 
1 -8.2083540445475904 10.541100999999996 0 -1 
1 -8.2083540445475904 10.391101999999997 1 0 
1 -8.2083540445475904 10.391101999999997 1 0 
1 -7.5083530445475901 10.391101999999997 0 -1 
1 -7.5083530445475901 10.391101999999997 0 -1 
1 -7.5083530445475901 10.291100999999996 1 0 
1 -7.5083530445475901 10.291100999999996 1 0 
1 -4.5083530445475901 10.291100999999996 0 1 
1 -4.5083530445475901 10.291100999999996 0 1 
1 -4.5083530445475901 10.391101999999997 1 0 
1 -4.5083530445475901 10.391101999999997 1 0 
1 -3.8725460445475903 10.391101999999997 0 1 
1 -3.8725460445475903 10.391101999999997 0 1 
1 -3.8725460445475903 11.091101999999996 1 0 
1 -3.8725460445475903 11.091101999999996 1 0 
1 -3.7225450445475943 11.091101999999996 0 1 
1 -3.7225450445475943 11.091101999999996 0 1 
1 -3.7225450445475943 12.791100999999996 -1 0 
1 -3.7225450445475943 12.791100999999996 -1 0 
1 -3.8725460445475903 12.791100999999996 0 1 
1 -3.8725460445475903 12.791100999999996 0 1 
1 -3.8725460445475903 14.391101999999997 1 0 
1 -3.8725460445475903 14.391101999999997 1 0 
1 -3.7225450445475943 14.391101999999997 0 1 
1 -3.7225450445475943 14.391101999999997 0 1 
1 -3.7225450445475943 15.991101999999996 -1 0 
1 -3.7225450445475943 15.991101999999996 -1 0 
1 -3.8725460445475903 15.991101999999996 0 1 
1 -3.8725460445475903 15.991101999999996 0 1 
1 -3.8725460445475903 17.591102999999997 1 0 
1 -3.8725460445475903 17.591102999999997 1 0 
1 -3.7225450445475943 17.591102999999997 0 1 
1 -3.7225450445475943 17.591102999999997 0 1 
1 -3.7225450445475943 19.391101999999997 -1 0 
1 -3.7225450445475943 19.391101999999997 -1 0 
1 -3.8725460445475903 19.391101999999997 0 1 
1 -3.8725460445475903 19.391101999999997 0 1 
1 -3.8725460445475903 20.991101999999998 1 0 
1 -3.8725460445475903 20.991101999999998 1 0 
1 -3.7225450445475943 20.991101999999998 0 1 
1 -3.7225450445475943 20.991101999999998 0 1 
1 -3.7225450445475943 21.417373999999995 1 0 
1 -3.7225450445475943 21.417373999999995 1 0 
1 -3.022544044547594 21.417373999999995 0 -1 
1 -3.022544044547594 21.417373999999995 0 -1 
1 -3.022544044547594 13.491101999999996 1 0 
1 -3.022544044547594 13.491101999999996 1 0 
1 3.0225459554524079 13.491101999999996 0 1 
1 3.0225459554524079 13.491101999999996 0 1 
1 3.0225459554524079 21.417373999999995 1 0 
1 3.0225459554524079 21.417373999999995 1 0 
1 3.7225469554524082 21.417373999999995 0 -1 
1 3.7225469554524082 21.417373999999995 0 -1 
1 3.7225469554524082 20.991101999999998 1 0 
1 3.7225469554524082 20.991101999999998 1 0 
1 3.8725479554524043 20.991101999999998 0 -1 
1 3.8725479554524043 20.991101999999998 0 -1 
1 3.8725479554524043 19.391101999999997 -1 0 
1 3.8725479554524043 19.391101999999997 -1 0 
1 3.7225469554524082 19.391101999999997 0 -1 
1 3.7225469554524082 19.391101999999997 0 -1 
1 3.7225469554524082 17.591102999999997 1 0 
1 3.7225469554524082 17.591102999999997 1 0 
1 3.8725479554524043 17.591102999999997 0 -1 
1 3.8725479554524043 17.591102999999997 0 -1 
1 3.8725479554524043 15.991101999999996 -1 0 
1 3.8725479554524043 15.991101999999996 -1 0 
1 3.7225469554524082 15.991101999999996 0 -1 
1 3.7225469554524082 15.991101999999996 0 -1 
1 3.7225469554524082 14.391101999999997 1 0 
1 3.7225469554524082 14.391101999999997 1 0 
1 3.8725479554524043 14.391101999999997 0 -1 
1 3.8725479554524043 14.391101999999997 0 -1 
1 3.8725479554524043 12.791100999999996 -1 0 
1 3.8725479554524043 12.791100999999996 -1 0 
1 3.7225469554524082 12.791100999999996 0 -1 
1 3.7225469554524082 12.791100999999996 0 -1 
1 3.7225469554524082 11.091101999999996 1 0 
1 3.7225469554524082 11.091101999999996 1 0 
1 3.8725479554524043 11.091101999999996 0 -1 
1 3.8725479554524043 11.091101999999996 0 -1 
1 3.8725479554524043 10.391101999999997 1 0 
1 3.8725479554524043 10.391101999999997 1 0 
1 4.5083549554524041 10.391101999999997 0 -1 
1 4.5083549554524041 10.391101999999997 0 -1 
1 4.5083549554524041 10.291100999999996 1 0 
1 4.5083549554524041 10.291100999999996 1 0 
1 7.5083549554524041 10.291100999999996 0 1 
1 7.5083549554524041 10.291100999999996 0 1 
1 7.5083549554524041 10.391101999999997 1 0 
1 7.5083549554524041 10.391101999999997 1 0 
1 8.2083519554524003 10.391101999999997 0 1 
1 8.2083519554524003 10.391101999999997 0 1 
1 8.2083519554524003 10.541100999999996 1 0 
1 8.2083519554524003 10.541100999999996 1 0 
1 9.0083549554524041 10.541100999999996 0 -1 
1 9.0083549554524041 10.541100999999996 0 -1 
1 9.0083549554524041 9.8911019999999965 -1 0 
1 9.0083549554524041 9.8911019999999965 -1 0 
1 8.5225459554524008 9.8911019999999965 0 -1 
1 8.5225459554524008 9.8911019999999965 0 -1 
1 8.5225459554524008 8.863572999999997 -1 0 
1 8.5225459554524008 8.863572999999997 -1 0 
1 8.1225439554524002 8.863572999999997 0 1 
1 8.1225439554524002 8.863572999999997 0 1 
1 8.1225439554524002 9.8911019999999965 -1 0 
1 8.1225439554524002 9.8911019999999965 -1 0 
1 3.7225469554524082 9.8911019999999965 0 -1 
1 3.7225469554524082 9.8911019999999965 0 -1 
1 8.5225459554524008 -7.9635730000000029 -1 0 
1 8.5225459554524008 -7.9635730000000029 -1 0 
1 8.1225439554524002 -7.9635730000000029 0 1 
1 8.1225439554524002 -7.9635730000000029 0 1 
1 8.1225439554524002 -6.9360440000000025 -1 0 
1 8.1225439554524002 -6.9360440000000025 -1 0 
1 3.7225469554524082 -6.9360440000000025 0 -1 
1 3.7225469554524082 -6.9360440000000025 0 -1 
1 3.7225469554524082 -9.8911020000000036 1 0 
1 3.7225469554524082 -9.8911020000000036 1 0 
1 8.1225439554524002 -9.8911020000000036 0 1 
1 8.1225439554524002 -9.8911020000000036 0 1 
1 8.1225439554524002 -8.8635730000000041 1 0 
1 8.1225439554524002 -8.8635730000000041 1 0 
1 8.5225459554524008 -8.8635730000000041 0 -1 
1 8.5225459554524008 -8.8635730000000041 0 -1 
1 8.5225459554524008 -9.8911020000000036 1 0 
1 8.5225459554524008 -9.8911020000000036 1 0 
1 9.0083549554524041 -9.8911020000000036 0 -1 
1 9.0083549554524041 -9.8911020000000036 0 -1 
1 9.0083549554524041 -10.541101000000003 -1 0 
1 9.0083549554524041 -10.541101000000003 -1 0 
1 8.2083519554524003 -10.541101000000003 0 1 
1 8.2083519554524003 -10.541101000000003 0 1 
1 8.2083519554524003 -10.391102000000004 -1 0 
1 8.2083519554524003 -10.391102000000004 -1 0 
1 7.5083549554524041 -10.391102000000004 0 1 
1 7.5083549554524041 -10.391102000000004 0 1 
1 7.5083549554524041 -10.291101000000003 -1 0 
1 7.5083549554524041 -10.291101000000003 -1 0 
1 4.5083549554524041 -10.291101000000003 0 -1 
1 4.5083549554524041 -10.291101000000003 0 -1 
1 4.5083549554524041 -10.391102000000004 -1 0 
1 4.5083549554524041 -10.391102000000004 -1 0 
1 3.8725479554524043 -10.391102000000004 0 -1 
1 3.8725479554524043 -10.391102000000004 0 -1 
1 3.8725479554524043 -11.091102000000003 -1 0 
1 3.8725479554524043 -11.091102000000003 -1 0 
1 3.7225469554524082 -11.091102000000003 0 -1 
1 3.7225469554524082 -11.091102000000003 0 -1 
1 3.7225469554524082 -12.791101000000003 1 0 
1 3.7225469554524082 -12.791101000000003 1 0 
1 3.8725479554524043 -12.791101000000003 0 -1 
1 3.8725479554524043 -12.791101000000003 0 -1 
1 3.8725479554524043 -14.391102000000004 -1 0 
1 3.8725479554524043 -14.391102000000004 -1 0 
1 3.7225469554524082 -14.391102000000004 0 -1 
1 3.7225469554524082 -14.391102000000004 0 -1 
1 3.7225469554524082 -15.991102000000003 1 0 
1 3.7225469554524082 -15.991102000000003 1 0 
1 3.8725479554524043 -15.991102000000003 0 -1 
1 3.8725479554524043 -15.991102000000003 0 -1 
1 3.8725479554524043 -17.591103000000004 -1 0 
1 3.8725479554524043 -17.591103000000004 -1 0 
1 3.7225469554524082 -17.591103000000004 0 -1 
1 3.7225469554524082 -17.591103000000004 0 -1 
1 3.7225469554524082 -19.391102000000004 1 0 
1 3.7225469554524082 -19.391102000000004 1 0 
1 3.8725479554524043 -19.391102000000004 0 -1 
1 3.8725479554524043 -19.391102000000004 0 -1 
1 3.8725479554524043 -20.991102000000005 -1 0 
1 3.8725479554524043 -20.991102000000005 -1 0 
1 3.7225469554524082 -20.991102000000005 0 -1 
1 3.7225469554524082 -20.991102000000005 0 -1 
1 3.7225469554524082 -21.417374000000002 -1 0 
1 3.7225469554524082 -21.417374000000002 -1 0 
1 3.0225459554524079 -21.417374000000002 0 1 
1 3.0225459554524079 -21.417374000000002 0 1 
1 3.0225459554524079 -13.491102000000003 -1 0 
1 3.0225459554524079 -13.491102000000003 -1 0 
1 -3.022544044547594 -13.491102000000003 0 -1 
1 -3.022544044547594 -13.491102000000003 0 -1 
1 -3.022544044547594 -21.417374000000002 -1 0 
1 -3.022544044547594 -21.417374000000002 -1 0 
1 -3.7225450445475943 -21.417374000000002 0 1 
1 -3.7225450445475943 -21.417374000000002 0 1 
1 -3.7225450445475943 -20.991102000000005 -1 0 
1 -3.7225450445475943 -20.991102000000005 -1 0 
1 -3.8725460445475903 -20.991102000000005 0 1 
1 -3.8725460445475903 -20.991102000000005 0 1 
1 -3.8725460445475903 -19.391102000000004 1 0 
1 -3.8725460445475903 -19.391102000000004 1 0 
1 -3.7225450445475943 -19.391102000000004 0 1 
1 -3.7225450445475943 -19.391102000000004 0 1 
1 -3.7225450445475943 -17.591103000000004 -1 0 
1 -3.7225450445475943 -17.591103000000004 -1 0 
1 -3.8725460445475903 -17.591103000000004 0 1 
1 -3.8725460445475903 -17.591103000000004 0 1 
1 -3.8725460445475903 -15.991102000000003 1 0 
1 -3.8725460445475903 -15.991102000000003 1 0 
1 -3.7225450445475943 -15.991102000000003 0 1 
1 -3.7225450445475943 -15.991102000000003 0 1 
1 -3.7225450445475943 -14.391102000000004 -1 0 
1 -3.7225450445475943 -14.391102000000004 -1 0 
1 -3.8725460445475903 -14.391102000000004 0 1 
1 -3.8725460445475903 -14.391102000000004 0 1 
1 -3.8725460445475903 -12.791101000000003 1 0 
1 -3.8725460445475903 -12.791101000000003 1 0 
1 -3.7225450445475943 -12.791101000000003 0 1 
1 -3.7225450445475943 -12.791101000000003 0 1 
1 -3.7225450445475943 -11.091102000000003 -1 0 
1 -3.7225450445475943 -11.091102000000003 -1 0 
1 -3.8725460445475903 -11.091102000000003 0 1 
1 -3.8725460445475903 -11.091102000000003 0 1 
1 -3.8725460445475903 -10.391102000000004 -1 0 
1 -3.8725460445475903 -10.391102000000004 -1 0 
1 -4.5083530445475901 -10.391102000000004 0 1 
1 -4.5083530445475901 -10.391102000000004 0 1 
1 -4.5083530445475901 -10.291101000000003 -1 0 
1 -4.5083530445475901 -10.291101000000003 -1 0 
1 -7.5083530445475901 -10.291101000000003 0 -1 
1 -7.5083530445475901 -10.291101000000003 0 -1 
1 -7.5083530445475901 -10.391102000000004 -1 0 
1 -7.5083530445475901 -10.391102000000004 -1 0 
1 -8.2083540445475904 -10.391102000000004 0 -1 
1 -8.2083540445475904 -10.391102000000004 0 -1 
1 -8.2083540445475904 -10.541101000000003 -1 0 
1 -8.2083540445475904 -10.541101000000003 -1 0 
1 -9.0083530445475901 -10.541101000000003 0 1 
1 -9.0083530445475901 -10.541101000000003 0 1 
1 -9.0083530445475901 -9.8911020000000036 1 0 
1 -9.0083530445475901 -9.8911020000000036 1 0 
1 -8.522544044547594 -9.8911020000000036 0 1 
1 -8.522544044547594 -9.8911020000000036 0 1 
1 -8.522544044547594 -8.8635730000000041 1 0 
1 -8.522544044547594 -8.8635730000000041 1 0 
1 -8.1225460445475903 -8.8635730000000041 0 -1 
1 -8.1225460445475903 -8.8635730000000041 0 -1 
1 -8.1225460445475903 -9.8911020000000036 1 0 
1 -8.1225460445475903 -9.8911020000000036 1 0 
1 -3.7225450445475943 -9.8911020000000036 0 1 
1 -3.7225450445475943 -9.8911020000000036 0 1 
1 -3.7225450445475943 -6.9360440000000025 -1 0 
1 -3.7225450445475943 -6.9360440000000025 -1 0 
1 -8.1225460445475903 -6.9360440000000025 0 -1 
1 -8.1225460445475903 -6.9360440000000025 0 -1 
1 -8.1225460445475903 -7.9635730000000029 -1 0 
1 -8.1225460445475903 -7.9635730000000029 -1 0 
1 -8.522544044547594 -7.9635730000000029 0 1 
1 -8.522544044547594 -7.9635730000000029 0 1 
1 -8.522544044547594 -6.9360440000000025 -1 0 
1 -8.522544044547594 -6.9360440000000025 -1 0 
1 -9.0083530445475901 -6.9360440000000025 0 1 
1 -9.0083530445475901 -6.9360440000000025 0 1 
1 -9.0083530445475901 -6.339381000000003 1 0 
1 -9.0083530445475901 -6.339381000000003 1 0 
1 -3.022544044547594 -6.339381000000003 0 -1 
1 -3.022544044547594 -6.339381000000003 0 -1 
1 -3.022544044547594 -9.9393810000000027 1 0 
1 -3.022544044547594 -9.9393810000000027 1 0 
1 -1.9500000445475933 -9.9393810000000027 0 -1 
1 -1.9500000445475933 -9.9393810000000027 0 -1 
1 -1.9500000445475933 -10.391102000000004 -1 0 
1 -1.9500000445475933 -10.391102000000004 -1 0 
1 -3.022544044547594 -10.391102000000004 0 -1 
1 -3.022544044547594 -10.391102000000004 0 -1 
1 -3.022544044547594 -12.891102000000004 1 0 
1 -3.022544044547594 -12.891102000000004 1 0 
1 3.0225459554524079 -12.891102000000004 0 1 
1 3.0225459554524079 -12.891102000000004 0 1 
1 3.0225459554524079 -10.391102000000004 -1 0 
1 3.0225459554524079 -10.391102000000004 -1 0 
1 1.9500019554524073 -10.391102000000004 0 1 
1 1.9500019554524073 -10.391102000000004 0 1 
1 1.9500019554524073 -9.9393810000000027 1 0 
1 1.9500019554524073 -9.9393810000000027 1 0 
1 3.0225459554524079 -9.9393810000000027 0 1 
1 3.0225459554524079 -9.9393810000000027 0 1 
1 3.0225459554524079 -6.339381000000003 1 0 
1 3.0225459554524079 -6.339381000000003 1 0 
1 9.0083549554524041 -6.339381000000003 0 -1 
1 9.0083549554524041 -6.339381000000003 0 -1 
1 9.0083549554524041 -6.9360440000000025 -1 0 
1 9.0083549554524041 -6.9360440000000025 -1 0 
1 8.5225459554524008 -6.9360440000000025 0 -1 
1 8.5225459554524008 -6.9360440000000025 0 -1 
Curves 1064
1 78.550003000000004 31.791101000000001 0 0 -1 0 
1 78.550003000000004 31.391102 0 -1 0 0 
1 78.150002000000001 31.391102 0 0 1 0 
1 78.150002000000001 31.791101000000001 0 -1 0 0 
1 74.650002000000001 31.791101000000001 0 0 1 0 
1 74.650002000000001 32.291103 0 1 0 0 
1 81.449996999999996 32.291103 0 0 1 0 
1 81.449996999999996 36.891101999999997 0 -1 0 0 
1 76.550003000000004 36.891101999999997 0 0 1 0 
1 76.550003000000004 37.291103 0 1 0 0 
1 81.449996999999996 37.291103 0 0 1 0 
1 81.449996999999996 42.091102999999997 0 -1 0 0 
1 71.650002000000001 42.091102999999997 0 0 -1 0 
1 71.650002000000001 38.841102999999997 0 -1 0 0 
1 71.25 38.841102999999997 0 0 1 0 
1 71.25 42.091102999999997 0 -1 0 0 
1 69.75 42.091102999999997 0 0 -1 0 
1 69.75 39.891101999999997 0 1 0 0 
1 70.349997999999999 39.891101999999997 0 0 -1 0 
1 70.349997999999999 39.491100000000003 0 -1 0 0 
1 69.75 39.491100000000003 0 0 -1 0 
1 69.75 37.291103 0 1 0 0 
1 71.25 37.291103 0 0 1 0 
1 71.25 37.941101000000003 0 1 0 0 
1 71.650002000000001 37.941101000000003 0 0 -1 0 
1 71.650002000000001 37.291103 0 1 0 0 
1 75.650002000000001 37.291103 0 0 -1 0 
1 75.650002000000001 36.891101999999997 0 -1 0 0 
1 73.349997999999999 36.891101999999997 0 0 -1 0 
1 73.349997999999999 36.591102999999997 0 -1 0 0 
1 72.949996999999996 36.591102999999997 0 0 1 0 
1 72.949996999999996 36.891101999999997 0 -1 0 0 
1 71.150002000000001 36.891101999999997 0 0 -1 0 
1 71.150002000000001 36.591102999999997 0 -1 0 0 
1 70.75 36.591102999999997 0 0 1 0 
1 70.75 36.891101999999997 0 -1 0 0 
1 69.349997999999999 36.891101999999997 0 0 1 0 
1 69.349997999999999 42.091102999999997 0 -1 0 0 
1 66.75 42.091102999999997 0 0 -1 0 
1 66.75 37.291103 0 1 0 0 
1 68.449996999999996 37.291103 0 0 -1 0 
1 68.449996999999996 36.891101999999997 0 -1 0 0 
1 66.349997999999999 36.891101999999997 0 0 1 0 
1 66.349997999999999 42.091102999999997 0 -1 0 0 
1 63.75 42.091102999999997 0 0 -1 0 
1 63.75 37.291103 0 1 0 0 
1 65.449996999999996 37.291103 0 0 -1 0 
1 65.449996999999996 36.891101999999997 0 -1 0 0 
1 63.75 36.891101999999997 0 0 -1 0 
1 63.75 36.591102999999997 0 -1 0 0 
1 63.349997999999999 36.591102999999997 0 0 1 0 
1 63.349997999999999 42.091102999999997 0 -1 0 0 
1 60.349997999999999 42.091102999999997 0 0 -1 0 
1 60.349997999999999 35.391101999999997 0 1 0 0 
1 63.349997999999999 35.391101999999997 0 0 1 0 
1 63.349997999999999 35.691101000000003 0 1 0 0 
1 63.75 35.691101000000003 0 0 -1 0 
1 63.75 35.391101999999997 0 1 0 0 
1 64.550003000000004 35.391101999999997 0 0 -1 0 
1 64.550003000000004 34.791103 0 -1 0 0 
1 64.150002000000001 34.791103 0 0 1 0 
1 64.150002000000001 34.991100000000003 0 -1 0 0 
1 60.349997999999999 34.991100000000003 0 0 -1 0 
1 60.349997999999999 32.291103 0 1 0 0 
1 64.150002000000001 32.291103 0 0 1 0 
1 64.150002000000001 33.891101999999997 0 1 0 0 
1 64.550003000000004 33.891101999999997 0 0 -1 0 
1 64.550003000000004 32.291103 0 1 0 0 
1 66.849997999999999 32.291103 0 0 -1 0 
1 66.849997999999999 31.791101000000001 0 -1 0 0 
1 53.150002000000001 31.791101000000001 0 0 1 0 
1 53.150002000000001 32.291103 0 1 0 0 
1 55.450001 32.291103 0 0 1 0 
1 55.450001 33.891101999999997 0 1 0 0 
1 55.849997999999999 33.891101999999997 0 0 -1 0 
1 55.849997999999999 32.291103 0 1 0 0 
1 59.650002000000001 32.291103 0 0 1 0 
1 59.650002000000001 34.991100000000003 0 -1 0 0 
1 55.849997999999999 34.991100000000003 0 0 -1 0 
1 55.849997999999999 34.791103 0 -1 0 0 
1 55.450001 34.791103 0 0 1 0 
1 55.450001 35.391101999999997 0 1 0 0 
1 56.25 35.391101999999997 0 0 1 0 
1 56.25 35.691101000000003 0 1 0 0 
1 56.650002000000001 35.691101000000003 0 0 -1 0 
1 56.650002000000001 35.391101999999997 0 1 0 0 
1 59.650002000000001 35.391101999999997 0 0 1 0 
1 59.650002000000001 42.091102999999997 0 -1 0 0 
1 56.650002000000001 42.091102999999997 0 0 -1 0 
1 56.650002000000001 36.591102999999997 0 -1 0 0 
1 56.25 36.591102999999997 0 0 1 0 
1 56.25 36.891101999999997 0 -1 0 0 
1 54.549999 36.891101999999997 0 0 1 0 
1 54.549999 37.291103 0 1 0 0 
1 56.25 37.291103 0 0 1 0 
1 56.25 42.091102999999997 0 -1 0 0 
1 53.650002000000001 42.091102999999997 0 0 -1 0 
1 53.650002000000001 36.891101999999997 0 -1 0 0 
1 51.549999 36.891101999999997 0 0 1 0 
1 51.549999 37.291103 0 1 0 0 
1 53.25 37.291103 0 0 1 0 
1 53.25 42.091102999999997 0 -1 0 0 
1 50.650002000000001 42.091102999999997 0 0 -1 0 
1 50.650002000000001 36.891101999999997 0 -1 0 0 
1 49.25 36.891101999999997 0 0 -1 0 
1 49.25 36.591102999999997 0 -1 0 0 
1 48.849997999999999 36.591102999999997 0 0 1 0 
1 48.849997999999999 36.891101999999997 0 -1 0 0 
1 47.049999 36.891101999999997 0 0 -1 0 
1 47.049999 36.591102999999997 0 -1 0 0 
1 46.650002000000001 36.591102999999997 0 0 1 0 
1 46.650002000000001 36.891101999999997 0 -1 0 0 
1 44.349997999999999 36.891101999999997 0 0 1 0 
1 44.349997999999999 37.291103 0 1 0 0 
1 48.349997999999999 37.291103 0 0 1 0 
1 48.349997999999999 37.941101000000003 0 1 0 0 
1 48.75 37.941101000000003 0 0 -1 0 
1 48.75 37.291103 0 1 0 0 
1 50.25 37.291103 0 0 1 0 
1 50.25 39.491100000000003 0 -1 0 0 
1 49.650002000000001 39.491100000000003 0 0 1 0 
1 49.650002000000001 39.891101999999997 0 1 0 0 
1 50.25 39.891101999999997 0 0 1 0 
1 50.25 42.091102999999997 0 -1 0 0 
1 48.75 42.091102999999997 0 0 -1 0 
1 48.75 38.841102999999997 0 -1 0 0 
1 48.349997999999999 38.841102999999997 0 0 1 0 
1 48.349997999999999 42.091102999999997 0 -1 0 0 
1 38.549999 42.091102999999997 0 0 -1 0 
1 38.549999 37.291103 0 1 0 0 
1 43.450001 37.291103 0 0 -1 0 
1 43.450001 36.891101999999997 0 -1 0 0 
1 38.549999 36.891101999999997 0 0 -1 0 
1 38.549999 32.291103 0 1 0 0 
1 45.349997999999999 32.291103 0 0 -1 0 
1 45.349997999999999 31.791101000000001 0 -1 0 0 
1 41.849997999999999 31.791101000000001 0 0 -1 0 
1 41.849997999999999 31.391102 0 -1 0 0 
1 41.450001 31.391102 0 0 1 0 
1 41.450001 31.791101000000001 0 -1 0 0 
1 35.950001 31.791101000000001 0 0 -1 0 
1 35.950001 -31.791101000000001 0 1 0 0 
1 41.450001 -31.791101000000001 0 0 1 0 
1 41.450001 -31.391102 0 1 0 0 
1 41.849997999999999 -31.391102 0 0 -1 0 
1 41.849997999999999 -31.791101000000001 0 1 0 0 
1 45.349997999999999 -31.791101000000001 0 0 -1 0 
1 45.349997999999999 -32.291103 0 -1 0 0 
1 38.549999 -32.291103 0 0 -1 0 
1 38.549999 -36.891101999999997 0 1 0 0 
1 43.450001 -36.891101999999997 0 0 -1 0 
1 43.450001 -37.291103 0 -1 0 0 
1 38.549999 -37.291103 0 0 -1 0 
1 38.549999 -42.091102999999997 0 1 0 0 
1 48.349997999999999 -42.091102999999997 0 0 1 0 
1 48.349997999999999 -38.841102999999997 0 1 0 0 
1 48.75 -38.841102999999997 0 0 -1 0 
1 48.75 -42.091102999999997 0 1 0 0 
1 50.25 -42.091102999999997 0 0 1 0 
1 50.25 -39.891101999999997 0 -1 0 0 
1 49.650002000000001 -39.891101999999997 0 0 1 0 
1 49.650002000000001 -39.491100000000003 0 1 0 0 
1 50.25 -39.491100000000003 0 0 1 0 
1 50.25 -37.291103 0 -1 0 0 
1 48.75 -37.291103 0 0 -1 0 
1 48.75 -37.941101000000003 0 -1 0 0 
1 48.349997999999999 -37.941101000000003 0 0 1 0 
1 48.349997999999999 -37.291103 0 -1 0 0 
1 44.349997999999999 -37.291103 0 0 1 0 
1 44.349997999999999 -36.891101999999997 0 1 0 0 
1 46.650002000000001 -36.891101999999997 0 0 1 0 
1 46.650002000000001 -36.591102999999997 0 1 0 0 
1 47.049999 -36.591102999999997 0 0 -1 0 
1 47.049999 -36.891101999999997 0 1 0 0 
1 48.849997999999999 -36.891101999999997 0 0 1 0 
1 48.849997999999999 -36.591102999999997 0 1 0 0 
1 49.25 -36.591102999999997 0 0 -1 0 
1 49.25 -36.891101999999997 0 1 0 0 
1 50.650002000000001 -36.891101999999997 0 0 -1 0 
1 50.650002000000001 -42.091102999999997 0 1 0 0 
1 53.25 -42.091102999999997 0 0 1 0 
1 53.25 -37.291103 0 -1 0 0 
1 51.549999 -37.291103 0 0 1 0 
1 51.549999 -36.891101999999997 0 1 0 0 
1 53.650002000000001 -36.891101999999997 0 0 -1 0 
1 53.650002000000001 -42.091102999999997 0 1 0 0 
1 56.25 -42.091102999999997 0 0 1 0 
1 56.25 -37.291103 0 -1 0 0 
1 54.549999 -37.291103 0 0 1 0 
1 54.549999 -36.891101999999997 0 1 0 0 
1 56.25 -36.891101999999997 0 0 1 0 
1 56.25 -36.591102999999997 0 1 0 0 
1 56.650002000000001 -36.591102999999997 0 0 -1 0 
1 56.650002000000001 -42.091102999999997 0 1 0 0 
1 59.650002000000001 -42.091102999999997 0 0 1 0 
1 59.650002000000001 -35.391101999999997 0 -1 0 0 
1 56.650002000000001 -35.391101999999997 0 0 -1 0 
1 56.650002000000001 -35.691101000000003 0 -1 0 0 
1 56.25 -35.691101000000003 0 0 1 0 
1 56.25 -35.391101999999997 0 -1 0 0 
1 55.450001 -35.391101999999997 0 0 1 0 
1 55.450001 -34.791103 0 1 0 0 
1 55.849997999999999 -34.791103 0 0 -1 0 
1 55.849997999999999 -34.991100000000003 0 1 0 0 
1 59.650002000000001 -34.991100000000003 0 0 1 0 
1 59.650002000000001 -32.291103 0 -1 0 0 
1 55.849997999999999 -32.291103 0 0 -1 0 
1 55.849997999999999 -33.891101999999997 0 -1 0 0 
1 55.450001 -33.891101999999997 0 0 1 0 
1 55.450001 -32.291103 0 -1 0 0 
1 53.150002000000001 -32.291103 0 0 1 0 
1 53.150002000000001 -31.791101000000001 0 1 0 0 
1 66.849997999999999 -31.791101000000001 0 0 -1 0 
1 66.849997999999999 -32.291103 0 -1 0 0 
1 64.550003000000004 -32.291103 0 0 -1 0 
1 64.550003000000004 -33.891101999999997 0 -1 0 0 
1 64.150002000000001 -33.891101999999997 0 0 1 0 
1 64.150002000000001 -32.291103 0 -1 0 0 
1 60.349997999999999 -32.291103 0 0 -1 0 
1 60.349997999999999 -34.991100000000003 0 1 0 0 
1 64.150002000000001 -34.991100000000003 0 0 1 0 
1 64.150002000000001 -34.791103 0 1 0 0 
1 64.550003000000004 -34.791103 0 0 -1 0 
1 64.550003000000004 -35.391101999999997 0 -1 0 0 
1 63.75 -35.391101999999997 0 0 -1 0 
1 63.75 -35.691101000000003 0 -1 0 0 
1 63.349997999999999 -35.691101000000003 0 0 1 0 
1 63.349997999999999 -35.391101999999997 0 -1 0 0 
1 60.349997999999999 -35.391101999999997 0 0 -1 0 
1 60.349997999999999 -42.091102999999997 0 1 0 0 
1 63.349997999999999 -42.091102999999997 0 0 1 0 
1 63.349997999999999 -36.591102999999997 0 1 0 0 
1 63.75 -36.591102999999997 0 0 -1 0 
1 63.75 -36.891101999999997 0 1 0 0 
1 65.449996999999996 -36.891101999999997 0 0 -1 0 
1 65.449996999999996 -37.291103 0 -1 0 0 
1 63.75 -37.291103 0 0 -1 0 
1 63.75 -42.091102999999997 0 1 0 0 
1 66.349997999999999 -42.091102999999997 0 0 1 0 
1 66.349997999999999 -36.891101999999997 0 1 0 0 
1 68.449996999999996 -36.891101999999997 0 0 -1 0 
1 68.449996999999996 -37.291103 0 -1 0 0 
1 66.75 -37.291103 0 0 -1 0 
1 66.75 -42.091102999999997 0 1 0 0 
1 69.349997999999999 -42.091102999999997 0 0 1 0 
1 69.349997999999999 -36.891101999999997 0 1 0 0 
1 70.75 -36.891101999999997 0 0 1 0 
1 70.75 -36.591102999999997 0 1 0 0 
1 71.150002000000001 -36.591102999999997 0 0 -1 0 
1 71.150002000000001 -36.891101999999997 0 1 0 0 
1 72.949996999999996 -36.891101999999997 0 0 1 0 
1 72.949996999999996 -36.591102999999997 0 1 0 0 
1 73.349997999999999 -36.591102999999997 0 0 -1 0 
1 73.349997999999999 -36.891101999999997 0 1 0 0 
1 75.650002000000001 -36.891101999999997 0 0 -1 0 
1 75.650002000000001 -37.291103 0 -1 0 0 
1 71.650002000000001 -37.291103 0 0 -1 0 
1 71.650002000000001 -37.941101000000003 0 -1 0 0 
1 71.25 -37.941101000000003 0 0 1 0 
1 71.25 -37.291103 0 -1 0 0 
1 69.75 -37.291103 0 0 -1 0 
1 69.75 -39.491100000000003 0 1 0 0 
1 70.349997999999999 -39.491100000000003 0 0 -1 0 
1 70.349997999999999 -39.891101999999997 0 -1 0 0 
1 69.75 -39.891101999999997 0 0 -1 0 
1 69.75 -42.091102999999997 0 1 0 0 
1 71.25 -42.091102999999997 0 0 1 0 
1 71.25 -38.841102999999997 0 1 0 0 
1 71.650002000000001 -38.841102999999997 0 0 -1 0 
1 71.650002000000001 -42.091102999999997 0 1 0 0 
1 81.449996999999996 -42.091102999999997 0 0 1 0 
1 81.449996999999996 -37.291103 0 -1 0 0 
1 76.550003000000004 -37.291103 0 0 1 0 
1 76.550003000000004 -36.891101999999997 0 1 0 0 
1 81.449996999999996 -36.891101999999997 0 0 1 0 
1 81.449996999999996 -32.291103 0 -1 0 0 
1 74.650002000000001 -32.291103 0 0 1 0 
1 74.650002000000001 -31.791101000000001 0 1 0 0 
1 78.150002000000001 -31.791101000000001 0 0 1 0 
1 78.150002000000001 -31.391102 0 1 0 0 
1 78.550003000000004 -31.391102 0 0 -1 0 
1 78.550003000000004 -31.791101000000001 0 1 0 0 
1 84.050003000000004 -31.791101000000001 0 0 1 0 
1 84.050003000000004 31.791101000000001 0 -1 0 0 
1 61.049999 -9.9393809999999991 0 0 -1 0 
1 61.049999 -10.391102 0 -1 0 0 
1 58.950001 -10.391102 0 0 1 0 
1 58.950001 -9.9393809999999991 0 1 0 0 
1 58.950001 9.9393809999999991 0 0 1 0 
1 58.950001 10.391102 0 1 0 0 
1 61.049999 10.391102 0 0 -1 0 
1 61.049999 9.9393809999999991 0 -1 0 0 
1 52.049999 32.291103 0 1 0 0 
1 52.25 32.291103 0 0 -1 0 
1 52.25 31.791101000000001 0 -1 0 0 
1 46.25 31.791101000000001 0 0 1 0 
1 46.25 32.291103 0 1 0 0 
1 46.650002000000001 32.291103 0 0 1 0 
1 46.650002000000001 35.691101000000003 0 1 0 0 
1 47.049999 35.691101000000003 0 0 -1 0 
1 47.049999 32.291103 0 1 0 0 
1 51.650002000000001 32.291103 0 0 1 0 
1 51.650002000000001 34.991100000000003 0 -1 0 0 
1 47.950001 34.991100000000003 0 0 1 0 
1 47.950001 35.391101999999997 0 1 0 0 
1 48.849997999999999 35.391101999999997 0 0 1 0 
1 48.849997999999999 35.691101000000003 0 1 0 0 
1 49.25 35.691101000000003 0 0 -1 0 
1 49.25 35.391101999999997 0 1 0 0 
1 52.049999 35.391101999999997 0 0 -1 0 
1 46.25 -32.291103 0 0 1 0 
1 46.25 -31.791101000000001 0 1 0 0 
1 52.25 -31.791101000000001 0 0 -1 0 
1 52.25 -32.291103 0 -1 0 0 
1 52.049999 -32.291103 0 0 -1 0 
1 52.049999 -35.391101999999997 0 -1 0 0 
1 49.25 -35.391101999999997 0 0 -1 0 
1 49.25 -35.691101000000003 0 -1 0 0 
1 48.849997999999999 -35.691101000000003 0 0 1 0 
1 48.849997999999999 -35.391101999999997 0 -1 0 0 
1 47.950001 -35.391101999999997 0 0 1 0 
1 47.950001 -34.991100000000003 0 1 0 0 
1 51.650002000000001 -34.991100000000003 0 0 1 0 
1 51.650002000000001 -32.291103 0 -1 0 0 
1 47.049999 -32.291103 0 0 -1 0 
1 47.049999 -35.691101000000003 0 -1 0 0 
1 46.650002000000001 -35.691101000000003 0 0 1 0 
1 46.650002000000001 -32.291103 0 -1 0 0 
1 68.349997999999999 34.991100000000003 0 0 -1 0 
1 68.349997999999999 32.291103 0 1 0 0 
1 72.949996999999996 32.291103 0 0 1 0 
1 72.949996999999996 35.691101000000003 0 1 0 0 
1 73.349997999999999 35.691101000000003 0 0 -1 0 
1 73.349997999999999 32.291103 0 1 0 0 
1 73.75 32.291103 0 0 -1 0 
1 73.75 31.791101000000001 0 -1 0 0 
1 67.75 31.791101000000001 0 0 1 0 
1 67.75 32.291103 0 1 0 0 
1 67.949996999999996 32.291103 0 0 1 0 
1 67.949996999999996 35.391101999999997 0 1 0 0 
1 70.75 35.391101999999997 0 0 1 0 
1 70.75 35.691101000000003 0 1 0 0 
1 71.150002000000001 35.691101000000003 0 0 -1 0 
1 71.150002000000001 35.391101999999997 0 1 0 0 
1 72.050003000000004 35.391101999999997 0 0 -1 0 
1 72.050003000000004 34.991100000000003 0 -1 0 0 
1 73.75 -31.791101000000001 0 0 -1 0 
1 73.75 -32.291103 0 -1 0 0 
1 73.349997999999999 -32.291103 0 0 -1 0 
1 73.349997999999999 -35.691101000000003 0 -1 0 0 
1 72.949996999999996 -35.691101000000003 0 0 1 0 
1 72.949996999999996 -32.291103 0 -1 0 0 
1 68.349997999999999 -32.291103 0 0 -1 0 
1 68.349997999999999 -34.991100000000003 0 1 0 0 
1 72.050003000000004 -34.991100000000003 0 0 -1 0 
1 72.050003000000004 -35.391101999999997 0 -1 0 0 
1 71.150002000000001 -35.391101999999997 0 0 -1 0 
1 71.150002000000001 -35.691101000000003 0 -1 0 0 
1 70.75 -35.691101000000003 0 0 1 0 
1 70.75 -35.391101999999997 0 -1 0 0 
1 67.949996999999996 -35.391101999999997 0 0 1 0 
1 67.949996999999996 -32.291103 0 -1 0 0 
1 67.75 -32.291103 0 0 1 0 
1 67.75 -31.791101000000001 0 1 0 0 
1 78.550003000000004 30.091103 0 1 0 0 
1 80.650002000000001 30.091103 0 0 -1 0 
1 80.650002000000001 29.091103 0 -1 0 0 
1 80.25 29.091103 0 0 1 0 
1 80.25 29.691101 0 -1 0 0 
1 76.994163999999998 29.691101 0 0 -1 0 
1 76.994163999999998 29.441101 0 -1 0 0 
1 76.144165000000001 29.441101 0 0 1 0 
1 76.144165000000001 29.591103 0 -1 0 0 
1 74.344161999999997 29.591103 0 0 -1 0 
1 74.344161999999997 29.491102000000001 0 -1 0 0 
1 73.644165000000001 29.491102000000001 0 0 -1 0 
1 73.644165000000001 29.391102 0 -1 0 0 
1 73.044167000000002 29.391102 0 0 -1 0 
1 73.044167000000002 29.291101000000001 0 -1 0 0 
1 71.544167000000002 29.291101000000001 0 0 1 0 
1 71.544167000000002 29.391102 0 -1 0 0 
1 71.244163999999998 29.391102 0 0 1 0 
1 71.244163999999998 29.491102000000001 0 -1 0 0 
1 70.944159999999997 29.491102000000001 0 0 1 0 
1 70.944159999999997 29.591103 0 -1 0 0 
1 69.072547999999998 29.591103 0 0 -1 0 
1 69.072547999999998 29.491102000000001 0 -1 0 0 
1 68.772544999999994 29.491102000000001 0 0 -1 0 
1 68.772544999999994 29.391102 0 -1 0 0 
1 68.472549000000001 29.391102 0 0 -1 0 
1 68.472549000000001 29.291101000000001 0 -1 0 0 
1 66.972549000000001 29.291101000000001 0 0 1 0 
1 66.972549000000001 29.391102 0 -1 0 0 
1 66.372542999999993 29.391102 0 0 1 0 
1 66.372542999999993 29.491102000000001 0 -1 0 0 
1 65.672545999999997 29.491102000000001 0 0 1 0 
1 65.672545999999997 29.591103 0 -1 0 0 
1 65.022544999999994 29.591103 0 0 1 0 
1 65.022544999999994 30.091103 0 1 0 0 
1 78.150002000000001 30.091103 0 0 1 0 
1 78.150002000000001 30.491102000000001 0 1 0 0 
1 78.550003000000004 30.491102000000001 0 0 -1 0 
1 76.994163999999998 -29.441101 0 0 -1 0 
1 76.994163999999998 -29.691101 0 1 0 0 
1 80.25 -29.691101 0 0 1 0 
1 80.25 -29.091103 0 1 0 0 
1 80.650002000000001 -29.091103 0 0 -1 0 
1 80.650002000000001 -30.091103 0 -1 0 0 
1 78.550003000000004 -30.091103 0 0 -1 0 
1 78.550003000000004 -30.491102000000001 0 -1 0 0 
1 78.150002000000001 -30.491102000000001 0 0 1 0 
1 78.150002000000001 -30.091103 0 -1 0 0 
1 65.022544999999994 -30.091103 0 0 1 0 
1 65.022544999999994 -29.591103 0 1 0 0 
1 65.672545999999997 -29.591103 0 0 1 0 
1 65.672545999999997 -29.491102000000001 0 1 0 0 
1 66.372542999999993 -29.491102000000001 0 0 1 0 
1 66.372542999999993 -29.391102 0 1 0 0 
1 66.972549000000001 -29.391102 0 0 1 0 
1 66.972549000000001 -29.291101000000001 0 1 0 0 
1 68.472549000000001 -29.291101000000001 0 0 -1 0 
1 68.472549000000001 -29.391102 0 1 0 0 
1 68.772544999999994 -29.391102 0 0 -1 0 
1 68.772544999999994 -29.491102000000001 0 1 0 0 
1 69.072547999999998 -29.491102000000001 0 0 -1 0 
1 69.072547999999998 -29.591103 0 1 0 0 
1 70.944159999999997 -29.591103 0 0 1 0 
1 70.944159999999997 -29.491102000000001 0 1 0 0 
1 71.244163999999998 -29.491102000000001 0 0 1 0 
1 71.244163999999998 -29.391102 0 1 0 0 
1 71.544167000000002 -29.391102 0 0 1 0 
1 71.544167000000002 -29.291101000000001 0 1 0 0 
1 73.044167000000002 -29.291101000000001 0 0 -1 0 
1 73.044167000000002 -29.391102 0 1 0 0 
1 73.644165000000001 -29.391102 0 0 -1 0 
1 73.644165000000001 -29.491102000000001 0 1 0 0 
1 74.344161999999997 -29.491102000000001 0 0 -1 0 
1 74.344161999999997 -29.591103 0 1 0 0 
1 76.144165000000001 -29.591103 0 0 1 0 
1 76.144165000000001 -29.441101 0 1 0 0 
1 45.655838000000003 29.491102000000001 0 0 1 0 
1 45.655838000000003 29.591103 0 -1 0 0 
1 43.855839000000003 29.591103 0 0 -1 0 
1 43.855839000000003 29.441101 0 -1 0 0 
1 43.005836000000002 29.441101 0 0 1 0 
1 43.005836000000002 29.691101 0 -1 0 0 
1 39.75 29.691101 0 0 -1 0 
1 39.75 29.091103 0 -1 0 0 
1 39.349997999999999 29.091103 0 0 1 0 
1 39.349997999999999 30.091103 0 1 0 0 
1 41.450001 30.091103 0 0 1 0 
1 41.450001 30.491102000000001 0 1 0 0 
1 41.849997999999999 30.491102000000001 0 0 -1 0 
1 41.849997999999999 30.091103 0 1 0 0 
1 54.977454999999999 30.091103 0 0 -1 0 
1 54.977454999999999 29.591103 0 -1 0 0 
1 54.327454000000003 29.591103 0 0 -1 0 
1 54.327454000000003 29.491102000000001 0 -1 0 0 
1 53.627453000000003 29.491102000000001 0 0 -1 0 
1 53.627453000000003 29.391102 0 -1 0 0 
1 53.027453999999999 29.391102 0 0 -1 0 
1 53.027453999999999 29.291101000000001 0 -1 0 0 
1 51.527453999999999 29.291101000000001 0 0 1 0 
1 51.527453999999999 29.391102 0 -1 0 0 
1 51.227454999999999 29.391102 0 0 1 0 
1 51.227454999999999 29.491102000000001 0 -1 0 0 
1 50.927452000000002 29.491102000000001 0 0 1 0 
1 50.927452000000002 29.591103 0 -1 0 0 
1 49.055835999999999 29.591103 0 0 -1 0 
1 49.055835999999999 29.491102000000001 0 -1 0 0 
1 48.755836000000002 29.491102000000001 0 0 -1 0 
1 48.755836000000002 29.391102 0 -1 0 0 
1 48.455837000000002 29.391102 0 0 -1 0 
1 48.455837000000002 29.291101000000001 0 -1 0 0 
1 46.955837000000002 29.291101000000001 0 0 1 0 
1 46.955837000000002 29.391102 0 -1 0 0 
1 46.355839000000003 29.391102 0 0 1 0 
1 46.355839000000003 29.491102000000001 0 -1 0 0 
1 54.977454999999999 -29.591103 0 0 -1 0 
1 54.977454999999999 -30.091103 0 -1 0 0 
1 41.849997999999999 -30.091103 0 0 -1 0 
1 41.849997999999999 -30.491102000000001 0 -1 0 0 
1 41.450001 -30.491102000000001 0 0 1 0 
1 41.450001 -30.091103 0 -1 0 0 
1 39.349997999999999 -30.091103 0 0 1 0 
1 39.349997999999999 -29.091103 0 1 0 0 
1 39.75 -29.091103 0 0 -1 0 
1 39.75 -29.691101 0 1 0 0 
1 43.005836000000002 -29.691101 0 0 1 0 
1 43.005836000000002 -29.441101 0 1 0 0 
1 43.855839000000003 -29.441101 0 0 -1 0 
1 43.855839000000003 -29.591103 0 1 0 0 
1 45.655838000000003 -29.591103 0 0 1 0 
1 45.655838000000003 -29.491102000000001 0 1 0 0 
1 46.355839000000003 -29.491102000000001 0 0 1 0 
1 46.355839000000003 -29.391102 0 1 0 0 
1 46.955837000000002 -29.391102 0 0 1 0 
1 46.955837000000002 -29.291101000000001 0 1 0 0 
1 48.455837000000002 -29.291101000000001 0 0 -1 0 
1 48.455837000000002 -29.391102 0 1 0 0 
1 48.755836000000002 -29.391102 0 0 -1 0 
1 48.755836000000002 -29.491102000000001 0 1 0 0 
1 49.055835999999999 -29.491102000000001 0 0 -1 0 
1 49.055835999999999 -29.591103 0 1 0 0 
1 50.927452000000002 -29.591103 0 0 1 0 
1 50.927452000000002 -29.491102000000001 0 1 0 0 
1 51.227454999999999 -29.491102000000001 0 0 1 0 
1 51.227454999999999 -29.391102 0 1 0 0 
1 51.527453999999999 -29.391102 0 0 1 0 
1 51.527453999999999 -29.291101000000001 0 1 0 0 
1 53.027453999999999 -29.291101000000001 0 0 -1 0 
1 53.027453999999999 -29.391102 0 1 0 0 
1 53.627453000000003 -29.391102 0 0 -1 0 
1 53.627453000000003 -29.491102000000001 0 1 0 0 
1 54.327454000000003 -29.491102000000001 0 0 -1 0 
1 54.327454000000003 -29.591103 0 1 0 0 
1 76.994163999999998 3.8393809999999999 0 0 -1 0 
1 76.994163999999998 -3.8393809999999999 0 -1 0 0 
1 43.005836000000002 -3.8393809999999999 0 0 1 0 
1 43.005836000000002 3.8393809999999999 0 1 0 0 
1 63.022545000000001 22.917373999999999 0 0 1 0 
1 63.022545000000001 29.691101 0 -1 0 0 
1 60.450001 29.691101 0 0 1 0 
1 60.450001 30.091103 0 1 0 0 
1 64.122542999999993 30.091103 0 0 -1 0 
1 64.122542999999993 29.591103 0 -1 0 0 
1 63.872546999999997 29.591103 0 0 -1 0 
1 63.872546999999997 26.491102000000001 0 -1 0 0 
1 63.822547999999998 26.491102000000001 0 0 -1 0 
1 63.822547999999998 25.791101000000001 0 -1 0 0 
1 63.722546000000001 25.791101000000001 0 0 -1 0 
1 63.722546000000001 24.191101 0 1 0 0 
1 63.872546999999997 24.191101 0 0 -1 0 
1 63.872546999999997 22.591103 0 -1 0 0 
1 63.722546000000001 22.591103 0 0 -1 0 
1 63.722546000000001 22.317373 0 -1 0 0 
1 63.022545000000001 22.317373 0 0 1 0 
1 63.022545000000001 22.417373999999999 0 -1 0 0 
1 61.650002000000001 22.417373999999999 0 0 -1 0 
1 61.650002000000001 19.017374 0 -1 0 0 
1 60.450001 19.017374 0 0 1 0 
1 60.450001 19.417373999999999 0 1 0 0 
1 61.25 19.417373999999999 0 0 1 0 
1 61.25 22.417373999999999 0 -1 0 0 
1 58.75 22.417373999999999 0 0 -1 0 
1 58.75 19.417373999999999 0 1 0 0 
1 59.549999 19.417373999999999 0 0 -1 0 
1 59.549999 19.017374 0 -1 0 0 
1 58.349997999999999 19.017374 0 0 1 0 
1 58.349997999999999 22.417373999999999 0 -1 0 0 
1 56.977454999999999 22.417373999999999 0 0 -1 0 
1 56.977454999999999 22.317373 0 -1 0 0 
1 56.277453999999999 22.317373 0 0 1 0 
1 56.277453999999999 22.591103 0 -1 0 0 
1 56.127453000000003 22.591103 0 0 1 0 
1 56.127453000000003 24.191101 0 1 0 0 
1 56.277453999999999 24.191101 0 0 1 0 
1 56.277453999999999 25.791101000000001 0 -1 0 0 
1 56.177452000000002 25.791101000000001 0 0 1 0 
1 56.177452000000002 26.491102000000001 0 -1 0 0 
1 56.127453000000003 26.491102000000001 0 0 1 0 
1 56.127453000000003 29.591103 0 -1 0 0 
1 55.877453000000003 29.591103 0 0 1 0 
1 55.877453000000003 30.091103 0 1 0 0 
1 59.549999 30.091103 0 0 -1 0 
1 59.549999 29.691101 0 -1 0 0 
1 56.977454999999999 29.691101 0 0 -1 0 
1 56.977454999999999 22.917373999999999 0 1 0 0 
1 58.349997999999999 22.917373999999999 0 0 1 0 
1 58.349997999999999 26.317373 0 1 0 0 
1 59.549999 26.317373 0 0 -1 0 
1 59.549999 25.917373999999999 0 -1 0 0 
1 58.75 25.917373999999999 0 0 -1 0 
1 58.75 22.917373999999999 0 1 0 0 
1 61.25 22.917373999999999 0 0 1 0 
1 61.25 25.917373999999999 0 -1 0 0 
1 60.450001 25.917373999999999 0 0 1 0 
1 60.450001 26.317373 0 1 0 0 
1 61.650002000000001 26.317373 0 0 -1 0 
1 61.650002000000001 22.917373999999999 0 1 0 0 
1 61.650002000000001 -22.417373999999999 0 1 0 0 
1 63.022545000000001 -22.417373999999999 0 0 1 0 
1 63.022545000000001 -22.317373 0 1 0 0 
1 63.722546000000001 -22.317373 0 0 -1 0 
1 63.722546000000001 -22.591103 0 1 0 0 
1 63.872546999999997 -22.591103 0 0 -1 0 
1 63.872546999999997 -24.191101 0 -1 0 0 
1 63.722546000000001 -24.191101 0 0 -1 0 
1 63.722546000000001 -25.791101000000001 0 1 0 0 
1 63.822547999999998 -25.791101000000001 0 0 -1 0 
1 63.822547999999998 -26.491102000000001 0 1 0 0 
1 63.872546999999997 -26.491102000000001 0 0 -1 0 
1 63.872546999999997 -29.591103 0 1 0 0 
1 64.122542999999993 -29.591103 0 0 -1 0 
1 64.122542999999993 -30.091103 0 -1 0 0 
1 60.450001 -30.091103 0 0 1 0 
1 60.450001 -29.691101 0 1 0 0 
1 63.022545000000001 -29.691101 0 0 1 0 
1 63.022545000000001 -22.917373999999999 0 -1 0 0 
1 61.650002000000001 -22.917373999999999 0 0 -1 0 
1 61.650002000000001 -26.317373 0 -1 0 0 
1 60.450001 -26.317373 0 0 1 0 
1 60.450001 -25.917373999999999 0 1 0 0 
1 61.25 -25.917373999999999 0 0 1 0 
1 61.25 -22.917373999999999 0 -1 0 0 
1 58.75 -22.917373999999999 0 0 -1 0 
1 58.75 -25.917373999999999 0 1 0 0 
1 59.549999 -25.917373999999999 0 0 -1 0 
1 59.549999 -26.317373 0 -1 0 0 
1 58.349997999999999 -26.317373 0 0 1 0 
1 58.349997999999999 -22.917373999999999 0 -1 0 0 
1 56.977454999999999 -22.917373999999999 0 0 -1 0 
1 56.977454999999999 -29.691101 0 1 0 0 
1 59.549999 -29.691101 0 0 -1 0 
1 59.549999 -30.091103 0 -1 0 0 
1 55.877453000000003 -30.091103 0 0 1 0 
1 55.877453000000003 -29.591103 0 1 0 0 
1 56.127453000000003 -29.591103 0 0 1 0 
1 56.127453000000003 -26.491102000000001 0 1 0 0 
1 56.177452000000002 -26.491102000000001 0 0 1 0 
1 56.177452000000002 -25.791101000000001 0 1 0 0 
1 56.277453999999999 -25.791101000000001 0 0 1 0 
1 56.277453999999999 -24.191101 0 -1 0 0 
1 56.127453000000003 -24.191101 0 0 1 0 
1 56.127453000000003 -22.591103 0 1 0 0 
1 56.277453999999999 -22.591103 0 0 1 0 
1 56.277453999999999 -22.317373 0 1 0 0 
1 56.977454999999999 -22.317373 0 0 -1 0 
1 56.977454999999999 -22.417373999999999 0 1 0 0 
1 58.349997999999999 -22.417373999999999 0 0 1 0 
1 58.349997999999999 -19.017374 0 1 0 0 
1 59.549999 -19.017374 0 0 -1 0 
1 59.549999 -19.417373999999999 0 -1 0 0 
1 58.75 -19.417373999999999 0 0 -1 0 
1 58.75 -22.417373999999999 0 1 0 0 
1 61.25 -22.417373999999999 0 0 1 0 
1 61.25 -19.417373999999999 0 -1 0 0 
1 60.450001 -19.417373999999999 0 0 1 0 
1 60.450001 -19.017374 0 1 0 0 
1 61.650002000000001 -19.017374 0 0 -1 0 
1 80.25 27.791101000000001 0 0 1 0 
1 80.25 28.191101 0 1 0 0 
1 82.349997999999999 28.191101 0 0 -1 0 
1 82.349997999999999 13.348388999999999 0 -1 0 0 
1 81.949996999999996 13.348388999999999 0 0 1 0 
1 81.949996999999996 15.396777 0 -1 0 0 
1 76.994163999999998 15.396777 0 0 -1 0 
1 76.994163999999998 11.5 0 1 0 0 
1 81.949996999999996 11.5 0 0 1 0 
1 81.949996999999996 12.448388 0 1 0 0 
1 82.349997999999999 12.448388 0 0 -1 0 
1 82.349997999999999 11.1 0 -1 0 0 
1 76.994163999999998 11.1 0 0 -1 0 
1 76.994163999999998 6.3393810000000004 0 -1 0 0 
1 71.008353999999997 6.3393810000000004 0 0 1 0 
1 71.008353999999997 6.9360439999999999 0 1 0 0 
1 71.594161999999997 6.9360439999999999 0 0 1 0 
1 71.594161999999997 7.9635730000000002 0 1 0 0 
1 71.994163999999998 7.9635730000000002 0 0 -1 0 
1 71.994163999999998 6.9360439999999999 0 1 0 0 
1 76.594161999999997 6.9360439999999999 0 0 1 0 
1 76.594161999999997 9.8911020000000001 0 -1 0 0 
1 71.994163999999998 9.8911020000000001 0 0 -1 0 
1 71.994163999999998 8.8635730000000006 0 -1 0 0 
1 71.594161999999997 8.8635730000000006 0 0 1 0 
1 71.594161999999997 9.8911020000000001 0 -1 0 0 
1 71.008353999999997 9.8911020000000001 0 0 1 0 
1 71.008353999999997 10.541100999999999 0 1 0 0 
1 71.808357000000001 10.541100999999999 0 0 -1 0 
1 71.808357000000001 10.391102 0 1 0 0 
1 72.508353999999997 10.391102 0 0 -1 0 
1 72.508353999999997 10.291100999999999 0 1 0 0 
1 75.508353999999997 10.291100999999999 0 0 1 0 
1 75.508353999999997 10.391102 0 1 0 0 
1 76.144165000000001 10.391102 0 0 1 0 
1 76.144165000000001 11.091101999999999 0 1 0 0 
1 76.294167000000002 11.091101999999999 0 0 1 0 
1 76.294167000000002 12.791100999999999 0 -1 0 0 
1 76.144165000000001 12.791100999999999 0 0 1 0 
1 76.144165000000001 14.391102 0 1 0 0 
1 76.294167000000002 14.391102 0 0 1 0 
1 76.294167000000002 15.991102 0 -1 0 0 
1 76.144165000000001 15.991102 0 0 1 0 
1 76.144165000000001 17.591103 0 1 0 0 
1 76.294167000000002 17.591103 0 0 1 0 
1 76.294167000000002 19.391102 0 -1 0 0 
1 76.144165000000001 19.391102 0 0 1 0 
1 76.144165000000001 20.991102000000001 0 1 0 0 
1 76.294167000000002 20.991102000000001 0 0 1 0 
1 76.294167000000002 22.591103 0 -1 0 0 
1 76.144165000000001 22.591103 0 0 1 0 
1 76.144165000000001 24.191101 0 1 0 0 
1 76.294167000000002 24.191101 0 0 1 0 
1 76.294167000000002 25.791101000000001 0 -1 0 0 
1 76.194159999999997 25.791101000000001 0 0 1 0 
1 76.194159999999997 26.491102000000001 0 -1 0 0 
1 76.144165000000001 26.491102000000001 0 0 1 0 
1 76.144165000000001 28.541101000000001 0 1 0 0 
1 76.994163999999998 28.541101000000001 0 0 -1 0 
1 76.994163999999998 16.296778 0 1 0 0 
1 81.949996999999996 16.296778 0 0 1 0 
1 81.949996999999996 27.791101000000001 0 -1 0 0 
1 76.994163999999998 -15.396777 0 1 0 0 
1 81.949996999999996 -15.396777 0 0 1 0 
1 81.949996999999996 -13.348388999999999 0 1 0 0 
1 82.349997999999999 -13.348388999999999 0 0 -1 0 
1 82.349997999999999 -28.191101 0 -1 0 0 
1 80.25 -28.191101 0 0 1 0 
1 80.25 -27.791101000000001 0 1 0 0 
1 81.949996999999996 -27.791101000000001 0 0 1 0 
1 81.949996999999996 -16.296778 0 -1 0 0 
1 76.994163999999998 -16.296778 0 0 -1 0 
1 76.994163999999998 -28.541101000000001 0 -1 0 0 
1 76.144165000000001 -28.541101000000001 0 0 1 0 
1 76.144165000000001 -26.491102000000001 0 1 0 0 
1 76.194159999999997 -26.491102000000001 0 0 1 0 
1 76.194159999999997 -25.791101000000001 0 1 0 0 
1 76.294167000000002 -25.791101000000001 0 0 1 0 
1 76.294167000000002 -24.191101 0 -1 0 0 
1 76.144165000000001 -24.191101 0 0 1 0 
1 76.144165000000001 -22.591103 0 1 0 0 
1 76.294167000000002 -22.591103 0 0 1 0 
1 76.294167000000002 -20.991102000000001 0 -1 0 0 
1 76.144165000000001 -20.991102000000001 0 0 1 0 
1 76.144165000000001 -19.391102 0 1 0 0 
1 76.294167000000002 -19.391102 0 0 1 0 
1 76.294167000000002 -17.591103 0 -1 0 0 
1 76.144165000000001 -17.591103 0 0 1 0 
1 76.144165000000001 -15.991102 0 1 0 0 
1 76.294167000000002 -15.991102 0 0 1 0 
1 76.294167000000002 -14.391102 0 -1 0 0 
1 76.144165000000001 -14.391102 0 0 1 0 
1 76.144165000000001 -12.791100999999999 0 1 0 0 
1 76.294167000000002 -12.791100999999999 0 0 1 0 
1 76.294167000000002 -11.091101999999999 0 -1 0 0 
1 76.144165000000001 -11.091101999999999 0 0 1 0 
1 76.144165000000001 -10.391102 0 -1 0 0 
1 75.508353999999997 -10.391102 0 0 1 0 
1 75.508353999999997 -10.291100999999999 0 -1 0 0 
1 72.508353999999997 -10.291100999999999 0 0 -1 0 
1 72.508353999999997 -10.391102 0 -1 0 0 
1 71.808357000000001 -10.391102 0 0 -1 0 
1 71.808357000000001 -10.541100999999999 0 -1 0 0 
1 71.008353999999997 -10.541100999999999 0 0 1 0 
1 71.008353999999997 -9.8911020000000001 0 1 0 0 
1 71.594161999999997 -9.8911020000000001 0 0 1 0 
1 71.594161999999997 -8.8635730000000006 0 1 0 0 
1 71.994163999999998 -8.8635730000000006 0 0 -1 0 
1 71.994163999999998 -9.8911020000000001 0 1 0 0 
1 76.594161999999997 -9.8911020000000001 0 0 1 0 
1 76.594161999999997 -6.9360439999999999 0 -1 0 0 
1 71.994163999999998 -6.9360439999999999 0 0 -1 0 
1 71.994163999999998 -7.9635730000000002 0 -1 0 0 
1 71.594161999999997 -7.9635730000000002 0 0 1 0 
1 71.594161999999997 -6.9360439999999999 0 -1 0 0 
1 71.008353999999997 -6.9360439999999999 0 0 1 0 
1 71.008353999999997 -6.3393810000000004 0 1 0 0 
1 76.994163999999998 -6.3393810000000004 0 0 -1 0 
1 76.994163999999998 -11.1 0 1 0 0 
1 82.349997999999999 -11.1 0 0 -1 0 
1 82.349997999999999 -12.448388 0 -1 0 0 
1 81.949996999999996 -12.448388 0 0 1 0 
1 81.949996999999996 -11.5 0 -1 0 0 
1 76.994163999999998 -11.5 0 0 -1 0 
1 48.405838000000003 6.9360439999999999 0 1 0 0 
1 48.991646000000003 6.9360439999999999 0 0 -1 0 
1 48.991646000000003 6.3393810000000004 0 -1 0 0 
1 43.005836000000002 6.3393810000000004 0 0 1 0 
1 43.005836000000002 11.1 0 -1 0 0 
1 37.650002000000001 11.1 0 0 1 0 
1 37.650002000000001 12.448388 0 1 0 0 
1 38.049999 12.448388 0 0 -1 0 
1 38.049999 11.5 0 1 0 0 
1 43.005836000000002 11.5 0 0 1 0 
1 43.005836000000002 15.396777 0 -1 0 0 
1 38.049999 15.396777 0 0 -1 0 
1 38.049999 13.348388999999999 0 -1 0 0 
1 37.650002000000001 13.348388999999999 0 0 1 0 
1 37.650002000000001 28.191101 0 1 0 0 
1 39.75 28.191101 0 0 -1 0 
1 39.75 27.791101000000001 0 -1 0 0 
1 38.049999 27.791101000000001 0 0 -1 0 
1 38.049999 16.296778 0 1 0 0 
1 43.005836000000002 16.296778 0 0 1 0 
1 43.005836000000002 28.541101000000001 0 1 0 0 
1 43.855839000000003 28.541101000000001 0 0 -1 0 
1 43.855839000000003 26.491102000000001 0 -1 0 0 
1 43.805835999999999 26.491102000000001 0 0 -1 0 
1 43.805835999999999 25.791101000000001 0 -1 0 0 
1 43.705837000000002 25.791101000000001 0 0 -1 0 
1 43.705837000000002 24.191101 0 1 0 0 
1 43.855839000000003 24.191101 0 0 -1 0 
1 43.855839000000003 22.591103 0 -1 0 0 
1 43.705837000000002 22.591103 0 0 -1 0 
1 43.705837000000002 20.991102000000001 0 1 0 0 
1 43.855839000000003 20.991102000000001 0 0 -1 0 
1 43.855839000000003 19.391102 0 -1 0 0 
1 43.705837000000002 19.391102 0 0 -1 0 
1 43.705837000000002 17.591103 0 1 0 0 
1 43.855839000000003 17.591103 0 0 -1 0 
1 43.855839000000003 15.991102 0 -1 0 0 
1 43.705837000000002 15.991102 0 0 -1 0 
1 43.705837000000002 14.391102 0 1 0 0 
1 43.855839000000003 14.391102 0 0 -1 0 
1 43.855839000000003 12.791100999999999 0 -1 0 0 
1 43.705837000000002 12.791100999999999 0 0 -1 0 
1 43.705837000000002 11.091101999999999 0 1 0 0 
1 43.855839000000003 11.091101999999999 0 0 -1 0 
1 43.855839000000003 10.391102 0 1 0 0 
1 44.491646000000003 10.391102 0 0 -1 0 
1 44.491646000000003 10.291100999999999 0 1 0 0 
1 47.491646000000003 10.291100999999999 0 0 1 0 
1 47.491646000000003 10.391102 0 1 0 0 
1 48.191647000000003 10.391102 0 0 1 0 
1 48.191647000000003 10.541100999999999 0 1 0 0 
1 48.991646000000003 10.541100999999999 0 0 -1 0 
1 48.991646000000003 9.8911020000000001 0 -1 0 0 
1 48.405838000000003 9.8911020000000001 0 0 -1 0 
1 48.405838000000003 8.8635730000000006 0 -1 0 0 
1 48.005836000000002 8.8635730000000006 0 0 1 0 
1 48.005836000000002 9.8911020000000001 0 -1 0 0 
1 43.405838000000003 9.8911020000000001 0 0 -1 0 
1 43.405838000000003 6.9360439999999999 0 1 0 0 
1 48.005836000000002 6.9360439999999999 0 0 1 0 
1 48.005836000000002 7.9635730000000002 0 1 0 0 
1 48.405838000000003 7.9635730000000002 0 0 -1 0 
1 37.650002000000001 -11.1 0 1 0 0 
1 43.005836000000002 -11.1 0 0 1 0 
1 43.005836000000002 -6.3393810000000004 0 1 0 0 
1 48.991646000000003 -6.3393810000000004 0 0 -1 0 
1 48.991646000000003 -6.9360439999999999 0 -1 0 0 
1 48.405838000000003 -6.9360439999999999 0 0 -1 0 
1 48.405838000000003 -7.9635730000000002 0 -1 0 0 
1 48.005836000000002 -7.9635730000000002 0 0 1 0 
1 48.005836000000002 -6.9360439999999999 0 -1 0 0 
1 43.405838000000003 -6.9360439999999999 0 0 -1 0 
1 43.405838000000003 -9.8911020000000001 0 1 0 0 
1 48.005836000000002 -9.8911020000000001 0 0 1 0 
1 48.005836000000002 -8.8635730000000006 0 1 0 0 
1 48.405838000000003 -8.8635730000000006 0 0 -1 0 
1 48.405838000000003 -9.8911020000000001 0 1 0 0 
1 48.991646000000003 -9.8911020000000001 0 0 -1 0 
1 48.991646000000003 -10.541100999999999 0 -1 0 0 
1 48.191647000000003 -10.541100999999999 0 0 1 0 
1 48.191647000000003 -10.391102 0 -1 0 0 
1 47.491646000000003 -10.391102 0 0 1 0 
1 47.491646000000003 -10.291100999999999 0 -1 0 0 
1 44.491646000000003 -10.291100999999999 0 0 -1 0 
1 44.491646000000003 -10.391102 0 -1 0 0 
1 43.855839000000003 -10.391102 0 0 -1 0 
1 43.855839000000003 -11.091101999999999 0 -1 0 0 
1 43.705837000000002 -11.091101999999999 0 0 -1 0 
1 43.705837000000002 -12.791100999999999 0 1 0 0 
1 43.855839000000003 -12.791100999999999 0 0 -1 0 
1 43.855839000000003 -14.391102 0 -1 0 0 
1 43.705837000000002 -14.391102 0 0 -1 0 
1 43.705837000000002 -15.991102 0 1 0 0 
1 43.855839000000003 -15.991102 0 0 -1 0 
1 43.855839000000003 -17.591103 0 -1 0 0 
1 43.705837000000002 -17.591103 0 0 -1 0 
1 43.705837000000002 -19.391102 0 1 0 0 
1 43.855839000000003 -19.391102 0 0 -1 0 
1 43.855839000000003 -20.991102000000001 0 -1 0 0 
1 43.705837000000002 -20.991102000000001 0 0 -1 0 
1 43.705837000000002 -22.591103 0 1 0 0 
1 43.855839000000003 -22.591103 0 0 -1 0 
1 43.855839000000003 -24.191101 0 -1 0 0 
1 43.705837000000002 -24.191101 0 0 -1 0 
1 43.705837000000002 -25.791101000000001 0 1 0 0 
1 43.805835999999999 -25.791101000000001 0 0 -1 0 
1 43.805835999999999 -26.491102000000001 0 1 0 0 
1 43.855839000000003 -26.491102000000001 0 0 -1 0 
1 43.855839000000003 -28.541101000000001 0 -1 0 0 
1 43.005836000000002 -28.541101000000001 0 0 1 0 
1 43.005836000000002 -16.296778 0 -1 0 0 
1 38.049999 -16.296778 0 0 -1 0 
1 38.049999 -27.791101000000001 0 1 0 0 
1 39.75 -27.791101000000001 0 0 -1 0 
1 39.75 -28.191101 0 -1 0 0 
1 37.650002000000001 -28.191101 0 0 1 0 
1 37.650002000000001 -13.348388999999999 0 1 0 0 
1 38.049999 -13.348388999999999 0 0 -1 0 
1 38.049999 -15.396777 0 1 0 0 
1 43.005836000000002 -15.396777 0 0 1 0 
1 43.005836000000002 -11.5 0 -1 0 0 
1 38.049999 -11.5 0 0 -1 0 
1 38.049999 -12.448388 0 -1 0 0 
1 37.650002000000001 -12.448388 0 0 1 0 
1 63.722546000000001 6.9360439999999999 0 1 0 0 
1 68.122542999999993 6.9360439999999999 0 0 1 0 
1 68.122542999999993 7.9635730000000002 0 1 0 0 
1 68.522544999999994 7.9635730000000002 0 0 -1 0 
1 68.522544999999994 6.9360439999999999 0 1 0 0 
1 69.008353999999997 6.9360439999999999 0 0 -1 0 
1 69.008353999999997 6.3393810000000004 0 -1 0 0 
1 63.022545000000001 6.3393810000000004 0 0 1 0 
1 63.022545000000001 9.9393809999999991 0 -1 0 0 
1 61.950001 9.9393809999999991 0 0 1 0 
1 61.950001 10.391102 0 1 0 0 
1 63.022545000000001 10.391102 0 0 1 0 
1 63.022545000000001 12.891102 0 -1 0 0 
1 56.977454999999999 12.891102 0 0 -1 0 
1 56.977454999999999 10.391102 0 1 0 0 
1 58.049999 10.391102 0 0 -1 0 
1 58.049999 9.9393809999999991 0 -1 0 0 
1 56.977454999999999 9.9393809999999991 0 0 -1 0 
1 56.977454999999999 6.3393810000000004 0 -1 0 0 
1 50.991646000000003 6.3393810000000004 0 0 1 0 
1 50.991646000000003 6.9360439999999999 0 1 0 0 
1 51.477454999999999 6.9360439999999999 0 0 1 0 
1 51.477454999999999 7.9635730000000002 0 1 0 0 
1 51.877453000000003 7.9635730000000002 0 0 -1 0 
1 51.877453000000003 6.9360439999999999 0 1 0 0 
1 56.277453999999999 6.9360439999999999 0 0 1 0 
1 56.277453999999999 9.8911020000000001 0 -1 0 0 
1 51.877453000000003 9.8911020000000001 0 0 -1 0 
1 51.877453000000003 8.8635730000000006 0 -1 0 0 
1 51.477454999999999 8.8635730000000006 0 0 1 0 
1 51.477454999999999 9.8911020000000001 0 -1 0 0 
1 50.991646000000003 9.8911020000000001 0 0 1 0 
1 50.991646000000003 10.541100999999999 0 1 0 0 
1 51.791645000000003 10.541100999999999 0 0 -1 0 
1 51.791645000000003 10.391102 0 1 0 0 
1 52.491646000000003 10.391102 0 0 -1 0 
1 52.491646000000003 10.291100999999999 0 1 0 0 
1 55.491646000000003 10.291100999999999 0 0 1 0 
1 55.491646000000003 10.391102 0 1 0 0 
1 56.127453000000003 10.391102 0 0 1 0 
1 56.127453000000003 11.091101999999999 0 1 0 0 
1 56.277453999999999 11.091101999999999 0 0 1 0 
1 56.277453999999999 12.791100999999999 0 -1 0 0 
1 56.127453000000003 12.791100999999999 0 0 1 0 
1 56.127453000000003 14.391102 0 1 0 0 
1 56.277453999999999 14.391102 0 0 1 0 
1 56.277453999999999 15.991102 0 -1 0 0 
1 56.127453000000003 15.991102 0 0 1 0 
1 56.127453000000003 17.591103 0 1 0 0 
1 56.277453999999999 17.591103 0 0 1 0 
1 56.277453999999999 19.391102 0 -1 0 0 
1 56.127453000000003 19.391102 0 0 1 0 
1 56.127453000000003 20.991102000000001 0 1 0 0 
1 56.277453999999999 20.991102000000001 0 0 1 0 
1 56.277453999999999 21.417373999999999 0 1 0 0 
1 56.977454999999999 21.417373999999999 0 0 -1 0 
1 56.977454999999999 13.491102 0 1 0 0 
1 63.022545000000001 13.491102 0 0 1 0 
1 63.022545000000001 21.417373999999999 0 1 0 0 
1 63.722546000000001 21.417373999999999 0 0 -1 0 
1 63.722546000000001 20.991102000000001 0 1 0 0 
1 63.872546999999997 20.991102000000001 0 0 -1 0 
1 63.872546999999997 19.391102 0 -1 0 0 
1 63.722546000000001 19.391102 0 0 -1 0 
1 63.722546000000001 17.591103 0 1 0 0 
1 63.872546999999997 17.591103 0 0 -1 0 
1 63.872546999999997 15.991102 0 -1 0 0 
1 63.722546000000001 15.991102 0 0 -1 0 
1 63.722546000000001 14.391102 0 1 0 0 
1 63.872546999999997 14.391102 0 0 -1 0 
1 63.872546999999997 12.791100999999999 0 -1 0 0 
1 63.722546000000001 12.791100999999999 0 0 -1 0 
1 63.722546000000001 11.091101999999999 0 1 0 0 
1 63.872546999999997 11.091101999999999 0 0 -1 0 
1 63.872546999999997 10.391102 0 1 0 0 
1 64.508353999999997 10.391102 0 0 -1 0 
1 64.508353999999997 10.291100999999999 0 1 0 0 
1 67.508353999999997 10.291100999999999 0 0 1 0 
1 67.508353999999997 10.391102 0 1 0 0 
1 68.208350999999993 10.391102 0 0 1 0 
1 68.208350999999993 10.541100999999999 0 1 0 0 
1 69.008353999999997 10.541100999999999 0 0 -1 0 
1 69.008353999999997 9.8911020000000001 0 -1 0 0 
1 68.522544999999994 9.8911020000000001 0 0 -1 0 
1 68.522544999999994 8.8635730000000006 0 -1 0 0 
1 68.122542999999993 8.8635730000000006 0 0 1 0 
1 68.122542999999993 9.8911020000000001 0 -1 0 0 
1 63.722546000000001 9.8911020000000001 0 0 -1 0 
1 68.522544999999994 -7.9635730000000002 0 -1 0 0 
1 68.122542999999993 -7.9635730000000002 0 0 1 0 
1 68.122542999999993 -6.9360439999999999 0 -1 0 0 
1 63.722546000000001 -6.9360439999999999 0 0 -1 0 
1 63.722546000000001 -9.8911020000000001 0 1 0 0 
1 68.122542999999993 -9.8911020000000001 0 0 1 0 
1 68.122542999999993 -8.8635730000000006 0 1 0 0 
1 68.522544999999994 -8.8635730000000006 0 0 -1 0 
1 68.522544999999994 -9.8911020000000001 0 1 0 0 
1 69.008353999999997 -9.8911020000000001 0 0 -1 0 
1 69.008353999999997 -10.541100999999999 0 -1 0 0 
1 68.208350999999993 -10.541100999999999 0 0 1 0 
1 68.208350999999993 -10.391102 0 -1 0 0 
1 67.508353999999997 -10.391102 0 0 1 0 
1 67.508353999999997 -10.291100999999999 0 -1 0 0 
1 64.508353999999997 -10.291100999999999 0 0 -1 0 
1 64.508353999999997 -10.391102 0 -1 0 0 
1 63.872546999999997 -10.391102 0 0 -1 0 
1 63.872546999999997 -11.091101999999999 0 -1 0 0 
1 63.722546000000001 -11.091101999999999 0 0 -1 0 
1 63.722546000000001 -12.791100999999999 0 1 0 0 
1 63.872546999999997 -12.791100999999999 0 0 -1 0 
1 63.872546999999997 -14.391102 0 -1 0 0 
1 63.722546000000001 -14.391102 0 0 -1 0 
1 63.722546000000001 -15.991102 0 1 0 0 
1 63.872546999999997 -15.991102 0 0 -1 0 
1 63.872546999999997 -17.591103 0 -1 0 0 
1 63.722546000000001 -17.591103 0 0 -1 0 
1 63.722546000000001 -19.391102 0 1 0 0 
1 63.872546999999997 -19.391102 0 0 -1 0 
1 63.872546999999997 -20.991102000000001 0 -1 0 0 
1 63.722546000000001 -20.991102000000001 0 0 -1 0 
1 63.722546000000001 -21.417373999999999 0 -1 0 0 
1 63.022545000000001 -21.417373999999999 0 0 1 0 
1 63.022545000000001 -13.491102 0 -1 0 0 
1 56.977454999999999 -13.491102 0 0 -1 0 
1 56.977454999999999 -21.417373999999999 0 -1 0 0 
1 56.277453999999999 -21.417373999999999 0 0 1 0 
1 56.277453999999999 -20.991102000000001 0 -1 0 0 
1 56.127453000000003 -20.991102000000001 0 0 1 0 
1 56.127453000000003 -19.391102 0 1 0 0 
1 56.277453999999999 -19.391102 0 0 1 0 
1 56.277453999999999 -17.591103 0 -1 0 0 
1 56.127453000000003 -17.591103 0 0 1 0 
1 56.127453000000003 -15.991102 0 1 0 0 
1 56.277453999999999 -15.991102 0 0 1 0 
1 56.277453999999999 -14.391102 0 -1 0 0 
1 56.127453000000003 -14.391102 0 0 1 0 
1 56.127453000000003 -12.791100999999999 0 1 0 0 
1 56.277453999999999 -12.791100999999999 0 0 1 0 
1 56.277453999999999 -11.091101999999999 0 -1 0 0 
1 56.127453000000003 -11.091101999999999 0 0 1 0 
1 56.127453000000003 -10.391102 0 -1 0 0 
1 55.491646000000003 -10.391102 0 0 1 0 
1 55.491646000000003 -10.291100999999999 0 -1 0 0 
1 52.491646000000003 -10.291100999999999 0 0 -1 0 
1 52.491646000000003 -10.391102 0 -1 0 0 
1 51.791645000000003 -10.391102 0 0 -1 0 
1 51.791645000000003 -10.541100999999999 0 -1 0 0 
1 50.991646000000003 -10.541100999999999 0 0 1 0 
1 50.991646000000003 -9.8911020000000001 0 1 0 0 
1 51.477454999999999 -9.8911020000000001 0 0 1 0 
1 51.477454999999999 -8.8635730000000006 0 1 0 0 
1 51.877453000000003 -8.8635730000000006 0 0 -1 0 
1 51.877453000000003 -9.8911020000000001 0 1 0 0 
1 56.277453999999999 -9.8911020000000001 0 0 1 0 
1 56.277453999999999 -6.9360439999999999 0 -1 0 0 
1 51.877453000000003 -6.9360439999999999 0 0 -1 0 
1 51.877453000000003 -7.9635730000000002 0 -1 0 0 
1 51.477454999999999 -7.9635730000000002 0 0 1 0 
1 51.477454999999999 -6.9360439999999999 0 -1 0 0 
1 50.991646000000003 -6.9360439999999999 0 0 1 0 
1 50.991646000000003 -6.3393810000000004 0 1 0 0 
1 56.977454999999999 -6.3393810000000004 0 0 -1 0 
1 56.977454999999999 -9.9393809999999991 0 1 0 0 
1 58.049999 -9.9393809999999991 0 0 -1 0 
1 58.049999 -10.391102 0 -1 0 0 
1 56.977454999999999 -10.391102 0 0 -1 0 
1 56.977454999999999 -12.891102 0 1 0 0 
1 63.022545000000001 -12.891102 0 0 1 0 
1 63.022545000000001 -10.391102 0 -1 0 0 
1 61.950001 -10.391102 0 0 1 0 
1 61.950001 -9.9393809999999991 0 1 0 0 
1 63.022545000000001 -9.9393809999999991 0 0 1 0 
1 63.022545000000001 -6.3393810000000004 0 1 0 0 
1 69.008353999999997 -6.3393810000000004 0 0 -1 0 
1 69.008353999999997 -6.9360439999999999 0 -1 0 0 
1 68.522544999999994 -6.9360439999999999 0 0 -1 0 
Polygon3D 0
PolygonOnTriangulations 0
Surfaces 39
1 59.999999044547593 2.8521942075890757e-15 0 0 0 1 1 0 -0 -0 1 0 
1 59.999999044547593 2.8521942075890757e-15 0 0 0 1 1 0 -0 -0 1 0 
1 59.999999044547593 2.8521942075890757e-15 0 0 0 1 1 0 -0 -0 1 0 
1 59.999999044547593 2.8521942075890757e-15 0 0 0 1 1 0 -0 -0 1 0 
1 59.999999044547593 2.8521942075890757e-15 0 0 0 1 1 0 -0 -0 1 0 
1 59.999999044547593 2.8521942075890757e-15 0 0 0 1 1 0 -0 -0 1 0 
1 59.999999044547593 2.8521942075890757e-15 0 0 0 1 1 0 -0 -0 1 0 
1 59.999999044547593 2.8521942075890757e-15 0 0 0 1 1 0 -0 -0 1 0 
1 59.999999044547593 2.8521942075890757e-15 0 0 0 1 1 0 -0 -0 1 0 
1 59.999999044547593 2.8521942075890757e-15 0 0 0 1 1 0 -0 -0 1 0 
1 59.999999044547593 2.8521942075890757e-15 0 0 0 1 1 0 -0 -0 1 0 
1 59.999999044547593 2.8521942075890757e-15 0 0 0 1 1 0 -0 -0 1 0 
1 59.999999044547593 2.8521942075890757e-15 0 0 0 1 1 0 -0 -0 1 0 
1 59.999999044547593 2.8521942075890757e-15 0 0 0 1 1 0 -0 -0 1 0 
1 59.999999044547593 2.8521942075890757e-15 0 0 0 1 1 0 -0 -0 1 0 
1 59.999999044547593 2.8521942075890757e-15 0 0 0 1 1 0 -0 -0 1 0 
1 59.999999044547593 2.8521942075890757e-15 0 0 0 1 1 0 -0 -0 1 0 
1 59.999999044547593 2.8521942075890757e-15 0 0 0 1 1 0 -0 -0 1 0 
1 59.999999044547593 2.8521942075890757e-15 0 0 0 1 1 0 -0 -0 1 0 
1 59.999999044547593 2.8521942075890757e-15 0 0 0 1 1 0 -0 -0 1 0 
1 59.999999044547593 2.8521942075890757e-15 0 0 0 1 1 0 -0 -0 1 0 
1 59.999999044547593 2.8521942075890757e-15 0 0 0 1 1 0 -0 -0 1 0 
1 59.999999044547593 2.8521942075890757e-15 0 0 0 1 1 0 -0 -0 1 0 
1 59.999999044547593 2.8521942075890757e-15 0 0 0 1 1 0 -0 -0 1 0 
1 59.999999044547593 2.8521942075890757e-15 0 0 0 1 1 0 -0 -0 1 0 
1 59.999999044547593 2.8521942075890757e-15 0 0 0 1 1 0 -0 -0 1 0 
1 59.999999044547593 2.8521942075890757e-15 0 0 0 1 1 0 -0 -0 1 0 
1 59.999999044547593 2.8521942075890757e-15 0 0 0 1 1 0 -0 -0 1 0 
1 59.999999044547593 2.8521942075890757e-15 0 0 0 1 1 0 -0 -0 1 0 
1 59.999999044547593 2.8521942075890757e-15 0 0 0 1 1 0 -0 -0 1 0 
1 59.999999044547593 2.8521942075890757e-15 0 0 0 1 1 0 -0 -0 1 0 
1 59.999999044547593 2.8521942075890757e-15 0 0 0 1 1 0 -0 -0 1 0 
1 59.999999044547593 2.8521942075890757e-15 0 0 0 1 1 0 -0 -0 1 0 
1 59.999999044547593 2.8521942075890757e-15 0 0 0 1 1 0 -0 -0 1 0 
1 59.999999044547593 2.8521942075890757e-15 0 0 0 1 1 0 -0 -0 1 0 
1 59.999999044547593 2.8521942075890757e-15 0 0 0 1 1 0 -0 -0 1 0 
1 59.999999044547593 2.8521942075890757e-15 0 0 0 1 1 0 -0 -0 1 0 
1 59.999999044547593 2.8521942075890757e-15 0 0 0 1 1 0 -0 -0 1 0 
1 59.999999044547593 2.8521942075890757e-15 0 0 0 1 1 0 -0 -0 1 0 
Triangulations 0

TShapes 2149
Ve
1e-07
78.550003 31.791101 0
0 0

0101101
*
Ve
1e-07
78.550003 31.391102 0
0 0

0101101
*
Ed
 1e-07 1 1 0
1  1 0 0 0.399999000000001
0

0101000
+2149 0 -2148 0 *
Ve
1e-07
78.150002 31.391102 0
0 0

0101101
*
Ed
 1e-07 1 1 0
1  2 0 0 0.400001000000003
0

0101000
+2148 0 -2146 0 *
Ve
1e-07
78.150002 31.791101 0
0 0

0101101
*
Ed
 1e-07 1 1 0
1  3 0 0 0.399999000000001
0

0101000
+2146 0 -2144 0 *
Ve
1e-07
74.650002 31.791101 0
0 0

0101101
*
Ed
 1e-07 1 1 0
1  4 0 0 3.5
0

0101000
+2144 0 -2142 0 *
Ve
1e-07
74.650002 32.291103 0
0 0

0101101
*
Ed
 1e-07 1 1 0
1  5 0 0 0.500001999999999
0

0101000
+2142 0 -2140 0 *
Ve
1e-07
81.449997 32.291103 0
0 0

0101101
*
Ed
 1e-07 1 1 0
1  6 0 0 6.799995
0

0101000
+2140 0 -2138 0 *
Ve
1e-07
81.449997 36.891102 0
0 0

0101101
*
Ed
 1e-07 1 1 0
1  7 0 0 4.599999
0

0101000
+2138 0 -2136 0 *
Ve
1e-07
76.550003 36.891102 0
0 0

0101101
*
Ed
 1e-07 1 1 0
1  8 0 0 4.89999399999999
0

0101000
+2136 0 -2134 0 *
Ve
1e-07
76.550003 37.291103 0
0 0

0101101
*
Ed
 1e-07 1 1 0
1  9 0 0 0.400001000000003
0

0101000
+2134 0 -2132 0 *
Ve
1e-07
81.449997 37.291103 0
0 0

0101101
*
Ed
 1e-07 1 1 0
1  10 0 0 4.89999399999999
0

0101000
+2132 0 -2130 0 *
Ve
1e-07
81.449997 42.091103 0
0 0

0101101
*
Ed
 1e-07 1 1 0
1  11 0 0 4.8
0

0101000
+2130 0 -2128 0 *
Ve
1e-07
71.650002 42.091103 0
0 0

0101101
*
Ed
 1e-07 1 1 0
1  12 0 0 9.799995
0

0101000
+2128 0 -2126 0 *
Ve
1e-07
71.650002 38.841103 0
0 0

0101101
*
Ed
 1e-07 1 1 0
1  13 0 0 3.25
0

0101000
+2126 0 -2124 0 *
Ve
1e-07
71.25 38.841103 0
0 0

0101101
*
Ed
 1e-07 1 1 0
1  14 0 0 0.400002000000001
0

0101000
+2124 0 -2122 0 *
Ve
1e-07
71.25 42.091103 0
0 0

0101101
*
Ed
 1e-07 1 1 0
1  15 0 0 3.25
0

0101000
+2122 0 -2120 0 *
Ve
1e-07
69.75 42.091103 0
0 0

0101101
*
Ed
 1e-07 1 1 0
1  16 0 0 1.5
0

0101000
+2120 0 -2118 0 *
Ve
1e-07
69.75 39.891102 0
0 0

0101101
*
Ed
 1e-07 1 1 0
1  17 0 0 2.200001
0

0101000
+2118 0 -2116 0 *
Ve
1e-07
70.349998 39.891102 0
0 0

0101101
*
Ed
 1e-07 1 1 0
1  18 0 0 0.599997999999999
0

0101000
+2116 0 -2114 0 *
Ve
1e-07
70.349998 39.4911 0
0 0

0101101
*
Ed
 1e-07 1 1 0
1  19 0 0 0.400001999999994
0

0101000
+2114 0 -2112 0 *
Ve
1e-07
69.75 39.4911 0
0 0

0101101
*
Ed
 1e-07 1 1 0
1  20 0 0 0.599997999999999
0

0101000
+2112 0 -2110 0 *
Ve
1e-07
69.75 37.291103 0
0 0

0101101
*
Ed
 1e-07 1 1 0
1  21 0 0 2.199997
0

0101000
+2110 0 -2108 0 *
Ve
1e-07
71.25 37.291103 0
0 0

0101101
*
Ed
 1e-07 1 1 0
1  22 0 0 1.5
0

0101000
+2108 0 -2106 0 *
Ve
1e-07
71.25 37.941101 0
0 0

0101101
*
Ed
 1e-07 1 1 0
1  23 0 0 0.649998000000004
0

0101000
+2106 0 -2104 0 *
Ve
1e-07
71.650002 37.941101 0
0 0

0101101
*
Ed
 1e-07 1 1 0
1  24 0 0 0.400002000000001
0

0101000
+2104 0 -2102 0 *
Ve
1e-07
71.650002 37.291103 0
0 0

0101101
*
Ed
 1e-07 1 1 0
1  25 0 0 0.649998000000004
0

0101000
+2102 0 -2100 0 *
Ve
1e-07
75.650002 37.291103 0
0 0

0101101
*
Ed
 1e-07 1 1 0
1  26 0 0 4
0

0101000
+2100 0 -2098 0 *
Ve
1e-07
75.650002 36.891102 0
0 0

0101101
*
Ed
 1e-07 1 1 0
1  27 0 0 0.400001000000003
0

0101000
+2098 0 -2096 0 *
Ve
1e-07
73.349998 36.891102 0
0 0

0101101
*
Ed
 1e-07 1 1 0
1  28 0 0 2.300004
0

0101000
+2096 0 -2094 0 *
Ve
1e-07
73.349998 36.591103 0
0 0

0101101
*
Ed
 1e-07 1 1 0
1  29 0 0 0.299999
0

0101000
+2094 0 -2092 0 *
Ve
1e-07
72.949997 36.591103 0
0 0

0101101
*
Ed
 1e-07 1 1 0
1  30 0 0 0.400001000000003
0

0101000
+2092 0 -2090 0 *
Ve
1e-07
72.949997 36.891102 0
0 0

0101101
*
Ed
 1e-07 1 1 0
1  31 0 0 0.299999
0

0101000
+2090 0 -2088 0 *
Ve
1e-07
71.150002 36.891102 0
0 0

0101101
*
Ed
 1e-07 1 1 0
1  32 0 0 1.799995
0

0101000
+2088 0 -2086 0 *
Ve
1e-07
71.150002 36.591103 0
0 0

0101101
*
Ed
 1e-07 1 1 0
1  33 0 0 0.299999
0

0101000
+2086 0 -2084 0 *
Ve
1e-07
70.75 36.591103 0
0 0

0101101
*
Ed
 1e-07 1 1 0
1  34 0 0 0.400002000000001
0

0101000
+2084 0 -2082 0 *
Ve
1e-07
70.75 36.891102 0
0 0

0101101
*
Ed
 1e-07 1 1 0
1  35 0 0 0.299999
0

0101000
+2082 0 -2080 0 *
Ve
1e-07
69.349998 36.891102 0
0 0

0101101
*
Ed
 1e-07 1 1 0
1  36 0 0 1.400002
0

0101000
+2080 0 -2078 0 *
Ve
1e-07
69.349998 42.091103 0
0 0

0101101
*
Ed
 1e-07 1 1 0
1  37 0 0 5.200001
0

0101000
+2078 0 -2076 0 *
Ve
1e-07
66.75 42.091103 0
0 0

0101101
*
Ed
 1e-07 1 1 0
1  38 0 0 2.599998
0

0101000
+2076 0 -2074 0 *
Ve
1e-07
66.75 37.291103 0
0 0

0101101
*
Ed
 1e-07 1 1 0
1  39 0 0 4.8
0

0101000
+2074 0 -2072 0 *
Ve
1e-07
68.449997 37.291103 0
0 0

0101101
*
Ed
 1e-07 1 1 0
1  40 0 0 1.699997
0

0101000
+2072 0 -2070 0 *
Ve
1e-07
68.449997 36.891102 0
0 0

0101101
*
Ed
 1e-07 1 1 0
1  41 0 0 0.400001000000003
0

0101000
+2070 0 -2068 0 *
Ve
1e-07
66.349998 36.891102 0
0 0

0101101
*
Ed
 1e-07 1 1 0
1  42 0 0 2.099999
0

0101000
+2068 0 -2066 0 *
Ve
1e-07
66.349998 42.091103 0
0 0

0101101
*
Ed
 1e-07 1 1 0
1  43 0 0 5.200001
0

0101000
+2066 0 -2064 0 *
Ve
1e-07
63.75 42.091103 0
0 0

0101101
*
Ed
 1e-07 1 1 0
1  44 0 0 2.599998
0

0101000
+2064 0 -2062 0 *
Ve
1e-07
63.75 37.291103 0
0 0

0101101
*
Ed
 1e-07 1 1 0
1  45 0 0 4.8
0

0101000
+2062 0 -2060 0 *
Ve
1e-07
65.449997 37.291103 0
0 0

0101101
*
Ed
 1e-07 1 1 0
1  46 0 0 1.699997
0

0101000
+2060 0 -2058 0 *
Ve
1e-07
65.449997 36.891102 0
0 0

0101101
*
Ed
 1e-07 1 1 0
1  47 0 0 0.400001000000003
0

0101000
+2058 0 -2056 0 *
Ve
1e-07
63.75 36.891102 0
0 0

0101101
*
Ed
 1e-07 1 1 0
1  48 0 0 1.699997
0

0101000
+2056 0 -2054 0 *
Ve
1e-07
63.75 36.591103 0
0 0

0101101
*
Ed
 1e-07 1 1 0
1  49 0 0 0.299999
0

0101000
+2054 0 -2052 0 *
Ve
1e-07
63.349998 36.591103 0
0 0

0101101
*
Ed
 1e-07 1 1 0
1  50 0 0 0.400002000000001
0

0101000
+2052 0 -2050 0 *
Ve
1e-07
63.349998 42.091103 0
0 0

0101101
*
Ed
 1e-07 1 1 0
1  51 0 0 5.5
0

0101000
+2050 0 -2048 0 *
Ve
1e-07
60.349998 42.091103 0
0 0

0101101
*
Ed
 1e-07 1 1 0
1  52 0 0 3
0

0101000
+2048 0 -2046 0 *
Ve
1e-07
60.349998 35.391102 0
0 0

0101101
*
Ed
 1e-07 1 1 0
1  53 0 0 6.700001
0

0101000
+2046 0 -2044 0 *
Ve
1e-07
63.349998 35.391102 0
0 0

0101101
*
Ed
 1e-07 1 1 0
1  54 0 0 3
0

0101000
+2044 0 -2042 0 *
Ve
1e-07
63.349998 35.691101 0
0 0

0101101
*
Ed
 1e-07 1 1 0
1  55 0 0 0.299999000000007
0

0101000
+2042 0 -2040 0 *
Ve
1e-07
63.75 35.691101 0
0 0

0101101
*
Ed
 1e-07 1 1 0
1  56 0 0 0.400002000000001
0

0101000
+2040 0 -2038 0 *
Ve
1e-07
63.75 35.391102 0
0 0

0101101
*
Ed
 1e-07 1 1 0
1  57 0 0 0.299999000000007
0

0101000
+2038 0 -2036 0 *
Ve
1e-07
64.550003 35.391102 0
0 0

0101101
*
Ed
 1e-07 1 1 0
1  58 0 0 0.800003000000004
0

0101000
+2036 0 -2034 0 *
Ve
1e-07
64.550003 34.791103 0
0 0

0101101
*
Ed
 1e-07 1 1 0
1  59 0 0 0.599998999999997
0

0101000
+2034 0 -2032 0 *
Ve
1e-07
64.150002 34.791103 0
0 0

0101101
*
Ed
 1e-07 1 1 0
1  60 0 0 0.400001000000003
0

0101000
+2032 0 -2030 0 *
Ve
1e-07
64.150002 34.9911 0
0 0

0101101
*
Ed
 1e-07 1 1 0
1  61 0 0 0.199997000000003
0

0101000
+2030 0 -2028 0 *
Ve
1e-07
60.349998 34.9911 0
0 0

0101101
*
Ed
 1e-07 1 1 0
1  62 0 0 3.800004
0

0101000
+2028 0 -2026 0 *
Ve
1e-07
60.349998 32.291103 0
0 0

0101101
*
Ed
 1e-07 1 1 0
1  63 0 0 2.699997
0

0101000
+2026 0 -2024 0 *
Ve
1e-07
64.150002 32.291103 0
0 0

0101101
*
Ed
 1e-07 1 1 0
1  64 0 0 3.800004
0

0101000
+2024 0 -2022 0 *
Ve
1e-07
64.150002 33.891102 0
0 0

0101101
*
Ed
 1e-07 1 1 0
1  65 0 0 1.599999
0

0101000
+2022 0 -2020 0 *
Ve
1e-07
64.550003 33.891102 0
0 0

0101101
*
Ed
 1e-07 1 1 0
1  66 0 0 0.400001000000003
0

0101000
+2020 0 -2018 0 *
Ve
1e-07
64.550003 32.291103 0
0 0

0101101
*
Ed
 1e-07 1 1 0
1  67 0 0 1.599999
0

0101000
+2018 0 -2016 0 *
Ve
1e-07
66.849998 32.291103 0
0 0

0101101
*
Ed
 1e-07 1 1 0
1  68 0 0 2.299995
0

0101000
+2016 0 -2014 0 *
Ve
1e-07
66.849998 31.791101 0
0 0

0101101
*
Ed
 1e-07 1 1 0
1  69 0 0 0.500001999999999
0

0101000
+2014 0 -2012 0 *
Ve
1e-07
53.150002 31.791101 0
0 0

0101101
*
Ed
 1e-07 1 1 0
1  70 0 0 13.699996
0

0101000
+2012 0 -2010 0 *
Ve
1e-07
53.150002 32.291103 0
0 0

0101101
*
Ed
 1e-07 1 1 0
1  71 0 0 0.500001999999999
0

0101000
+2010 0 -2008 0 *
Ve
1e-07
55.450001 32.291103 0
0 0

0101101
*
Ed
 1e-07 1 1 0
1  72 0 0 2.299999
0

0101000
+2008 0 -2006 0 *
Ve
1e-07
55.450001 33.891102 0
0 0

0101101
*
Ed
 1e-07 1 1 0
1  73 0 0 1.599999
0

0101000
+2006 0 -2004 0 *
Ve
1e-07
55.849998 33.891102 0
0 0

0101101
*
Ed
 1e-07 1 1 0
1  74 0 0 0.399996999999999
0

0101000
+2004 0 -2002 0 *
Ve
1e-07
55.849998 32.291103 0
0 0

0101101
*
Ed
 1e-07 1 1 0
1  75 0 0 1.599999
0

0101000
+2002 0 -2000 0 *
Ve
1e-07
59.650002 32.291103 0
0 0

0101101
*
Ed
 1e-07 1 1 0
1  76 0 0 3.800004
0

0101000
+2000 0 -1998 0 *
Ve
1e-07
59.650002 34.9911 0
0 0

0101101
*
Ed
 1e-07 1 1 0
1  77 0 0 2.699997
0

0101000
+1998 0 -1996 0 *
Ve
1e-07
55.849998 34.9911 0
0 0

0101101
*
Ed
 1e-07 1 1 0
1  78 0 0 3.800004
0

0101000
+1996 0 -1994 0 *
Ve
1e-07
55.849998 34.791103 0
0 0

0101101
*
Ed
 1e-07 1 1 0
1  79 0 0 0.199997000000003
0

0101000
+1994 0 -1992 0 *
Ve
1e-07
55.450001 34.791103 0
0 0

0101101
*
Ed
 1e-07 1 1 0
1  80 0 0 0.399996999999999
0

0101000
+1992 0 -1990 0 *
Ve
1e-07
55.450001 35.391102 0
0 0

0101101
*
Ed
 1e-07 1 1 0
1  81 0 0 0.599998999999997
0

0101000
+1990 0 -1988 0 *
Ve
1e-07
56.25 35.391102 0
0 0

0101101
*
Ed
 1e-07 1 1 0
1  82 0 0 0.799999
0

0101000
+1988 0 -1986 0 *
Ve
1e-07
56.25 35.691101 0
0 0

0101101
*
Ed
 1e-07 1 1 0
1  83 0 0 0.299999000000007
0

0101000
+1986 0 -1984 0 *
Ve
1e-07
56.650002 35.691101 0
0 0

0101101
*
Ed
 1e-07 1 1 0
1  84 0 0 0.400002000000001
0

0101000
+1984 0 -1982 0 *
Ve
1e-07
56.650002 35.391102 0
0 0

0101101
*
Ed
 1e-07 1 1 0
1  85 0 0 0.299999000000007
0

0101000
+1982 0 -1980 0 *
Ve
1e-07
59.650002 35.391102 0
0 0

0101101
*
Ed
 1e-07 1 1 0
1  86 0 0 3
0

0101000
+1980 0 -1978 0 *
Ve
1e-07
59.650002 42.091103 0
0 0

0101101
*
Ed
 1e-07 1 1 0
1  87 0 0 6.700001
0

0101000
+1978 0 -1976 0 *
Ve
1e-07
56.650002 42.091103 0
0 0

0101101
*
Ed
 1e-07 1 1 0
1  88 0 0 3
0

0101000
+1976 0 -1974 0 *
Ve
1e-07
56.650002 36.591103 0
0 0

0101101
*
Ed
 1e-07 1 1 0
1  89 0 0 5.5
0

0101000
+1974 0 -1972 0 *
Ve
1e-07
56.25 36.591103 0
0 0

0101101
*
Ed
 1e-07 1 1 0
1  90 0 0 0.400002000000001
0

0101000
+1972 0 -1970 0 *
Ve
1e-07
56.25 36.891102 0
0 0

0101101
*
Ed
 1e-07 1 1 0
1  91 0 0 0.299999
0

0101000
+1970 0 -1968 0 *
Ve
1e-07
54.549999 36.891102 0
0 0

0101101
*
Ed
 1e-07 1 1 0
1  92 0 0 1.700001
0

0101000
+1968 0 -1966 0 *
Ve
1e-07
54.549999 37.291103 0
0 0

0101101
*
Ed
 1e-07 1 1 0
1  93 0 0 0.400001000000003
0

0101000
+1966 0 -1964 0 *
Ve
1e-07
56.25 37.291103 0
0 0

0101101
*
Ed
 1e-07 1 1 0
1  94 0 0 1.700001
0

0101000
+1964 0 -1962 0 *
Ve
1e-07
56.25 42.091103 0
0 0

0101101
*
Ed
 1e-07 1 1 0
1  95 0 0 4.8
0

0101000
+1962 0 -1960 0 *
Ve
1e-07
53.650002 42.091103 0
0 0

0101101
*
Ed
 1e-07 1 1 0
1  96 0 0 2.599998
0

0101000
+1960 0 -1958 0 *
Ve
1e-07
53.650002 36.891102 0
0 0

0101101
*
Ed
 1e-07 1 1 0
1  97 0 0 5.200001
0

0101000
+1958 0 -1956 0 *
Ve
1e-07
51.549999 36.891102 0
0 0

0101101
*
Ed
 1e-07 1 1 0
1  98 0 0 2.100003
0

0101000
+1956 0 -1954 0 *
Ve
1e-07
51.549999 37.291103 0
0 0

0101101
*
Ed
 1e-07 1 1 0
1  99 0 0 0.400001000000003
0

0101000
+1954 0 -1952 0 *
Ve
1e-07
53.25 37.291103 0
0 0

0101101
*
Ed
 1e-07 1 1 0
1  100 0 0 1.700001
0

0101000
+1952 0 -1950 0 *
Ve
1e-07
53.25 42.091103 0
0 0

0101101
*
Ed
 1e-07 1 1 0
1  101 0 0 4.8
0

0101000
+1950 0 -1948 0 *
Ve
1e-07
50.650002 42.091103 0
0 0

0101101
*
Ed
 1e-07 1 1 0
1  102 0 0 2.599998
0

0101000
+1948 0 -1946 0 *
Ve
1e-07
50.650002 36.891102 0
0 0

0101101
*
Ed
 1e-07 1 1 0
1  103 0 0 5.200001
0

0101000
+1946 0 -1944 0 *
Ve
1e-07
49.25 36.891102 0
0 0

0101101
*
Ed
 1e-07 1 1 0
1  104 0 0 1.400002
0

0101000
+1944 0 -1942 0 *
Ve
1e-07
49.25 36.591103 0
0 0

0101101
*
Ed
 1e-07 1 1 0
1  105 0 0 0.299999
0

0101000
+1942 0 -1940 0 *
Ve
1e-07
48.849998 36.591103 0
0 0

0101101
*
Ed
 1e-07 1 1 0
1  106 0 0 0.400002000000001
0

0101000
+1940 0 -1938 0 *
Ve
1e-07
48.849998 36.891102 0
0 0

0101101
*
Ed
 1e-07 1 1 0
1  107 0 0 0.299999
0

0101000
+1938 0 -1936 0 *
Ve
1e-07
47.049999 36.891102 0
0 0

0101101
*
Ed
 1e-07 1 1 0
1  108 0 0 1.799999
0

0101000
+1936 0 -1934 0 *
Ve
1e-07
47.049999 36.591103 0
0 0

0101101
*
Ed
 1e-07 1 1 0
1  109 0 0 0.299999
0

0101000
+1934 0 -1932 0 *
Ve
1e-07
46.650002 36.591103 0
0 0

0101101
*
Ed
 1e-07 1 1 0
1  110 0 0 0.399996999999999
0

0101000
+1932 0 -1930 0 *
Ve
1e-07
46.650002 36.891102 0
0 0

0101101
*
Ed
 1e-07 1 1 0
1  111 0 0 0.299999
0

0101000
+1930 0 -1928 0 *
Ve
1e-07
44.349998 36.891102 0
0 0

0101101
*
Ed
 1e-07 1 1 0
1  112 0 0 2.300004
0

0101000
+1928 0 -1926 0 *
Ve
1e-07
44.349998 37.291103 0
0 0

0101101
*
Ed
 1e-07 1 1 0
1  113 0 0 0.400001000000003
0

0101000
+1926 0 -1924 0 *
Ve
1e-07
48.349998 37.291103 0
0 0

0101101
*
Ed
 1e-07 1 1 0
1  114 0 0 4
0

0101000
+1924 0 -1922 0 *
Ve
1e-07
48.349998 37.941101 0
0 0

0101101
*
Ed
 1e-07 1 1 0
1  115 0 0 0.649998000000004
0

0101000
+1922 0 -1920 0 *
Ve
1e-07
48.75 37.941101 0
0 0

0101101
*
Ed
 1e-07 1 1 0
1  116 0 0 0.400002000000001
0

0101000
+1920 0 -1918 0 *
Ve
1e-07
48.75 37.291103 0
0 0

0101101
*
Ed
 1e-07 1 1 0
1  117 0 0 0.649998000000004
0

0101000
+1918 0 -1916 0 *
Ve
1e-07
50.25 37.291103 0
0 0

0101101
*
Ed
 1e-07 1 1 0
1  118 0 0 1.5
0

0101000
+1916 0 -1914 0 *
Ve
1e-07
50.25 39.4911 0
0 0

0101101
*
Ed
 1e-07 1 1 0
1  119 0 0 2.199997
0

0101000
+1914 0 -1912 0 *
Ve
1e-07
49.650002 39.4911 0
0 0

0101101
*
Ed
 1e-07 1 1 0
1  120 0 0 0.599997999999999
0

0101000
+1912 0 -1910 0 *
Ve
1e-07
49.650002 39.891102 0
0 0

0101101
*
Ed
 1e-07 1 1 0
1  121 0 0 0.400001999999994
0

0101000
+1910 0 -1908 0 *
Ve
1e-07
50.25 39.891102 0
0 0

0101101
*
Ed
 1e-07 1 1 0
1  122 0 0 0.599997999999999
0

0101000
+1908 0 -1906 0 *
Ve
1e-07
50.25 42.091103 0
0 0

0101101
*
Ed
 1e-07 1 1 0
1  123 0 0 2.200001
0

0101000
+1906 0 -1904 0 *
Ve
1e-07
48.75 42.091103 0
0 0

0101101
*
Ed
 1e-07 1 1 0
1  124 0 0 1.5
0

0101000
+1904 0 -1902 0 *
Ve
1e-07
48.75 38.841103 0
0 0

0101101
*
Ed
 1e-07 1 1 0
1  125 0 0 3.25
0

0101000
+1902 0 -1900 0 *
Ve
1e-07
48.349998 38.841103 0
0 0

0101101
*
Ed
 1e-07 1 1 0
1  126 0 0 0.400002000000001
0

0101000
+1900 0 -1898 0 *
Ve
1e-07
48.349998 42.091103 0
0 0

0101101
*
Ed
 1e-07 1 1 0
1  127 0 0 3.25
0

0101000
+1898 0 -1896 0 *
Ve
1e-07
38.549999 42.091103 0
0 0

0101101
*
Ed
 1e-07 1 1 0
1  128 0 0 9.799999
0

0101000
+1896 0 -1894 0 *
Ve
1e-07
38.549999 37.291103 0
0 0

0101101
*
Ed
 1e-07 1 1 0
1  129 0 0 4.8
0

0101000
+1894 0 -1892 0 *
Ve
1e-07
43.450001 37.291103 0
0 0

0101101
*
Ed
 1e-07 1 1 0
1  130 0 0 4.900002
0

0101000
+1892 0 -1890 0 *
Ve
1e-07
43.450001 36.891102 0
0 0

0101101
*
Ed
 1e-07 1 1 0
1  131 0 0 0.400001000000003
0

0101000
+1890 0 -1888 0 *
Ve
1e-07
38.549999 36.891102 0
0 0

0101101
*
Ed
 1e-07 1 1 0
1  132 0 0 4.900002
0

0101000
+1888 0 -1886 0 *
Ve
1e-07
38.549999 32.291103 0
0 0

0101101
*
Ed
 1e-07 1 1 0
1  133 0 0 4.599999
0

0101000
+1886 0 -1884 0 *
Ve
1e-07
45.349998 32.291103 0
0 0

0101101
*
Ed
 1e-07 1 1 0
1  134 0 0 6.799999
0

0101000
+1884 0 -1882 0 *
Ve
1e-07
45.349998 31.791101 0
0 0

0101101
*
Ed
 1e-07 1 1 0
1  135 0 0 0.500001999999999
0

0101000
+1882 0 -1880 0 *
Ve
1e-07
41.849998 31.791101 0
0 0

0101101
*
Ed
 1e-07 1 1 0
1  136 0 0 3.5
0

0101000
+1880 0 -1878 0 *
Ve
1e-07
41.849998 31.391102 0
0 0

0101101
*
Ed
 1e-07 1 1 0
1  137 0 0 0.399999000000001
0

0101000
+1878 0 -1876 0 *
Ve
1e-07
41.450001 31.391102 0
0 0

0101101
*
Ed
 1e-07 1 1 0
1  138 0 0 0.399996999999999
0

0101000
+1876 0 -1874 0 *
Ve
1e-07
41.450001 31.791101 0
0 0

0101101
*
Ed
 1e-07 1 1 0
1  139 0 0 0.399999000000001
0

0101000
+1874 0 -1872 0 *
Ve
1e-07
35.950001 31.791101 0
0 0

0101101
*
Ed
 1e-07 1 1 0
1  140 0 0 5.5
0

0101000
+1872 0 -1870 0 *
Ve
1e-07
35.950001 -31.791101 0
0 0

0101101
*
Ed
 1e-07 1 1 0
1  141 0 0 63.582202
0

0101000
+1870 0 -1868 0 *
Ve
1e-07
41.450001 -31.791101 0
0 0

0101101
*
Ed
 1e-07 1 1 0
1  142 0 0 5.5
0

0101000
+1868 0 -1866 0 *
Ve
1e-07
41.450001 -31.391102 0
0 0

0101101
*
Ed
 1e-07 1 1 0
1  143 0 0 0.399999000000001
0

0101000
+1866 0 -1864 0 *
Ve
1e-07
41.849998 -31.391102 0
0 0

0101101
*
Ed
 1e-07 1 1 0
1  144 0 0 0.399996999999999
0

0101000
+1864 0 -1862 0 *
Ve
1e-07
41.849998 -31.791101 0
0 0

0101101
*
Ed
 1e-07 1 1 0
1  145 0 0 0.399999000000001
0

0101000
+1862 0 -1860 0 *
Ve
1e-07
45.349998 -31.791101 0
0 0

0101101
*
Ed
 1e-07 1 1 0
1  146 0 0 3.5
0

0101000
+1860 0 -1858 0 *
Ve
1e-07
45.349998 -32.291103 0
0 0

0101101
*
Ed
 1e-07 1 1 0
1  147 0 0 0.500001999999999
0

0101000
+1858 0 -1856 0 *
Ve
1e-07
38.549999 -32.291103 0
0 0

0101101
*
Ed
 1e-07 1 1 0
1  148 0 0 6.799999
0

0101000
+1856 0 -1854 0 *
Ve
1e-07
38.549999 -36.891102 0
0 0

0101101
*
Ed
 1e-07 1 1 0
1  149 0 0 4.599999
0

0101000
+1854 0 -1852 0 *
Ve
1e-07
43.450001 -36.891102 0
0 0

0101101
*
Ed
 1e-07 1 1 0
1  150 0 0 4.900002
0

0101000
+1852 0 -1850 0 *
Ve
1e-07
43.450001 -37.291103 0
0 0

0101101
*
Ed
 1e-07 1 1 0
1  151 0 0 0.400001000000003
0

0101000
+1850 0 -1848 0 *
Ve
1e-07
38.549999 -37.291103 0
0 0

0101101
*
Ed
 1e-07 1 1 0
1  152 0 0 4.900002
0

0101000
+1848 0 -1846 0 *
Ve
1e-07
38.549999 -42.091103 0
0 0

0101101
*
Ed
 1e-07 1 1 0
1  153 0 0 4.8
0

0101000
+1846 0 -1844 0 *
Ve
1e-07
48.349998 -42.091103 0
0 0

0101101
*
Ed
 1e-07 1 1 0
1  154 0 0 9.799999
0

0101000
+1844 0 -1842 0 *
Ve
1e-07
48.349998 -38.841103 0
0 0

0101101
*
Ed
 1e-07 1 1 0
1  155 0 0 3.25
0

0101000
+1842 0 -1840 0 *
Ve
1e-07
48.75 -38.841103 0
0 0

0101101
*
Ed
 1e-07 1 1 0
1  156 0 0 0.400002000000001
0

0101000
+1840 0 -1838 0 *
Ve
1e-07
48.75 -42.091103 0
0 0

0101101
*
Ed
 1e-07 1 1 0
1  157 0 0 3.25
0

0101000
+1838 0 -1836 0 *
Ve
1e-07
50.25 -42.091103 0
0 0

0101101
*
Ed
 1e-07 1 1 0
1  158 0 0 1.5
0

0101000
+1836 0 -1834 0 *
Ve
1e-07
50.25 -39.891102 0
0 0

0101101
*
Ed
 1e-07 1 1 0
1  159 0 0 2.200001
0

0101000
+1834 0 -1832 0 *
Ve
1e-07
49.650002 -39.891102 0
0 0

0101101
*
Ed
 1e-07 1 1 0
1  160 0 0 0.599997999999999
0

0101000
+1832 0 -1830 0 *
Ve
1e-07
49.650002 -39.4911 0
0 0

0101101
*
Ed
 1e-07 1 1 0
1  161 0 0 0.400001999999994
0

0101000
+1830 0 -1828 0 *
Ve
1e-07
50.25 -39.4911 0
0 0

0101101
*
Ed
 1e-07 1 1 0
1  162 0 0 0.599997999999999
0

0101000
+1828 0 -1826 0 *
Ve
1e-07
50.25 -37.291103 0
0 0

0101101
*
Ed
 1e-07 1 1 0
1  163 0 0 2.199997
0

0101000
+1826 0 -1824 0 *
Ve
1e-07
48.75 -37.291103 0
0 0

0101101
*
Ed
 1e-07 1 1 0
1  164 0 0 1.5
0

0101000
+1824 0 -1822 0 *
Ve
1e-07
48.75 -37.941101 0
0 0

0101101
*
Ed
 1e-07 1 1 0
1  165 0 0 0.649998000000004
0

0101000
+1822 0 -1820 0 *
Ve
1e-07
48.349998 -37.941101 0
0 0

0101101
*
Ed
 1e-07 1 1 0
1  166 0 0 0.400002000000001
0

0101000
+1820 0 -1818 0 *
Ve
1e-07
48.349998 -37.291103 0
0 0

0101101
*
Ed
 1e-07 1 1 0
1  167 0 0 0.649998000000004
0

0101000
+1818 0 -1816 0 *
Ve
1e-07
44.349998 -37.291103 0
0 0

0101101
*
Ed
 1e-07 1 1 0
1  168 0 0 4
0

0101000
+1816 0 -1814 0 *
Ve
1e-07
44.349998 -36.891102 0
0 0

0101101
*
Ed
 1e-07 1 1 0
1  169 0 0 0.400001000000003
0

0101000
+1814 0 -1812 0 *
Ve
1e-07
46.650002 -36.891102 0
0 0

0101101
*
Ed
 1e-07 1 1 0
1  170 0 0 2.300004
0

0101000
+1812 0 -1810 0 *
Ve
1e-07
46.650002 -36.591103 0
0 0

0101101
*
Ed
 1e-07 1 1 0
1  171 0 0 0.299999
0

0101000
+1810 0 -1808 0 *
Ve
1e-07
47.049999 -36.591103 0
0 0

0101101
*
Ed
 1e-07 1 1 0
1  172 0 0 0.399996999999999
0

0101000
+1808 0 -1806 0 *
Ve
1e-07
47.049999 -36.891102 0
0 0

0101101
*
Ed
 1e-07 1 1 0
1  173 0 0 0.299999
0

0101000
+1806 0 -1804 0 *
Ve
1e-07
48.849998 -36.891102 0
0 0

0101101
*
Ed
 1e-07 1 1 0
1  174 0 0 1.799999
0

0101000
+1804 0 -1802 0 *
Ve
1e-07
48.849998 -36.591103 0
0 0

0101101
*
Ed
 1e-07 1 1 0
1  175 0 0 0.299999
0

0101000
+1802 0 -1800 0 *
Ve
1e-07
49.25 -36.591103 0
0 0

0101101
*
Ed
 1e-07 1 1 0
1  176 0 0 0.400002000000001
0

0101000
+1800 0 -1798 0 *
Ve
1e-07
49.25 -36.891102 0
0 0

0101101
*
Ed
 1e-07 1 1 0
1  177 0 0 0.299999
0

0101000
+1798 0 -1796 0 *
Ve
1e-07
50.650002 -36.891102 0
0 0

0101101
*
Ed
 1e-07 1 1 0
1  178 0 0 1.400002
0

0101000
+1796 0 -1794 0 *
Ve
1e-07
50.650002 -42.091103 0
0 0

0101101
*
Ed
 1e-07 1 1 0
1  179 0 0 5.200001
0

0101000
+1794 0 -1792 0 *
Ve
1e-07
53.25 -42.091103 0
0 0

0101101
*
Ed
 1e-07 1 1 0
1  180 0 0 2.599998
0

0101000
+1792 0 -1790 0 *
Ve
1e-07
53.25 -37.291103 0
0 0

0101101
*
Ed
 1e-07 1 1 0
1  181 0 0 4.8
0

0101000
+1790 0 -1788 0 *
Ve
1e-07
51.549999 -37.291103 0
0 0

0101101
*
Ed
 1e-07 1 1 0
1  182 0 0 1.700001
0

0101000
+1788 0 -1786 0 *
Ve
1e-07
51.549999 -36.891102 0
0 0

0101101
*
Ed
 1e-07 1 1 0
1  183 0 0 0.400001000000003
0

0101000
+1786 0 -1784 0 *
Ve
1e-07
53.650002 -36.891102 0
0 0

0101101
*
Ed
 1e-07 1 1 0
1  184 0 0 2.100003
0

0101000
+1784 0 -1782 0 *
Ve
1e-07
53.650002 -42.091103 0
0 0

0101101
*
Ed
 1e-07 1 1 0
1  185 0 0 5.200001
0

0101000
+1782 0 -1780 0 *
Ve
1e-07
56.25 -42.091103 0
0 0

0101101
*
Ed
 1e-07 1 1 0
1  186 0 0 2.599998
0

0101000
+1780 0 -1778 0 *
Ve
1e-07
56.25 -37.291103 0
0 0

0101101
*
Ed
 1e-07 1 1 0
1  187 0 0 4.8
0

0101000
+1778 0 -1776 0 *
Ve
1e-07
54.549999 -37.291103 0
0 0

0101101
*
Ed
 1e-07 1 1 0
1  188 0 0 1.700001
0

0101000
+1776 0 -1774 0 *
Ve
1e-07
54.549999 -36.891102 0
0 0

0101101
*
Ed
 1e-07 1 1 0
1  189 0 0 0.400001000000003
0

0101000
+1774 0 -1772 0 *
Ve
1e-07
56.25 -36.891102 0
0 0

0101101
*
Ed
 1e-07 1 1 0
1  190 0 0 1.700001
0

0101000
+1772 0 -1770 0 *
Ve
1e-07
56.25 -36.591103 0
0 0

0101101
*
Ed
 1e-07 1 1 0
1  191 0 0 0.299999
0

0101000
+1770 0 -1768 0 *
Ve
1e-07
56.650002 -36.591103 0
0 0

0101101
*
Ed
 1e-07 1 1 0
1  192 0 0 0.400002000000001
0

0101000
+1768 0 -1766 0 *
Ve
1e-07
56.650002 -42.091103 0
0 0

0101101
*
Ed
 1e-07 1 1 0
1  193 0 0 5.5
0

0101000
+1766 0 -1764 0 *
Ve
1e-07
59.650002 -42.091103 0
0 0

0101101
*
Ed
 1e-07 1 1 0
1  194 0 0 3
0

0101000
+1764 0 -1762 0 *
Ve
1e-07
59.650002 -35.391102 0
0 0

0101101
*
Ed
 1e-07 1 1 0
1  195 0 0 6.700001
0

0101000
+1762 0 -1760 0 *
Ve
1e-07
56.650002 -35.391102 0
0 0

0101101
*
Ed
 1e-07 1 1 0
1  196 0 0 3
0

0101000
+1760 0 -1758 0 *
Ve
1e-07
56.650002 -35.691101 0
0 0

0101101
*
Ed
 1e-07 1 1 0
1  197 0 0 0.299999000000007
0

0101000
+1758 0 -1756 0 *
Ve
1e-07
56.25 -35.691101 0
0 0

0101101
*
Ed
 1e-07 1 1 0
1  198 0 0 0.400002000000001
0

0101000
+1756 0 -1754 0 *
Ve
1e-07
56.25 -35.391102 0
0 0

0101101
*
Ed
 1e-07 1 1 0
1  199 0 0 0.299999000000007
0

0101000
+1754 0 -1752 0 *
Ve
1e-07
55.450001 -35.391102 0
0 0

0101101
*
Ed
 1e-07 1 1 0
1  200 0 0 0.799999
0

0101000
+1752 0 -1750 0 *
Ve
1e-07
55.450001 -34.791103 0
0 0

0101101
*
Ed
 1e-07 1 1 0
1  201 0 0 0.599998999999997
0

0101000
+1750 0 -1748 0 *
Ve
1e-07
55.849998 -34.791103 0
0 0

0101101
*
Ed
 1e-07 1 1 0
1  202 0 0 0.399996999999999
0

0101000
+1748 0 -1746 0 *
Ve
1e-07
55.849998 -34.9911 0
0 0

0101101
*
Ed
 1e-07 1 1 0
1  203 0 0 0.199997000000003
0

0101000
+1746 0 -1744 0 *
Ve
1e-07
59.650002 -34.9911 0
0 0

0101101
*
Ed
 1e-07 1 1 0
1  204 0 0 3.800004
0

0101000
+1744 0 -1742 0 *
Ve
1e-07
59.650002 -32.291103 0
0 0

0101101
*
Ed
 1e-07 1 1 0
1  205 0 0 2.699997
0

0101000
+1742 0 -1740 0 *
Ve
1e-07
55.849998 -32.291103 0
0 0

0101101
*
Ed
 1e-07 1 1 0
1  206 0 0 3.800004
0

0101000
+1740 0 -1738 0 *
Ve
1e-07
55.849998 -33.891102 0
0 0

0101101
*
Ed
 1e-07 1 1 0
1  207 0 0 1.599999
0

0101000
+1738 0 -1736 0 *
Ve
1e-07
55.450001 -33.891102 0
0 0

0101101
*
Ed
 1e-07 1 1 0
1  208 0 0 0.399996999999999
0

0101000
+1736 0 -1734 0 *
Ve
1e-07
55.450001 -32.291103 0
0 0

0101101
*
Ed
 1e-07 1 1 0
1  209 0 0 1.599999
0

0101000
+1734 0 -1732 0 *
Ve
1e-07
53.150002 -32.291103 0
0 0

0101101
*
Ed
 1e-07 1 1 0
1  210 0 0 2.299999
0

0101000
+1732 0 -1730 0 *
Ve
1e-07
53.150002 -31.791101 0
0 0

0101101
*
Ed
 1e-07 1 1 0
1  211 0 0 0.500001999999999
0

0101000
+1730 0 -1728 0 *
Ve
1e-07
66.849998 -31.791101 0
0 0

0101101
*
Ed
 1e-07 1 1 0
1  212 0 0 13.699996
0

0101000
+1728 0 -1726 0 *
Ve
1e-07
66.849998 -32.291103 0
0 0

0101101
*
Ed
 1e-07 1 1 0
1  213 0 0 0.500001999999999
0

0101000
+1726 0 -1724 0 *
Ve
1e-07
64.550003 -32.291103 0
0 0

0101101
*
Ed
 1e-07 1 1 0
1  214 0 0 2.299995
0

0101000
+1724 0 -1722 0 *
Ve
1e-07
64.550003 -33.891102 0
0 0

0101101
*
Ed
 1e-07 1 1 0
1  215 0 0 1.599999
0

0101000
+1722 0 -1720 0 *
Ve
1e-07
64.150002 -33.891102 0
0 0

0101101
*
Ed
 1e-07 1 1 0
1  216 0 0 0.400001000000003
0

0101000
+1720 0 -1718 0 *
Ve
1e-07
64.150002 -32.291103 0
0 0

0101101
*
Ed
 1e-07 1 1 0
1  217 0 0 1.599999
0

0101000
+1718 0 -1716 0 *
Ve
1e-07
60.349998 -32.291103 0
0 0

0101101
*
Ed
 1e-07 1 1 0
1  218 0 0 3.800004
0

0101000
+1716 0 -1714 0 *
Ve
1e-07
60.349998 -34.9911 0
0 0

0101101
*
Ed
 1e-07 1 1 0
1  219 0 0 2.699997
0

0101000
+1714 0 -1712 0 *
Ve
1e-07
64.150002 -34.9911 0
0 0

0101101
*
Ed
 1e-07 1 1 0
1  220 0 0 3.800004
0

0101000
+1712 0 -1710 0 *
Ve
1e-07
64.150002 -34.791103 0
0 0

0101101
*
Ed
 1e-07 1 1 0
1  221 0 0 0.199997000000003
0

0101000
+1710 0 -1708 0 *
Ve
1e-07
64.550003 -34.791103 0
0 0

0101101
*
Ed
 1e-07 1 1 0
1  222 0 0 0.400001000000003
0

0101000
+1708 0 -1706 0 *
Ve
1e-07
64.550003 -35.391102 0
0 0

0101101
*
Ed
 1e-07 1 1 0
1  223 0 0 0.599998999999997
0

0101000
+1706 0 -1704 0 *
Ve
1e-07
63.75 -35.391102 0
0 0

0101101
*
Ed
 1e-07 1 1 0
1  224 0 0 0.800003000000004
0

0101000
+1704 0 -1702 0 *
Ve
1e-07
63.75 -35.691101 0
0 0

0101101
*
Ed
 1e-07 1 1 0
1  225 0 0 0.299999000000007
0

0101000
+1702 0 -1700 0 *
Ve
1e-07
63.349998 -35.691101 0
0 0

0101101
*
Ed
 1e-07 1 1 0
1  226 0 0 0.400002000000001
0

0101000
+1700 0 -1698 0 *
Ve
1e-07
63.349998 -35.391102 0
0 0

0101101
*
Ed
 1e-07 1 1 0
1  227 0 0 0.299999000000007
0

0101000
+1698 0 -1696 0 *
Ve
1e-07
60.349998 -35.391102 0
0 0

0101101
*
Ed
 1e-07 1 1 0
1  228 0 0 3
0

0101000
+1696 0 -1694 0 *
Ve
1e-07
60.349998 -42.091103 0
0 0

0101101
*
Ed
 1e-07 1 1 0
1  229 0 0 6.700001
0

0101000
+1694 0 -1692 0 *
Ve
1e-07
63.349998 -42.091103 0
0 0

0101101
*
Ed
 1e-07 1 1 0
1  230 0 0 3
0

0101000
+1692 0 -1690 0 *
Ve
1e-07
63.349998 -36.591103 0
0 0

0101101
*
Ed
 1e-07 1 1 0
1  231 0 0 5.5
0

0101000
+1690 0 -1688 0 *
Ve
1e-07
63.75 -36.591103 0
0 0

0101101
*
Ed
 1e-07 1 1 0
1  232 0 0 0.400002000000001
0

0101000
+1688 0 -1686 0 *
Ve
1e-07
63.75 -36.891102 0
0 0

0101101
*
Ed
 1e-07 1 1 0
1  233 0 0 0.299999
0

0101000
+1686 0 -1684 0 *
Ve
1e-07
65.449997 -36.891102 0
0 0

0101101
*
Ed
 1e-07 1 1 0
1  234 0 0 1.699997
0

0101000
+1684 0 -1682 0 *
Ve
1e-07
65.449997 -37.291103 0
0 0

0101101
*
Ed
 1e-07 1 1 0
1  235 0 0 0.400001000000003
0

0101000
+1682 0 -1680 0 *
Ve
1e-07
63.75 -37.291103 0
0 0

0101101
*
Ed
 1e-07 1 1 0
1  236 0 0 1.699997
0

0101000
+1680 0 -1678 0 *
Ve
1e-07
63.75 -42.091103 0
0 0

0101101
*
Ed
 1e-07 1 1 0
1  237 0 0 4.8
0

0101000
+1678 0 -1676 0 *
Ve
1e-07
66.349998 -42.091103 0
0 0

0101101
*
Ed
 1e-07 1 1 0
1  238 0 0 2.599998
0

0101000
+1676 0 -1674 0 *
Ve
1e-07
66.349998 -36.891102 0
0 0

0101101
*
Ed
 1e-07 1 1 0
1  239 0 0 5.200001
0

0101000
+1674 0 -1672 0 *
Ve
1e-07
68.449997 -36.891102 0
0 0

0101101
*
Ed
 1e-07 1 1 0
1  240 0 0 2.099999
0

0101000
+1672 0 -1670 0 *
Ve
1e-07
68.449997 -37.291103 0
0 0

0101101
*
Ed
 1e-07 1 1 0
1  241 0 0 0.400001000000003
0

0101000
+1670 0 -1668 0 *
Ve
1e-07
66.75 -37.291103 0
0 0

0101101
*
Ed
 1e-07 1 1 0
1  242 0 0 1.699997
0

0101000
+1668 0 -1666 0 *
Ve
1e-07
66.75 -42.091103 0
0 0

0101101
*
Ed
 1e-07 1 1 0
1  243 0 0 4.8
0

0101000
+1666 0 -1664 0 *
Ve
1e-07
69.349998 -42.091103 0
0 0

0101101
*
Ed
 1e-07 1 1 0
1  244 0 0 2.599998
0

0101000
+1664 0 -1662 0 *
Ve
1e-07
69.349998 -36.891102 0
0 0

0101101
*
Ed
 1e-07 1 1 0
1  245 0 0 5.200001
0

0101000
+1662 0 -1660 0 *
Ve
1e-07
70.75 -36.891102 0
0 0

0101101
*
Ed
 1e-07 1 1 0
1  246 0 0 1.400002
0

0101000
+1660 0 -1658 0 *
Ve
1e-07
70.75 -36.591103 0
0 0

0101101
*
Ed
 1e-07 1 1 0
1  247 0 0 0.299999
0

0101000
+1658 0 -1656 0 *
Ve
1e-07
71.150002 -36.591103 0
0 0

0101101
*
Ed
 1e-07 1 1 0
1  248 0 0 0.400002000000001
0

0101000
+1656 0 -1654 0 *
Ve
1e-07
71.150002 -36.891102 0
0 0

0101101
*
Ed
 1e-07 1 1 0
1  249 0 0 0.299999
0

0101000
+1654 0 -1652 0 *
Ve
1e-07
72.949997 -36.891102 0
0 0

0101101
*
Ed
 1e-07 1 1 0
1  250 0 0 1.799995
0

0101000
+1652 0 -1650 0 *
Ve
1e-07
72.949997 -36.591103 0
0 0

0101101
*
Ed
 1e-07 1 1 0
1  251 0 0 0.299999
0

0101000
+1650 0 -1648 0 *
Ve
1e-07
73.349998 -36.591103 0
0 0

0101101
*
Ed
 1e-07 1 1 0
1  252 0 0 0.400001000000003
0

0101000
+1648 0 -1646 0 *
Ve
1e-07
73.349998 -36.891102 0
0 0

0101101
*
Ed
 1e-07 1 1 0
1  253 0 0 0.299999
0

0101000
+1646 0 -1644 0 *
Ve
1e-07
75.650002 -36.891102 0
0 0

0101101
*
Ed
 1e-07 1 1 0
1  254 0 0 2.300004
0

0101000
+1644 0 -1642 0 *
Ve
1e-07
75.650002 -37.291103 0
0 0

0101101
*
Ed
 1e-07 1 1 0
1  255 0 0 0.400001000000003
0

0101000
+1642 0 -1640 0 *
Ve
1e-07
71.650002 -37.291103 0
0 0

0101101
*
Ed
 1e-07 1 1 0
1  256 0 0 4
0

0101000
+1640 0 -1638 0 *
Ve
1e-07
71.650002 -37.941101 0
0 0

0101101
*
Ed
 1e-07 1 1 0
1  257 0 0 0.649998000000004
0

0101000
+1638 0 -1636 0 *
Ve
1e-07
71.25 -37.941101 0
0 0

0101101
*
Ed
 1e-07 1 1 0
1  258 0 0 0.400002000000001
0

0101000
+1636 0 -1634 0 *
Ve
1e-07
71.25 -37.291103 0
0 0

0101101
*
Ed
 1e-07 1 1 0
1  259 0 0 0.649998000000004
0

0101000
+1634 0 -1632 0 *
Ve
1e-07
69.75 -37.291103 0
0 0

0101101
*
Ed
 1e-07 1 1 0
1  260 0 0 1.5
0

0101000
+1632 0 -1630 0 *
Ve
1e-07
69.75 -39.4911 0
0 0

0101101
*
Ed
 1e-07 1 1 0
1  261 0 0 2.199997
0

0101000
+1630 0 -1628 0 *
Ve
1e-07
70.349998 -39.4911 0
0 0

0101101
*
Ed
 1e-07 1 1 0
1  262 0 0 0.599997999999999
0

0101000
+1628 0 -1626 0 *
Ve
1e-07
70.349998 -39.891102 0
0 0

0101101
*
Ed
 1e-07 1 1 0
1  263 0 0 0.400001999999994
0

0101000
+1626 0 -1624 0 *
Ve
1e-07
69.75 -39.891102 0
0 0

0101101
*
Ed
 1e-07 1 1 0
1  264 0 0 0.599997999999999
0

0101000
+1624 0 -1622 0 *
Ve
1e-07
69.75 -42.091103 0
0 0

0101101
*
Ed
 1e-07 1 1 0
1  265 0 0 2.200001
0

0101000
+1622 0 -1620 0 *
Ve
1e-07
71.25 -42.091103 0
0 0

0101101
*
Ed
 1e-07 1 1 0
1  266 0 0 1.5
0

0101000
+1620 0 -1618 0 *
Ve
1e-07
71.25 -38.841103 0
0 0

0101101
*
Ed
 1e-07 1 1 0
1  267 0 0 3.25
0

0101000
+1618 0 -1616 0 *
Ve
1e-07
71.650002 -38.841103 0
0 0

0101101
*
Ed
 1e-07 1 1 0
1  268 0 0 0.400002000000001
0

0101000
+1616 0 -1614 0 *
Ve
1e-07
71.650002 -42.091103 0
0 0

0101101
*
Ed
 1e-07 1 1 0
1  269 0 0 3.25
0

0101000
+1614 0 -1612 0 *
Ve
1e-07
81.449997 -42.091103 0
0 0

0101101
*
Ed
 1e-07 1 1 0
1  270 0 0 9.799995
0

0101000
+1612 0 -1610 0 *
Ve
1e-07
81.449997 -37.291103 0
0 0

0101101
*
Ed
 1e-07 1 1 0
1  271 0 0 4.8
0

0101000
+1610 0 -1608 0 *
Ve
1e-07
76.550003 -37.291103 0
0 0

0101101
*
Ed
 1e-07 1 1 0
1  272 0 0 4.89999399999999
0

0101000
+1608 0 -1606 0 *
Ve
1e-07
76.550003 -36.891102 0
0 0

0101101
*
Ed
 1e-07 1 1 0
1  273 0 0 0.400001000000003
0

0101000
+1606 0 -1604 0 *
Ve
1e-07
81.449997 -36.891102 0
0 0

0101101
*
Ed
 1e-07 1 1 0
1  274 0 0 4.89999399999999
0

0101000
+1604 0 -1602 0 *
Ve
1e-07
81.449997 -32.291103 0
0 0

0101101
*
Ed
 1e-07 1 1 0
1  275 0 0 4.599999
0

0101000
+1602 0 -1600 0 *
Ve
1e-07
74.650002 -32.291103 0
0 0

0101101
*
Ed
 1e-07 1 1 0
1  276 0 0 6.799995
0

0101000
+1600 0 -1598 0 *
Ve
1e-07
74.650002 -31.791101 0
0 0

0101101
*
Ed
 1e-07 1 1 0
1  277 0 0 0.500001999999999
0

0101000
+1598 0 -1596 0 *
Ve
1e-07
78.150002 -31.791101 0
0 0

0101101
*
Ed
 1e-07 1 1 0
1  278 0 0 3.5
0

0101000
+1596 0 -1594 0 *
Ve
1e-07
78.150002 -31.391102 0
0 0

0101101
*
Ed
 1e-07 1 1 0
1  279 0 0 0.399999000000001
0

0101000
+1594 0 -1592 0 *
Ve
1e-07
78.550003 -31.391102 0
0 0

0101101
*
Ed
 1e-07 1 1 0
1  280 0 0 0.400001000000003
0

0101000
+1592 0 -1590 0 *
Ve
1e-07
78.550003 -31.791101 0
0 0

0101101
*
Ed
 1e-07 1 1 0
1  281 0 0 0.399999000000001
0

0101000
+1590 0 -1588 0 *
Ve
1e-07
84.050003 -31.791101 0
0 0

0101101
*
Ed
 1e-07 1 1 0
1  282 0 0 5.5
0

0101000
+1588 0 -1586 0 *
Ve
1e-07
84.050003 31.791101 0
0 0

0101101
*
Ed
 1e-07 1 1 0
1  283 0 0 63.582202
0

0101000
+1586 0 -1584 0 *
Ed
 1e-07 1 1 0
1  284 0 0 5.5
0

0101000
+1584 0 -2149 0 *
Wi

0101100
+2147 0 +2145 0 +2143 0 +2141 0 +2139 0 +2137 0 +2135 0 +2133 0 +2131 0 +2129 0 
+2127 0 +2125 0 +2123 0 +2121 0 +2119 0 +2117 0 +2115 0 +2113 0 +2111 0 +2109 0 
+2107 0 +2105 0 +2103 0 +2101 0 +2099 0 +2097 0 +2095 0 +2093 0 +2091 0 +2089 0 
+2087 0 +2085 0 +2083 0 +2081 0 +2079 0 +2077 0 +2075 0 +2073 0 +2071 0 +2069 0 
+2067 0 +2065 0 +2063 0 +2061 0 +2059 0 +2057 0 +2055 0 +2053 0 +2051 0 +2049 0 
+2047 0 +2045 0 +2043 0 +2041 0 +2039 0 +2037 0 +2035 0 +2033 0 +2031 0 +2029 0 
+2027 0 +2025 0 +2023 0 +2021 0 +2019 0 +2017 0 +2015 0 +2013 0 +2011 0 +2009 0 
+2007 0 +2005 0 +2003 0 +2001 0 +1999 0 +1997 0 +1995 0 +1993 0 +1991 0 +1989 0 
+1987 0 +1985 0 +1983 0 +1981 0 +1979 0 +1977 0 +1975 0 +1973 0 +1971 0 +1969 0 
+1967 0 +1965 0 +1963 0 +1961 0 +1959 0 +1957 0 +1955 0 +1953 0 +1951 0 +1949 0 
+1947 0 +1945 0 +1943 0 +1941 0 +1939 0 +1937 0 +1935 0 +1933 0 +1931 0 +1929 0 
+1927 0 +1925 0 +1923 0 +1921 0 +1919 0 +1917 0 +1915 0 +1913 0 +1911 0 +1909 0 
+1907 0 +1905 0 +1903 0 +1901 0 +1899 0 +1897 0 +1895 0 +1893 0 +1891 0 +1889 0 
+1887 0 +1885 0 +1883 0 +1881 0 +1879 0 +1877 0 +1875 0 +1873 0 +1871 0 +1869 0 
+1867 0 +1865 0 +1863 0 +1861 0 +1859 0 +1857 0 +1855 0 +1853 0 +1851 0 +1849 0 
+1847 0 +1845 0 +1843 0 +1841 0 +1839 0 +1837 0 +1835 0 +1833 0 +1831 0 +1829 0 
+1827 0 +1825 0 +1823 0 +1821 0 +1819 0 +1817 0 +1815 0 +1813 0 +1811 0 +1809 0 
+1807 0 +1805 0 +1803 0 +1801 0 +1799 0 +1797 0 +1795 0 +1793 0 +1791 0 +1789 0 
+1787 0 +1785 0 +1783 0 +1781 0 +1779 0 +1777 0 +1775 0 +1773 0 +1771 0 +1769 0 
+1767 0 +1765 0 +1763 0 +1761 0 +1759 0 +1757 0 +1755 0 +1753 0 +1751 0 +1749 0 
+1747 0 +1745 0 +1743 0 +1741 0 +1739 0 +1737 0 +1735 0 +1733 0 +1731 0 +1729 0 
+1727 0 +1725 0 +1723 0 +1721 0 +1719 0 +1717 0 +1715 0 +1713 0 +1711 0 +1709 0 
+1707 0 +1705 0 +1703 0 +1701 0 +1699 0 +1697 0 +1695 0 +1693 0 +1691 0 +1689 0 
+1687 0 +1685 0 +1683 0 +1681 0 +1679 0 +1677 0 +1675 0 +1673 0 +1671 0 +1669 0 
+1667 0 +1665 0 +1663 0 +1661 0 +1659 0 +1657 0 +1655 0 +1653 0 +1651 0 +1649 0 
+1647 0 +1645 0 +1643 0 +1641 0 +1639 0 +1637 0 +1635 0 +1633 0 +1631 0 +1629 0 
+1627 0 +1625 0 +1623 0 +1621 0 +1619 0 +1617 0 +1615 0 +1613 0 +1611 0 +1609 0 
+1607 0 +1605 0 +1603 0 +1601 0 +1599 0 +1597 0 +1595 0 +1593 0 +1591 0 +1589 0 
+1587 0 +1585 0 +1583 0 +1582 0 *
Ve
1e-07
61.049999 -9.939381 0
0 0

0101101
*
Ve
1e-07
61.049999 -10.391102 0
0 0

0101101
*
Ed
 1e-07 1 1 0
1  285 0 0 0.451721000000001
2  1 2 0 0 0.451721000000001
2  2 3 0 0 0.451721000000001
0

0101000
+1580 0 -1579 0 *
Ve
1e-07
58.950001 -10.391102 0
0 0

0101101
*
Ed
 1e-07 1 1 0
1  286 0 0 2.099998
2  3 2 0 0 2.099998
2  4 3 0 0 2.099998
0

0101000
+1579 0 -1577 0 *
Ve
1e-07
58.950001 -9.939381 0
0 0

0101101
*
Ed
 1e-07 1 1 0
1  287 0 0 0.451721000000001
2  5 2 0 0 0.451721000000001
2  6 3 0 0 0.451721000000001
0

0101000
+1577 0 -1575 0 *
Ed
 1e-07 1 1 0
1  288 0 0 2.099998
2  7 2 0 0 2.099998
2  8 3 0 0 2.099998
0

0101000
+1575 0 -1580 0 *
Wi

0101100
+1578 0 +1576 0 +1574 0 +1573 0 *
Ve
1e-07
58.950001 9.939381 0
0 0

0101101
*
Ve
1e-07
58.950001 10.391102 0
0 0

0101101
*
Ed
 1e-07 1 1 0
1  289 0 0 0.451721000000001
2  9 4 0 0 0.451721000000001
2  10 5 0 0 0.451721000000001
0

0101000
+1571 0 -1570 0 *
Ve
1e-07
61.049999 10.391102 0
0 0

0101101
*
Ed
 1e-07 1 1 0
1  290 0 0 2.099998
2  11 4 0 0 2.099998
2  12 5 0 0 2.099998
0

0101000
+1570 0 -1568 0 *
Ve
1e-07
61.049999 9.939381 0
0 0

0101101
*
Ed
 1e-07 1 1 0
1  291 0 0 0.451721000000001
2  13 4 0 0 0.451721000000001
2  14 5 0 0 0.451721000000001
0

0101000
+1568 0 -1566 0 *
Ed
 1e-07 1 1 0
1  292 0 0 2.099998
2  15 4 0 0 2.099998
2  16 5 0 0 2.099998
0

0101000
+1566 0 -1571 0 *
Wi

0101100
+1569 0 +1567 0 +1565 0 +1564 0 *
Ve
1e-07
52.049999 32.291103 0
0 0

0101101
*
Ve
1e-07
52.25 32.291103 0
0 0

0101101
*
Ed
 1e-07 1 1 0
1  293 0 0 0.200001
2  17 6 0 0 0.200001
2  18 7 0 0 0.200001
0

0101000
+1562 0 -1561 0 *
Ve
1e-07
52.25 31.791101 0
0 0

0101101
*
Ed
 1e-07 1 1 0
1  294 0 0 0.500001999999999
2  19 6 0 0 0.500001999999999
2  20 7 0 0 0.500001999999999
0

0101000
+1561 0 -1559 0 *
Ve
1e-07
46.25 31.791101 0
0 0

0101101
*
Ed
 1e-07 1 1 0
1  295 0 0 6
2  21 6 0 0 6
2  22 7 0 0 6
0

0101000
+1559 0 -1557 0 *
Ve
1e-07
46.25 32.291103 0
0 0

0101101
*
Ed
 1e-07 1 1 0
1  296 0 0 0.500001999999999
2  23 6 0 0 0.500001999999999
2  24 7 0 0 0.500001999999999
0

0101000
+1557 0 -1555 0 *
Ve
1e-07
46.650002 32.291103 0
0 0

0101101
*
Ed
 1e-07 1 1 0
1  297 0 0 0.400002000000001
2  25 6 0 0 0.400002000000001
2  26 7 0 0 0.400002000000001
0

0101000
+1555 0 -1553 0 *
Ve
1e-07
46.650002 35.691101 0
0 0

0101101
*
Ed
 1e-07 1 1 0
1  298 0 0 3.399998
2  27 6 0 0 3.399998
2  28 7 0 0 3.399998
0

0101000
+1553 0 -1551 0 *
Ve
1e-07
47.049999 35.691101 0
0 0

0101101
*
Ed
 1e-07 1 1 0
1  299 0 0 0.399996999999999
2  29 6 0 0 0.399996999999999
2  30 7 0 0 0.399996999999999
0

0101000
+1551 0 -1549 0 *
Ve
1e-07
47.049999 32.291103 0
0 0

0101101
*
Ed
 1e-07 1 1 0
1  300 0 0 3.399998
2  31 6 0 0 3.399998
2  32 7 0 0 3.399998
0

0101000
+1549 0 -1547 0 *
Ve
1e-07
51.650002 32.291103 0
0 0

0101101
*
Ed
 1e-07 1 1 0
1  301 0 0 4.600003
2  33 6 0 0 4.600003
2  34 7 0 0 4.600003
0

0101000
+1547 0 -1545 0 *
Ve
1e-07
51.650002 34.9911 0
0 0

0101101
*
Ed
 1e-07 1 1 0
1  302 0 0 2.699997
2  35 6 0 0 2.699997
2  36 7 0 0 2.699997
0

0101000
+1545 0 -1543 0 *
Ve
1e-07
47.950001 34.9911 0
0 0

0101101
*
Ed
 1e-07 1 1 0
1  303 0 0 3.700001
2  37 6 0 0 3.700001
2  38 7 0 0 3.700001
0

0101000
+1543 0 -1541 0 *
Ve
1e-07
47.950001 35.391102 0
0 0

0101101
*
Ed
 1e-07 1 1 0
1  304 0 0 0.400001999999994
2  39 6 0 0 0.400001999999994
2  40 7 0 0 0.400001999999994
0

0101000
+1541 0 -1539 0 *
Ve
1e-07
48.849998 35.391102 0
0 0

0101101
*
Ed
 1e-07 1 1 0
1  305 0 0 0.899996999999999
2  41 6 0 0 0.899996999999999
2  42 7 0 0 0.899996999999999
0

0101000
+1539 0 -1537 0 *
Ve
1e-07
48.849998 35.691101 0
0 0

0101101
*
Ed
 1e-07 1 1 0
1  306 0 0 0.299999000000007
2  43 6 0 0 0.299999000000007
2  44 7 0 0 0.299999000000007
0

0101000
+1537 0 -1535 0 *
Ve
1e-07
49.25 35.691101 0
0 0

0101101
*
Ed
 1e-07 1 1 0
1  307 0 0 0.400002000000001
2  45 6 0 0 0.400002000000001
2  46 7 0 0 0.400002000000001
0

0101000
+1535 0 -1533 0 *
Ve
1e-07
49.25 35.391102 0
0 0

0101101
*
Ed
 1e-07 1 1 0
1  308 0 0 0.299999000000007
2  47 6 0 0 0.299999000000007
2  48 7 0 0 0.299999000000007
0

0101000
+1533 0 -1531 0 *
Ve
1e-07
52.049999 35.391102 0
0 0

0101101
*
Ed
 1e-07 1 1 0
1  309 0 0 2.799999
2  49 6 0 0 2.799999
2  50 7 0 0 2.799999
0

0101000
+1531 0 -1529 0 *
Ed
 1e-07 1 1 0
1  310 0 0 3.099999
2  51 6 0 0 3.099999
2  52 7 0 0 3.099999
0

0101000
+1529 0 -1562 0 *
Wi

0101100
+1560 0 +1558 0 +1556 0 +1554 0 +1552 0 +1550 0 +1548 0 +1546 0 +1544 0 +1542 0 
+1540 0 +1538 0 +1536 0 +1534 0 +1532 0 +1530 0 +1528 0 +1527 0 *
Ve
1e-07
46.25 -32.291103 0
0 0

0101101
*
Ve
1e-07
46.25 -31.791101 0
0 0

0101101
*
Ed
 1e-07 1 1 0
1  311 0 0 0.500001999999999
2  53 8 0 0 0.500001999999999
2  54 9 0 0 0.500001999999999
0

0101000
+1525 0 -1524 0 *
Ve
1e-07
52.25 -31.791101 0
0 0

0101101
*
Ed
 1e-07 1 1 0
1  312 0 0 6
2  55 8 0 0 6
2  56 9 0 0 6
0

0101000
+1524 0 -1522 0 *
Ve
1e-07
52.25 -32.291103 0
0 0

0101101
*
Ed
 1e-07 1 1 0
1  313 0 0 0.500001999999999
2  57 8 0 0 0.500001999999999
2  58 9 0 0 0.500001999999999
0

0101000
+1522 0 -1520 0 *
Ve
1e-07
52.049999 -32.291103 0
0 0

0101101
*
Ed
 1e-07 1 1 0
1  314 0 0 0.200001
2  59 8 0 0 0.200001
2  60 9 0 0 0.200001
0

0101000
+1520 0 -1518 0 *
Ve
1e-07
52.049999 -35.391102 0
0 0

0101101
*
Ed
 1e-07 1 1 0
1  315 0 0 3.099999
2  61 8 0 0 3.099999
2  62 9 0 0 3.099999
0

0101000
+1518 0 -1516 0 *
Ve
1e-07
49.25 -35.391102 0
0 0

0101101
*
Ed
 1e-07 1 1 0
1  316 0 0 2.799999
2  63 8 0 0 2.799999
2  64 9 0 0 2.799999
0

0101000
+1516 0 -1514 0 *
Ve
1e-07
49.25 -35.691101 0
0 0

0101101
*
Ed
 1e-07 1 1 0
1  317 0 0 0.299999000000007
2  65 8 0 0 0.299999000000007
2  66 9 0 0 0.299999000000007
0

0101000
+1514 0 -1512 0 *
Ve
1e-07
48.849998 -35.691101 0
0 0

0101101
*
Ed
 1e-07 1 1 0
1  318 0 0 0.400002000000001
2  67 8 0 0 0.400002000000001
2  68 9 0 0 0.400002000000001
0

0101000
+1512 0 -1510 0 *
Ve
1e-07
48.849998 -35.391102 0
0 0

0101101
*
Ed
 1e-07 1 1 0
1  319 0 0 0.299999000000007
2  69 8 0 0 0.299999000000007
2  70 9 0 0 0.299999000000007
0

0101000
+1510 0 -1508 0 *
Ve
1e-07
47.950001 -35.391102 0
0 0

0101101
*
Ed
 1e-07 1 1 0
1  320 0 0 0.899996999999999
2  71 8 0 0 0.899996999999999
2  72 9 0 0 0.899996999999999
0

0101000
+1508 0 -1506 0 *
Ve
1e-07
47.950001 -34.9911 0
0 0

0101101
*
Ed
 1e-07 1 1 0
1  321 0 0 0.400001999999994
2  73 8 0 0 0.400001999999994
2  74 9 0 0 0.400001999999994
0

0101000
+1506 0 -1504 0 *
Ve
1e-07
51.650002 -34.9911 0
0 0

0101101
*
Ed
 1e-07 1 1 0
1  322 0 0 3.700001
2  75 8 0 0 3.700001
2  76 9 0 0 3.700001
0

0101000
+1504 0 -1502 0 *
Ve
1e-07
51.650002 -32.291103 0
0 0

0101101
*
Ed
 1e-07 1 1 0
1  323 0 0 2.699997
2  77 8 0 0 2.699997
2  78 9 0 0 2.699997
0

0101000
+1502 0 -1500 0 *
Ve
1e-07
47.049999 -32.291103 0
0 0

0101101
*
Ed
 1e-07 1 1 0
1  324 0 0 4.600003
2  79 8 0 0 4.600003
2  80 9 0 0 4.600003
0

0101000
+1500 0 -1498 0 *
Ve
1e-07
47.049999 -35.691101 0
0 0

0101101
*
Ed
 1e-07 1 1 0
1  325 0 0 3.399998
2  81 8 0 0 3.399998
2  82 9 0 0 3.399998
0

0101000
+1498 0 -1496 0 *
Ve
1e-07
46.650002 -35.691101 0
0 0

0101101
*
Ed
 1e-07 1 1 0
1  326 0 0 0.399996999999999
2  83 8 0 0 0.399996999999999
2  84 9 0 0 0.399996999999999
0

0101000
+1496 0 -1494 0 *
Ve
1e-07
46.650002 -32.291103 0
0 0

0101101
*
Ed
 1e-07 1 1 0
1  327 0 0 3.399998
2  85 8 0 0 3.399998
2  86 9 0 0 3.399998
0

0101000
+1494 0 -1492 0 *
Ed
 1e-07 1 1 0
1  328 0 0 0.400002000000001
2  87 8 0 0 0.400002000000001
2  88 9 0 0 0.400002000000001
0

0101000
+1492 0 -1525 0 *
Wi

0101100
+1523 0 +1521 0 +1519 0 +1517 0 +1515 0 +1513 0 +1511 0 +1509 0 +1507 0 +1505 0 
+1503 0 +1501 0 +1499 0 +1497 0 +1495 0 +1493 0 +1491 0 +1490 0 *
Ve
1e-07
68.349998 34.9911 0
0 0

0101101
*
Ve
1e-07
68.349998 32.291103 0
0 0

0101101
*
Ed
 1e-07 1 1 0
1  329 0 0 2.699997
2  89 10 0 0 2.699997
2  90 11 0 0 2.699997
0

0101000
+1488 0 -1487 0 *
Ve
1e-07
72.949997 32.291103 0
0 0

0101101
*
Ed
 1e-07 1 1 0
1  330 0 0 4.599999
2  91 10 0 0 4.599999
2  92 11 0 0 4.599999
0

0101000
+1487 0 -1485 0 *
Ve
1e-07
72.949997 35.691101 0
0 0

0101101
*
Ed
 1e-07 1 1 0
1  331 0 0 3.399998
2  93 10 0 0 3.399998
2  94 11 0 0 3.399998
0

0101000
+1485 0 -1483 0 *
Ve
1e-07
73.349998 35.691101 0
0 0

0101101
*
Ed
 1e-07 1 1 0
1  332 0 0 0.400001000000003
2  95 10 0 0 0.400001000000003
2  96 11 0 0 0.400001000000003
0

0101000
+1483 0 -1481 0 *
Ve
1e-07
73.349998 32.291103 0
0 0

0101101
*
Ed
 1e-07 1 1 0
1  333 0 0 3.399998
2  97 10 0 0 3.399998
2  98 11 0 0 3.399998
0

0101000
+1481 0 -1479 0 *
Ve
1e-07
73.75 32.291103 0
0 0

0101101
*
Ed
 1e-07 1 1 0
1  334 0 0 0.400002000000001
2  99 10 0 0 0.400002000000001
2  100 11 0 0 0.400002000000001
0

0101000
+1479 0 -1477 0 *
Ve
1e-07
73.75 31.791101 0
0 0

0101101
*
Ed
 1e-07 1 1 0
1  335 0 0 0.500001999999999
2  101 10 0 0 0.500001999999999
2  102 11 0 0 0.500001999999999
0

0101000
+1477 0 -1475 0 *
Ve
1e-07
67.75 31.791101 0
0 0

0101101
*
Ed
 1e-07 1 1 0
1  336 0 0 6
2  103 10 0 0 6
2  104 11 0 0 6
0

0101000
+1475 0 -1473 0 *
Ve
1e-07
67.75 32.291103 0
0 0

0101101
*
Ed
 1e-07 1 1 0
1  337 0 0 0.500001999999999
2  105 10 0 0 0.500001999999999
2  106 11 0 0 0.500001999999999
0

0101000
+1473 0 -1471 0 *
Ve
1e-07
67.949997 32.291103 0
0 0

0101101
*
Ed
 1e-07 1 1 0
1  338 0 0 0.199996999999996
2  107 10 0 0 0.199996999999996
2  108 11 0 0 0.199996999999996
0

0101000
+1471 0 -1469 0 *
Ve
1e-07
67.949997 35.391102 0
0 0

0101101
*
Ed
 1e-07 1 1 0
1  339 0 0 3.099999
2  109 10 0 0 3.099999
2  110 11 0 0 3.099999
0

0101000
+1469 0 -1467 0 *
Ve
1e-07
70.75 35.391102 0
0 0

0101101
*
Ed
 1e-07 1 1 0
1  340 0 0 2.800003
2  111 10 0 0 2.800003
2  112 11 0 0 2.800003
0

0101000
+1467 0 -1465 0 *
Ve
1e-07
70.75 35.691101 0
0 0

0101101
*
Ed
 1e-07 1 1 0
1  341 0 0 0.299999000000007
2  113 10 0 0 0.299999000000007
2  114 11 0 0 0.299999000000007
0

0101000
+1465 0 -1463 0 *
Ve
1e-07
71.150002 35.691101 0
0 0

0101101
*
Ed
 1e-07 1 1 0
1  342 0 0 0.400002000000001
2  115 10 0 0 0.400002000000001
2  116 11 0 0 0.400002000000001
0

0101000
+1463 0 -1461 0 *
Ve
1e-07
71.150002 35.391102 0
0 0

0101101
*
Ed
 1e-07 1 1 0
1  343 0 0 0.299999000000007
2  117 10 0 0 0.299999000000007
2  118 11 0 0 0.299999000000007
0

0101000
+1461 0 -1459 0 *
Ve
1e-07
72.050003 35.391102 0
0 0

0101101
*
Ed
 1e-07 1 1 0
1  344 0 0 0.900001000000003
2  119 10 0 0 0.900001000000003
2  120 11 0 0 0.900001000000003
0

0101000
+1459 0 -1457 0 *
Ve
1e-07
72.050003 34.9911 0
0 0

0101101
*
Ed
 1e-07 1 1 0
1  345 0 0 0.400001999999994
2  121 10 0 0 0.400001999999994
2  122 11 0 0 0.400001999999994
0

0101000
+1457 0 -1455 0 *
Ed
 1e-07 1 1 0
1  346 0 0 3.700005
2  123 10 0 0 3.700005
2  124 11 0 0 3.700005
0

0101000
+1455 0 -1488 0 *
Wi

0101100
+1486 0 +1484 0 +1482 0 +1480 0 +1478 0 +1476 0 +1474 0 +1472 0 +1470 0 +1468 0 
+1466 0 +1464 0 +1462 0 +1460 0 +1458 0 +1456 0 +1454 0 +1453 0 *
Ve
1e-07
73.75 -31.791101 0
0 0

0101101
*
Ve
1e-07
73.75 -32.291103 0
0 0

0101101
*
Ed
 1e-07 1 1 0
1  347 0 0 0.500001999999999
2  125 12 0 0 0.500001999999999
2  126 13 0 0 0.500001999999999
0

0101000
+1451 0 -1450 0 *
Ve
1e-07
73.349998 -32.291103 0
0 0

0101101
*
Ed
 1e-07 1 1 0
1  348 0 0 0.400002000000001
2  127 12 0 0 0.400002000000001
2  128 13 0 0 0.400002000000001
0

0101000
+1450 0 -1448 0 *
Ve
1e-07
73.349998 -35.691101 0
0 0

0101101
*
Ed
 1e-07 1 1 0
1  349 0 0 3.399998
2  129 12 0 0 3.399998
2  130 13 0 0 3.399998
0

0101000
+1448 0 -1446 0 *
Ve
1e-07
72.949997 -35.691101 0
0 0

0101101
*
Ed
 1e-07 1 1 0
1  350 0 0 0.400001000000003
2  131 12 0 0 0.400001000000003
2  132 13 0 0 0.400001000000003
0

0101000
+1446 0 -1444 0 *
Ve
1e-07
72.949997 -32.291103 0
0 0

0101101
*
Ed
 1e-07 1 1 0
1  351 0 0 3.399998
2  133 12 0 0 3.399998
2  134 13 0 0 3.399998
0

0101000
+1444 0 -1442 0 *
Ve
1e-07
68.349998 -32.291103 0
0 0

0101101
*
Ed
 1e-07 1 1 0
1  352 0 0 4.599999
2  135 12 0 0 4.599999
2  136 13 0 0 4.599999
0

0101000
+1442 0 -1440 0 *
Ve
1e-07
68.349998 -34.9911 0
0 0

0101101
*
Ed
 1e-07 1 1 0
1  353 0 0 2.699997
2  137 12 0 0 2.699997
2  138 13 0 0 2.699997
0

0101000
+1440 0 -1438 0 *
Ve
1e-07
72.050003 -34.9911 0
0 0

0101101
*
Ed
 1e-07 1 1 0
1  354 0 0 3.700005
2  139 12 0 0 3.700005
2  140 13 0 0 3.700005
0

0101000
+1438 0 -1436 0 *
Ve
1e-07
72.050003 -35.391102 0
0 0

0101101
*
Ed
 1e-07 1 1 0
1  355 0 0 0.400001999999994
2  141 12 0 0 0.400001999999994
2  142 13 0 0 0.400001999999994
0

0101000
+1436 0 -1434 0 *
Ve
1e-07
71.150002 -35.391102 0
0 0

0101101
*
Ed
 1e-07 1 1 0
1  356 0 0 0.900001000000003
2  143 12 0 0 0.900001000000003
2  144 13 0 0 0.900001000000003
0

0101000
+1434 0 -1432 0 *
Ve
1e-07
71.150002 -35.691101 0
0 0

0101101
*
Ed
 1e-07 1 1 0
1  357 0 0 0.299999000000007
2  145 12 0 0 0.299999000000007
2  146 13 0 0 0.299999000000007
0

0101000
+1432 0 -1430 0 *
Ve
1e-07
70.75 -35.691101 0
0 0

0101101
*
Ed
 1e-07 1 1 0
1  358 0 0 0.400002000000001
2  147 12 0 0 0.400002000000001
2  148 13 0 0 0.400002000000001
0

0101000
+1430 0 -1428 0 *
Ve
1e-07
70.75 -35.391102 0
0 0

0101101
*
Ed
 1e-07 1 1 0
1  359 0 0 0.299999000000007
2  149 12 0 0 0.299999000000007
2  150 13 0 0 0.299999000000007
0

0101000
+1428 0 -1426 0 *
Ve
1e-07
67.949997 -35.391102 0
0 0

0101101
*
Ed
 1e-07 1 1 0
1  360 0 0 2.800003
2  151 12 0 0 2.800003
2  152 13 0 0 2.800003
0

0101000
+1426 0 -1424 0 *
Ve
1e-07
67.949997 -32.291103 0
0 0

0101101
*
Ed
 1e-07 1 1 0
1  361 0 0 3.099999
2  153 12 0 0 3.099999
2  154 13 0 0 3.099999
0

0101000
+1424 0 -1422 0 *
Ve
1e-07
67.75 -32.291103 0
0 0

0101101
*
Ed
 1e-07 1 1 0
1  362 0 0 0.199996999999996
2  155 12 0 0 0.199996999999996
2  156 13 0 0 0.199996999999996
0

0101000
+1422 0 -1420 0 *
Ve
1e-07
67.75 -31.791101 0
0 0

0101101
*
Ed
 1e-07 1 1 0
1  363 0 0 0.500001999999999
2  157 12 0 0 0.500001999999999
2  158 13 0 0 0.500001999999999
0

0101000
+1420 0 -1418 0 *
Ed
 1e-07 1 1 0
1  364 0 0 6
2  159 12 0 0 6
2  160 13 0 0 6
0

0101000
+1418 0 -1451 0 *
Wi

0101100
+1449 0 +1447 0 +1445 0 +1443 0 +1441 0 +1439 0 +1437 0 +1435 0 +1433 0 +1431 0 
+1429 0 +1427 0 +1425 0 +1423 0 +1421 0 +1419 0 +1417 0 +1416 0 *
Ve
1e-07
78.550003 30.091103 0
0 0

0101101
*
Ve
1e-07
80.650002 30.091103 0
0 0

0101101
*
Ed
 1e-07 1 1 0
1  365 0 0 2.099999
2  161 14 0 0 2.099999
2  162 15 0 0 2.099999
0

0101000
+1414 0 -1413 0 *
Ve
1e-07
80.650002 29.091103 0
0 0

0101101
*
Ed
 1e-07 1 1 0
1  366 0 0 1
2  163 14 0 0 1
2  164 15 0 0 1
0

0101000
+1413 0 -1411 0 *
Ve
1e-07
80.25 29.091103 0
0 0

0101101
*
Ed
 1e-07 1 1 0
1  367 0 0 0.400002000000001
2  165 14 0 0 0.400002000000001
2  166 15 0 0 0.400002000000001
0

0101000
+1411 0 -1409 0 *
Ve
1e-07
80.25 29.691101 0
0 0

0101101
*
Ed
 1e-07 1 1 0
1  368 0 0 0.599997999999999
2  167 14 0 0 0.599997999999999
2  168 15 0 0 0.599997999999999
0

0101000
+1409 0 -1407 0 *
Ve
1e-07
76.994164 29.691101 0
0 0

0101101
*
Ed
 1e-07 1 1 0
1  369 0 0 3.255836
2  169 14 0 0 3.255836
2  170 15 0 0 3.255836
0

0101000
+1407 0 -1405 0 *
Ve
1e-07
76.994164 29.441101 0
0 0

0101101
*
Ed
 1e-07 1 1 0
1  370 0 0 0.25
2  171 14 0 0 0.25
2  172 15 0 0 0.25
0

0101000
+1405 0 -1403 0 *
Ve
1e-07
76.144165 29.441101 0
0 0

0101101
*
Ed
 1e-07 1 1 0
1  371 0 0 0.849998999999997
2  173 14 0 0 0.849998999999997
2  174 15 0 0 0.849998999999997
0

0101000
+1403 0 -1401 0 *
Ve
1e-07
76.144165 29.591103 0
0 0

0101101
*
Ed
 1e-07 1 1 0
1  372 0 0 0.150002000000001
2  175 14 0 0 0.150002000000001
2  176 15 0 0 0.150002000000001
0

0101000
+1401 0 -1399 0 *
Ve
1e-07
74.344162 29.591103 0
0 0

0101101
*
Ed
 1e-07 1 1 0
1  373 0 0 1.800003
2  177 14 0 0 1.800003
2  178 15 0 0 1.800003
0

0101000
+1399 0 -1397 0 *
Ve
1e-07
74.344162 29.491102 0
0 0

0101101
*
Ed
 1e-07 1 1 0
1  374 0 0 0.100000999999999
2  179 14 0 0 0.100000999999999
2  180 15 0 0 0.100000999999999
0

0101000
+1397 0 -1395 0 *
Ve
1e-07
73.644165 29.491102 0
0 0

0101101
*
Ed
 1e-07 1 1 0
1  375 0 0 0.699996999999996
2  181 14 0 0 0.699996999999996
2  182 15 0 0 0.699996999999996
0

0101000
+1395 0 -1393 0 *
Ve
1e-07
73.644165 29.391102 0
0 0

0101101
*
Ed
 1e-07 1 1 0
1  376 0 0 0.100000000000001
2  183 14 0 0 0.100000000000001
2  184 15 0 0 0.100000000000001
0

0101000
+1393 0 -1391 0 *
Ve
1e-07
73.044167 29.391102 0
0 0

0101101
*
Ed
 1e-07 1 1 0
1  377 0 0 0.599997999999999
2  185 14 0 0 0.599997999999999
2  186 15 0 0 0.599997999999999
0

0101000
+1391 0 -1389 0 *
Ve
1e-07
73.044167 29.291101 0
0 0

0101101
*
Ed
 1e-07 1 1 0
1  378 0 0 0.100000999999999
2  187 14 0 0 0.100000999999999
2  188 15 0 0 0.100000999999999
0

0101000
+1389 0 -1387 0 *
Ve
1e-07
71.544167 29.291101 0
0 0

0101101
*
Ed
 1e-07 1 1 0
1  379 0 0 1.5
2  189 14 0 0 1.5
2  190 15 0 0 1.5
0

0101000
+1387 0 -1385 0 *
Ve
1e-07
71.544167 29.391102 0
0 0

0101101
*
Ed
 1e-07 1 1 0
1  380 0 0 0.100000999999999
2  191 14 0 0 0.100000999999999
2  192 15 0 0 0.100000999999999
0

0101000
+1385 0 -1383 0 *
Ve
1e-07
71.244164 29.391102 0
0 0

0101101
*
Ed
 1e-07 1 1 0
1  381 0 0 0.300003000000004
2  193 14 0 0 0.300003000000004
2  194 15 0 0 0.300003000000004
0

0101000
+1383 0 -1381 0 *
Ve
1e-07
71.244164 29.491102 0
0 0

0101101
*
Ed
 1e-07 1 1 0
1  382 0 0 0.100000000000001
2  195 14 0 0 0.100000000000001
2  196 15 0 0 0.100000000000001
0

0101000
+1381 0 -1379 0 *
Ve
1e-07
70.94416 29.491102 0
0 0

0101101
*
Ed
 1e-07 1 1 0
1  383 0 0 0.300004000000001
2  197 14 0 0 0.300004000000001
2  198 15 0 0 0.300004000000001
0

0101000
+1379 0 -1377 0 *
Ve
1e-07
70.94416 29.591103 0
0 0

0101101
*
Ed
 1e-07 1 1 0
1  384 0 0 0.100000999999999
2  199 14 0 0 0.100000999999999
2  200 15 0 0 0.100000999999999
0

0101000
+1377 0 -1375 0 *
Ve
1e-07
69.072548 29.591103 0
0 0

0101101
*
Ed
 1e-07 1 1 0
1  385 0 0 1.871612
2  201 14 0 0 1.871612
2  202 15 0 0 1.871612
0

0101000
+1375 0 -1373 0 *
Ve
1e-07
69.072548 29.491102 0
0 0

0101101
*
Ed
 1e-07 1 1 0
1  386 0 0 0.100000999999999
2  203 14 0 0 0.100000999999999
2  204 15 0 0 0.100000999999999
0

0101000
+1373 0 -1371 0 *
Ve
1e-07
68.772545 29.491102 0
0 0

0101101
*
Ed
 1e-07 1 1 0
1  387 0 0 0.300003000000004
2  205 14 0 0 0.300003000000004
2  206 15 0 0 0.300003000000004
0

0101000
+1371 0 -1369 0 *
Ve
1e-07
68.772545 29.391102 0
0 0

0101101
*
Ed
 1e-07 1 1 0
1  388 0 0 0.100000000000001
2  207 14 0 0 0.100000000000001
2  208 15 0 0 0.100000000000001
0

0101000
+1369 0 -1367 0 *
Ve
1e-07
68.472549 29.391102 0
0 0

0101101
*
Ed
 1e-07 1 1 0
1  389 0 0 0.299995999999993
2  209 14 0 0 0.299995999999993
2  210 15 0 0 0.299995999999993
0

0101000
+1367 0 -1365 0 *
Ve
1e-07
68.472549 29.291101 0
0 0

0101101
*
Ed
 1e-07 1 1 0
1  390 0 0 0.100000999999999
2  211 14 0 0 0.100000999999999
2  212 15 0 0 0.100000999999999
0

0101000
+1365 0 -1363 0 *
Ve
1e-07
66.972549 29.291101 0
0 0

0101101
*
Ed
 1e-07 1 1 0
1  391 0 0 1.5
2  213 14 0 0 1.5
2  214 15 0 0 1.5
0

0101000
+1363 0 -1361 0 *
Ve
1e-07
66.972549 29.391102 0
0 0

0101101
*
Ed
 1e-07 1 1 0
1  392 0 0 0.100000999999999
2  215 14 0 0 0.100000999999999
2  216 15 0 0 0.100000999999999
0

0101000
+1361 0 -1359 0 *
Ve
1e-07
66.372543 29.391102 0
0 0

0101101
*
Ed
 1e-07 1 1 0
1  393 0 0 0.600006000000008
2  217 14 0 0 0.600006000000008
2  218 15 0 0 0.600006000000008
0

0101000
+1359 0 -1357 0 *
Ve
1e-07
66.372543 29.491102 0
0 0

0101101
*
Ed
 1e-07 1 1 0
1  394 0 0 0.100000000000001
2  219 14 0 0 0.100000000000001
2  220 15 0 0 0.100000000000001
0

0101000
+1357 0 -1355 0 *
Ve
1e-07
65.672546 29.491102 0
0 0

0101101
*
Ed
 1e-07 1 1 0
1  395 0 0 0.699996999999996
2  221 14 0 0 0.699996999999996
2  222 15 0 0 0.699996999999996
0

0101000
+1355 0 -1353 0 *
Ve
1e-07
65.672546 29.591103 0
0 0

0101101
*
Ed
 1e-07 1 1 0
1  396 0 0 0.100000999999999
2  223 14 0 0 0.100000999999999
2  224 15 0 0 0.100000999999999
0

0101000
+1353 0 -1351 0 *
Ve
1e-07
65.022545 29.591103 0
0 0

0101101
*
Ed
 1e-07 1 1 0
1  397 0 0 0.650001000000003
2  225 14 0 0 0.650001000000003
2  226 15 0 0 0.650001000000003
0

0101000
+1351 0 -1349 0 *
Ve
1e-07
65.022545 30.091103 0
0 0

0101101
*
Ed
 1e-07 1 1 0
1  398 0 0 0.5
2  227 14 0 0 0.5
2  228 15 0 0 0.5
0

0101000
+1349 0 -1347 0 *
Ve
1e-07
78.150002 30.091103 0
0 0

0101101
*
Ed
 1e-07 1 1 0
1  399 0 0 13.127457
2  229 14 0 0 13.127457
2  230 15 0 0 13.127457
0

0101000
+1347 0 -1345 0 *
Ve
1e-07
78.150002 30.491102 0
0 0

0101101
*
Ed
 1e-07 1 1 0
1  400 0 0 0.399999000000001
2  231 14 0 0 0.399999000000001
2  232 15 0 0 0.399999000000001
0

0101000
+1345 0 -1343 0 *
Ve
1e-07
78.550003 30.491102 0
0 0

0101101
*
Ed
 1e-07 1 1 0
1  401 0 0 0.400001000000003
2  233 14 0 0 0.400001000000003
2  234 15 0 0 0.400001000000003
0

0101000
+1343 0 -1341 0 *
Ed
 1e-07 1 1 0
1  402 0 0 0.399999000000001
2  235 14 0 0 0.399999000000001
2  236 15 0 0 0.399999000000001
0

0101000
+1341 0 -1414 0 *
Wi

0101100
+1412 0 +1410 0 +1408 0 +1406 0 +1404 0 +1402 0 +1400 0 +1398 0 +1396 0 +1394 0 
+1392 0 +1390 0 +1388 0 +1386 0 +1384 0 +1382 0 +1380 0 +1378 0 +1376 0 +1374 0 
+1372 0 +1370 0 +1368 0 +1366 0 +1364 0 +1362 0 +1360 0 +1358 0 +1356 0 +1354 0 
+1352 0 +1350 0 +1348 0 +1346 0 +1344 0 +1342 0 +1340 0 +1339 0 *
Ve
1e-07
76.994164 -29.441101 0
0 0

0101101
*
Ve
1e-07
76.994164 -29.691101 0
0 0

0101101
*
Ed
 1e-07 1 1 0
1  403 0 0 0.25
2  237 16 0 0 0.25
2  238 17 0 0 0.25
0

0101000
+1337 0 -1336 0 *
Ve
1e-07
80.25 -29.691101 0
0 0

0101101
*
Ed
 1e-07 1 1 0
1  404 0 0 3.255836
2  239 16 0 0 3.255836
2  240 17 0 0 3.255836
0

0101000
+1336 0 -1334 0 *
Ve
1e-07
80.25 -29.091103 0
0 0

0101101
*
Ed
 1e-07 1 1 0
1  405 0 0 0.599997999999999
2  241 16 0 0 0.599997999999999
2  242 17 0 0 0.599997999999999
0

0101000
+1334 0 -1332 0 *
Ve
1e-07
80.650002 -29.091103 0
0 0

0101101
*
Ed
 1e-07 1 1 0
1  406 0 0 0.400002000000001
2  243 16 0 0 0.400002000000001
2  244 17 0 0 0.400002000000001
0

0101000
+1332 0 -1330 0 *
Ve
1e-07
80.650002 -30.091103 0
0 0

0101101
*
Ed
 1e-07 1 1 0
1  407 0 0 1
2  245 16 0 0 1
2  246 17 0 0 1
0

0101000
+1330 0 -1328 0 *
Ve
1e-07
78.550003 -30.091103 0
0 0

0101101
*
Ed
 1e-07 1 1 0
1  408 0 0 2.099999
2  247 16 0 0 2.099999
2  248 17 0 0 2.099999
0

0101000
+1328 0 -1326 0 *
Ve
1e-07
78.550003 -30.491102 0
0 0

0101101
*
Ed
 1e-07 1 1 0
1  409 0 0 0.399999000000001
2  249 16 0 0 0.399999000000001
2  250 17 0 0 0.399999000000001
0

0101000
+1326 0 -1324 0 *
Ve
1e-07
78.150002 -30.491102 0
0 0

0101101
*
Ed
 1e-07 1 1 0
1  410 0 0 0.400001000000003
2  251 16 0 0 0.400001000000003
2  252 17 0 0 0.400001000000003
0

0101000
+1324 0 -1322 0 *
Ve
1e-07
78.150002 -30.091103 0
0 0

0101101
*
Ed
 1e-07 1 1 0
1  411 0 0 0.399999000000001
2  253 16 0 0 0.399999000000001
2  254 17 0 0 0.399999000000001
0

0101000
+1322 0 -1320 0 *
Ve
1e-07
65.022545 -30.091103 0
0 0

0101101
*
Ed
 1e-07 1 1 0
1  412 0 0 13.127457
2  255 16 0 0 13.127457
2  256 17 0 0 13.127457
0

0101000
+1320 0 -1318 0 *
Ve
1e-07
65.022545 -29.591103 0
0 0

0101101
*
Ed
 1e-07 1 1 0
1  413 0 0 0.5
2  257 16 0 0 0.5
2  258 17 0 0 0.5
0

0101000
+1318 0 -1316 0 *
Ve
1e-07
65.672546 -29.591103 0
0 0

0101101
*
Ed
 1e-07 1 1 0
1  414 0 0 0.650001000000003
2  259 16 0 0 0.650001000000003
2  260 17 0 0 0.650001000000003
0

0101000
+1316 0 -1314 0 *
Ve
1e-07
65.672546 -29.491102 0
0 0

0101101
*
Ed
 1e-07 1 1 0
1  415 0 0 0.100000999999999
2  261 16 0 0 0.100000999999999
2  262 17 0 0 0.100000999999999
0

0101000
+1314 0 -1312 0 *
Ve
1e-07
66.372543 -29.491102 0
0 0

0101101
*
Ed
 1e-07 1 1 0
1  416 0 0 0.699996999999996
2  263 16 0 0 0.699996999999996
2  264 17 0 0 0.699996999999996
0

0101000
+1312 0 -1310 0 *
Ve
1e-07
66.372543 -29.391102 0
0 0

0101101
*
Ed
 1e-07 1 1 0
1  417 0 0 0.100000000000001
2  265 16 0 0 0.100000000000001
2  266 17 0 0 0.100000000000001
0

0101000
+1310 0 -1308 0 *
Ve
1e-07
66.972549 -29.391102 0
0 0

0101101
*
Ed
 1e-07 1 1 0
1  418 0 0 0.600006000000008
2  267 16 0 0 0.600006000000008
2  268 17 0 0 0.600006000000008
0

0101000
+1308 0 -1306 0 *
Ve
1e-07
66.972549 -29.291101 0
0 0

0101101
*
Ed
 1e-07 1 1 0
1  419 0 0 0.100000999999999
2  269 16 0 0 0.100000999999999
2  270 17 0 0 0.100000999999999
0

0101000
+1306 0 -1304 0 *
Ve
1e-07
68.472549 -29.291101 0
0 0

0101101
*
Ed
 1e-07 1 1 0
1  420 0 0 1.5
2  271 16 0 0 1.5
2  272 17 0 0 1.5
0

0101000
+1304 0 -1302 0 *
Ve
1e-07
68.472549 -29.391102 0
0 0

0101101
*
Ed
 1e-07 1 1 0
1  421 0 0 0.100000999999999
2  273 16 0 0 0.100000999999999
2  274 17 0 0 0.100000999999999
0

0101000
+1302 0 -1300 0 *
Ve
1e-07
68.772545 -29.391102 0
0 0

0101101
*
Ed
 1e-07 1 1 0
1  422 0 0 0.299995999999993
2  275 16 0 0 0.299995999999993
2  276 17 0 0 0.299995999999993
0

0101000
+1300 0 -1298 0 *
Ve
1e-07
68.772545 -29.491102 0
0 0

0101101
*
Ed
 1e-07 1 1 0
1  423 0 0 0.100000000000001
2  277 16 0 0 0.100000000000001
2  278 17 0 0 0.100000000000001
0

0101000
+1298 0 -1296 0 *
Ve
1e-07
69.072548 -29.491102 0
0 0

0101101
*
Ed
 1e-07 1 1 0
1  424 0 0 0.300003000000004
2  279 16 0 0 0.300003000000004
2  280 17 0 0 0.300003000000004
0

0101000
+1296 0 -1294 0 *
Ve
1e-07
69.072548 -29.591103 0
0 0

0101101
*
Ed
 1e-07 1 1 0
1  425 0 0 0.100000999999999
2  281 16 0 0 0.100000999999999
2  282 17 0 0 0.100000999999999
0

0101000
+1294 0 -1292 0 *
Ve
1e-07
70.94416 -29.591103 0
0 0

0101101
*
Ed
 1e-07 1 1 0
1  426 0 0 1.871612
2  283 16 0 0 1.871612
2  284 17 0 0 1.871612
0

0101000
+1292 0 -1290 0 *
Ve
1e-07
70.94416 -29.491102 0
0 0

0101101
*
Ed
 1e-07 1 1 0
1  427 0 0 0.100000999999999
2  285 16 0 0 0.100000999999999
2  286 17 0 0 0.100000999999999
0

0101000
+1290 0 -1288 0 *
Ve
1e-07
71.244164 -29.491102 0
0 0

0101101
*
Ed
 1e-07 1 1 0
1  428 0 0 0.300004000000001
2  287 16 0 0 0.300004000000001
2  288 17 0 0 0.300004000000001
0

0101000
+1288 0 -1286 0 *
Ve
1e-07
71.244164 -29.391102 0
0 0

0101101
*
Ed
 1e-07 1 1 0
1  429 0 0 0.100000000000001
2  289 16 0 0 0.100000000000001
2  290 17 0 0 0.100000000000001
0

0101000
+1286 0 -1284 0 *
Ve
1e-07
71.544167 -29.391102 0
0 0

0101101
*
Ed
 1e-07 1 1 0
1  430 0 0 0.300003000000004
2  291 16 0 0 0.300003000000004
2  292 17 0 0 0.300003000000004
0

0101000
+1284 0 -1282 0 *
Ve
1e-07
71.544167 -29.291101 0
0 0

0101101
*
Ed
 1e-07 1 1 0
1  431 0 0 0.100000999999999
2  293 16 0 0 0.100000999999999
2  294 17 0 0 0.100000999999999
0

0101000
+1282 0 -1280 0 *
Ve
1e-07
73.044167 -29.291101 0
0 0

0101101
*
Ed
 1e-07 1 1 0
1  432 0 0 1.5
2  295 16 0 0 1.5
2  296 17 0 0 1.5
0

0101000
+1280 0 -1278 0 *
Ve
1e-07
73.044167 -29.391102 0
0 0

0101101
*
Ed
 1e-07 1 1 0
1  433 0 0 0.100000999999999
2  297 16 0 0 0.100000999999999
2  298 17 0 0 0.100000999999999
0

0101000
+1278 0 -1276 0 *
Ve
1e-07
73.644165 -29.391102 0
0 0

0101101
*
Ed
 1e-07 1 1 0
1  434 0 0 0.599997999999999
2  299 16 0 0 0.599997999999999
2  300 17 0 0 0.599997999999999
0

0101000
+1276 0 -1274 0 *
Ve
1e-07
73.644165 -29.491102 0
0 0

0101101
*
Ed
 1e-07 1 1 0
1  435 0 0 0.100000000000001
2  301 16 0 0 0.100000000000001
2  302 17 0 0 0.100000000000001
0

0101000
+1274 0 -1272 0 *
Ve
1e-07
74.344162 -29.491102 0
0 0

0101101
*
Ed
 1e-07 1 1 0
1  436 0 0 0.699996999999996
2  303 16 0 0 0.699996999999996
2  304 17 0 0 0.699996999999996
0

0101000
+1272 0 -1270 0 *
Ve
1e-07
74.344162 -29.591103 0
0 0

0101101
*
Ed
 1e-07 1 1 0
1  437 0 0 0.100000999999999
2  305 16 0 0 0.100000999999999
2  306 17 0 0 0.100000999999999
0

0101000
+1270 0 -1268 0 *
Ve
1e-07
76.144165 -29.591103 0
0 0

0101101
*
Ed
 1e-07 1 1 0
1  438 0 0 1.800003
2  307 16 0 0 1.800003
2  308 17 0 0 1.800003
0

0101000
+1268 0 -1266 0 *
Ve
1e-07
76.144165 -29.441101 0
0 0

0101101
*
Ed
 1e-07 1 1 0
1  439 0 0 0.150002000000001
2  309 16 0 0 0.150002000000001
2  310 17 0 0 0.150002000000001
0

0101000
+1266 0 -1264 0 *
Ed
 1e-07 1 1 0
1  440 0 0 0.849998999999997
2  311 16 0 0 0.849998999999997
2  312 17 0 0 0.849998999999997
0

0101000
+1264 0 -1337 0 *
Wi

0101100
+1335 0 +1333 0 +1331 0 +1329 0 +1327 0 +1325 0 +1323 0 +1321 0 +1319 0 +1317 0 
+1315 0 +1313 0 +1311 0 +1309 0 +1307 0 +1305 0 +1303 0 +1301 0 +1299 0 +1297 0 
+1295 0 +1293 0 +1291 0 +1289 0 +1287 0 +1285 0 +1283 0 +1281 0 +1279 0 +1277 0 
+1275 0 +1273 0 +1271 0 +1269 0 +1267 0 +1265 0 +1263 0 +1262 0 *
Ve
1e-07
45.655838 29.491102 0
0 0

0101101
*
Ve
1e-07
45.655838 29.591103 0
0 0

0101101
*
Ed
 1e-07 1 1 0
1  441 0 0 0.100000999999999
2  313 18 0 0 0.100000999999999
2  314 19 0 0 0.100000999999999
0

0101000
+1260 0 -1259 0 *
Ve
1e-07
43.855839 29.591103 0
0 0

0101101
*
Ed
 1e-07 1 1 0
1  442 0 0 1.799999
2  315 18 0 0 1.799999
2  316 19 0 0 1.799999
0

0101000
+1259 0 -1257 0 *
Ve
1e-07
43.855839 29.441101 0
0 0

0101101
*
Ed
 1e-07 1 1 0
1  443 0 0 0.150002000000001
2  317 18 0 0 0.150002000000001
2  318 19 0 0 0.150002000000001
0

0101000
+1257 0 -1255 0 *
Ve
1e-07
43.005836 29.441101 0
0 0

0101101
*
Ed
 1e-07 1 1 0
1  444 0 0 0.850003000000001
2  319 18 0 0 0.850003000000001
2  320 19 0 0 0.850003000000001
0

0101000
+1255 0 -1253 0 *
Ve
1e-07
43.005836 29.691101 0
0 0

0101101
*
Ed
 1e-07 1 1 0
1  445 0 0 0.25
2  321 18 0 0 0.25
2  322 19 0 0 0.25
0

0101000
+1253 0 -1251 0 *
Ve
1e-07
39.75 29.691101 0
0 0

0101101
*
Ed
 1e-07 1 1 0
1  446 0 0 3.255836
2  323 18 0 0 3.255836
2  324 19 0 0 3.255836
0

0101000
+1251 0 -1249 0 *
Ve
1e-07
39.75 29.091103 0
0 0

0101101
*
Ed
 1e-07 1 1 0
1  447 0 0 0.599997999999999
2  325 18 0 0 0.599997999999999
2  326 19 0 0 0.599997999999999
0

0101000
+1249 0 -1247 0 *
Ve
1e-07
39.349998 29.091103 0
0 0

0101101
*
Ed
 1e-07 1 1 0
1  448 0 0 0.400002000000001
2  327 18 0 0 0.400002000000001
2  328 19 0 0 0.400002000000001
0

0101000
+1247 0 -1245 0 *
Ve
1e-07
39.349998 30.091103 0
0 0

0101101
*
Ed
 1e-07 1 1 0
1  449 0 0 1
2  329 18 0 0 1
2  330 19 0 0 1
0

0101000
+1245 0 -1243 0 *
Ve
1e-07
41.450001 30.091103 0
0 0

0101101
*
Ed
 1e-07 1 1 0
1  450 0 0 2.100003
2  331 18 0 0 2.100003
2  332 19 0 0 2.100003
0

0101000
+1243 0 -1241 0 *
Ve
1e-07
41.450001 30.491102 0
0 0

0101101
*
Ed
 1e-07 1 1 0
1  451 0 0 0.399999000000001
2  333 18 0 0 0.399999000000001
2  334 19 0 0 0.399999000000001
0

0101000
+1241 0 -1239 0 *
Ve
1e-07
41.849998 30.491102 0
0 0

0101101
*
Ed
 1e-07 1 1 0
1  452 0 0 0.399996999999999
2  335 18 0 0 0.399996999999999
2  336 19 0 0 0.399996999999999
0

0101000
+1239 0 -1237 0 *
Ve
1e-07
41.849998 30.091103 0
0 0

0101101
*
Ed
 1e-07 1 1 0
1  453 0 0 0.399999000000001
2  337 18 0 0 0.399999000000001
2  338 19 0 0 0.399999000000001
0

0101000
+1237 0 -1235 0 *
Ve
1e-07
54.977455 30.091103 0
0 0

0101101
*
Ed
 1e-07 1 1 0
1  454 0 0 13.127457
2  339 18 0 0 13.127457
2  340 19 0 0 13.127457
0

0101000
+1235 0 -1233 0 *
Ve
1e-07
54.977455 29.591103 0
0 0

0101101
*
Ed
 1e-07 1 1 0
1  455 0 0 0.5
2  341 18 0 0 0.5
2  342 19 0 0 0.5
0

0101000
+1233 0 -1231 0 *
Ve
1e-07
54.327454 29.591103 0
0 0

0101101
*
Ed
 1e-07 1 1 0
1  456 0 0 0.650000999999996
2  343 18 0 0 0.650000999999996
2  344 19 0 0 0.650000999999996
0

0101000
+1231 0 -1229 0 *
Ve
1e-07
54.327454 29.491102 0
0 0

0101101
*
Ed
 1e-07 1 1 0
1  457 0 0 0.100000999999999
2  345 18 0 0 0.100000999999999
2  346 19 0 0 0.100000999999999
0

0101000
+1229 0 -1227 0 *
Ve
1e-07
53.627453 29.491102 0
0 0

0101101
*
Ed
 1e-07 1 1 0
1  458 0 0 0.700001
2  347 18 0 0 0.700001
2  348 19 0 0 0.700001
0

0101000
+1227 0 -1225 0 *
Ve
1e-07
53.627453 29.391102 0
0 0

0101101
*
Ed
 1e-07 1 1 0
1  459 0 0 0.100000000000001
2  349 18 0 0 0.100000000000001
2  350 19 0 0 0.100000000000001
0

0101000
+1225 0 -1223 0 *
Ve
1e-07
53.027454 29.391102 0
0 0

0101101
*
Ed
 1e-07 1 1 0
1  460 0 0 0.599999000000004
2  351 18 0 0 0.599999000000004
2  352 19 0 0 0.599999000000004
0

0101000
+1223 0 -1221 0 *
Ve
1e-07
53.027454 29.291101 0
0 0

0101101
*
Ed
 1e-07 1 1 0
1  461 0 0 0.100000999999999
2  353 18 0 0 0.100000999999999
2  354 19 0 0 0.100000999999999
0

0101000
+1221 0 -1219 0 *
Ve
1e-07
51.527454 29.291101 0
0 0

0101101
*
Ed
 1e-07 1 1 0
1  462 0 0 1.5
2  355 18 0 0 1.5
2  356 19 0 0 1.5
0

0101000
+1219 0 -1217 0 *
Ve
1e-07
51.527454 29.391102 0
0 0

0101101
*
Ed
 1e-07 1 1 0
1  463 0 0 0.100000999999999
2  357 18 0 0 0.100000999999999
2  358 19 0 0 0.100000999999999
0

0101000
+1217 0 -1215 0 *
Ve
1e-07
51.227455 29.391102 0
0 0

0101101
*
Ed
 1e-07 1 1 0
1  464 0 0 0.299999
2  359 18 0 0 0.299999
2  360 19 0 0 0.299999
0

0101000
+1215 0 -1213 0 *
Ve
1e-07
51.227455 29.491102 0
0 0

0101101
*
Ed
 1e-07 1 1 0
1  465 0 0 0.100000000000001
2  361 18 0 0 0.100000000000001
2  362 19 0 0 0.100000000000001
0

0101000
+1213 0 -1211 0 *
Ve
1e-07
50.927452 29.491102 0
0 0

0101101
*
Ed
 1e-07 1 1 0
1  466 0 0 0.300002999999997
2  363 18 0 0 0.300002999999997
2  364 19 0 0 0.300002999999997
0

0101000
+1211 0 -1209 0 *
Ve
1e-07
50.927452 29.591103 0
0 0

0101101
*
Ed
 1e-07 1 1 0
1  467 0 0 0.100000999999999
2  365 18 0 0 0.100000999999999
2  366 19 0 0 0.100000999999999
0

0101000
+1209 0 -1207 0 *
Ve
1e-07
49.055836 29.591103 0
0 0

0101101
*
Ed
 1e-07 1 1 0
1  468 0 0 1.871616
2  367 18 0 0 1.871616
2  368 19 0 0 1.871616
0

0101000
+1207 0 -1205 0 *
Ve
1e-07
49.055836 29.491102 0
0 0

0101101
*
Ed
 1e-07 1 1 0
1  469 0 0 0.100000999999999
2  369 18 0 0 0.100000999999999
2  370 19 0 0 0.100000999999999
0

0101000
+1205 0 -1203 0 *
Ve
1e-07
48.755836 29.491102 0
0 0

0101101
*
Ed
 1e-07 1 1 0
1  470 0 0 0.299999999999997
2  371 18 0 0 0.299999999999997
2  372 19 0 0 0.299999999999997
0

0101000
+1203 0 -1201 0 *
Ve
1e-07
48.755836 29.391102 0
0 0

0101101
*
Ed
 1e-07 1 1 0
1  471 0 0 0.100000000000001
2  373 18 0 0 0.100000000000001
2  374 19 0 0 0.100000000000001
0

0101000
+1201 0 -1199 0 *
Ve
1e-07
48.455837 29.391102 0
0 0

0101101
*
Ed
 1e-07 1 1 0
1  472 0 0 0.299999
2  375 18 0 0 0.299999
2  376 19 0 0 0.299999
0

0101000
+1199 0 -1197 0 *
Ve
1e-07
48.455837 29.291101 0
0 0

0101101
*
Ed
 1e-07 1 1 0
1  473 0 0 0.100000999999999
2  377 18 0 0 0.100000999999999
2  378 19 0 0 0.100000999999999
0

0101000
+1197 0 -1195 0 *
Ve
1e-07
46.955837 29.291101 0
0 0

0101101
*
Ed
 1e-07 1 1 0
1  474 0 0 1.5
2  379 18 0 0 1.5
2  380 19 0 0 1.5
0

0101000
+1195 0 -1193 0 *
Ve
1e-07
46.955837 29.391102 0
0 0

0101101
*
Ed
 1e-07 1 1 0
1  475 0 0 0.100000999999999
2  381 18 0 0 0.100000999999999
2  382 19 0 0 0.100000999999999
0

0101000
+1193 0 -1191 0 *
Ve
1e-07
46.355839 29.391102 0
0 0

0101101
*
Ed
 1e-07 1 1 0
1  476 0 0 0.599997999999999
2  383 18 0 0 0.599997999999999
2  384 19 0 0 0.599997999999999
0

0101000
+1191 0 -1189 0 *
Ve
1e-07
46.355839 29.491102 0
0 0

0101101
*
Ed
 1e-07 1 1 0
1  477 0 0 0.100000000000001
2  385 18 0 0 0.100000000000001
2  386 19 0 0 0.100000000000001
0

0101000
+1189 0 -1187 0 *
Ed
 1e-07 1 1 0
1  478 0 0 0.700001
2  387 18 0 0 0.700001
2  388 19 0 0 0.700001
0

0101000
+1187 0 -1260 0 *
Wi

0101100
+1258 0 +1256 0 +1254 0 +1252 0 +1250 0 +1248 0 +1246 0 +1244 0 +1242 0 +1240 0 
+1238 0 +1236 0 +1234 0 +1232 0 +1230 0 +1228 0 +1226 0 +1224 0 +1222 0 +1220 0 
+1218 0 +1216 0 +1214 0 +1212 0 +1210 0 +1208 0 +1206 0 +1204 0 +1202 0 +1200 0 
+1198 0 +1196 0 +1194 0 +1192 0 +1190 0 +1188 0 +1186 0 +1185 0 *
Ve
1e-07
54.977455 -29.591103 0
0 0

0101101
*
Ve
1e-07
54.977455 -30.091103 0
0 0

0101101
*
Ed
 1e-07 1 1 0
1  479 0 0 0.5
2  389 20 0 0 0.5
2  390 21 0 0 0.5
0

0101000
+1183 0 -1182 0 *
Ve
1e-07
41.849998 -30.091103 0
0 0

0101101
*
Ed
 1e-07 1 1 0
1  480 0 0 13.127457
2  391 20 0 0 13.127457
2  392 21 0 0 13.127457
0

0101000
+1182 0 -1180 0 *
Ve
1e-07
41.849998 -30.491102 0
0 0

0101101
*
Ed
 1e-07 1 1 0
1  481 0 0 0.399999000000001
2  393 20 0 0 0.399999000000001
2  394 21 0 0 0.399999000000001
0

0101000
+1180 0 -1178 0 *
Ve
1e-07
41.450001 -30.491102 0
0 0

0101101
*
Ed
 1e-07 1 1 0
1  482 0 0 0.399996999999999
2  395 20 0 0 0.399996999999999
2  396 21 0 0 0.399996999999999
0

0101000
+1178 0 -1176 0 *
Ve
1e-07
41.450001 -30.091103 0
0 0

0101101
*
Ed
 1e-07 1 1 0
1  483 0 0 0.399999000000001
2  397 20 0 0 0.399999000000001
2  398 21 0 0 0.399999000000001
0

0101000
+1176 0 -1174 0 *
Ve
1e-07
39.349998 -30.091103 0
0 0

0101101
*
Ed
 1e-07 1 1 0
1  484 0 0 2.100003
2  399 20 0 0 2.100003
2  400 21 0 0 2.100003
0

0101000
+1174 0 -1172 0 *
Ve
1e-07
39.349998 -29.091103 0
0 0

0101101
*
Ed
 1e-07 1 1 0
1  485 0 0 1
2  401 20 0 0 1
2  402 21 0 0 1
0

0101000
+1172 0 -1170 0 *
Ve
1e-07
39.75 -29.091103 0
0 0

0101101
*
Ed
 1e-07 1 1 0
1  486 0 0 0.400002000000001
2  403 20 0 0 0.400002000000001
2  404 21 0 0 0.400002000000001
0

0101000
+1170 0 -1168 0 *
Ve
1e-07
39.75 -29.691101 0
0 0

0101101
*
Ed
 1e-07 1 1 0
1  487 0 0 0.599997999999999
2  405 20 0 0 0.599997999999999
2  406 21 0 0 0.599997999999999
0

0101000
+1168 0 -1166 0 *
Ve
1e-07
43.005836 -29.691101 0
0 0

0101101
*
Ed
 1e-07 1 1 0
1  488 0 0 3.255836
2  407 20 0 0 3.255836
2  408 21 0 0 3.255836
0

0101000
+1166 0 -1164 0 *
Ve
1e-07
43.005836 -29.441101 0
0 0

0101101
*
Ed
 1e-07 1 1 0
1  489 0 0 0.25
2  409 20 0 0 0.25
2  410 21 0 0 0.25
0

0101000
+1164 0 -1162 0 *
Ve
1e-07
43.855839 -29.441101 0
0 0

0101101
*
Ed
 1e-07 1 1 0
1  490 0 0 0.850003000000001
2  411 20 0 0 0.850003000000001
2  412 21 0 0 0.850003000000001
0

0101000
+1162 0 -1160 0 *
Ve
1e-07
43.855839 -29.591103 0
0 0

0101101
*
Ed
 1e-07 1 1 0
1  491 0 0 0.150002000000001
2  413 20 0 0 0.150002000000001
2  414 21 0 0 0.150002000000001
0

0101000
+1160 0 -1158 0 *
Ve
1e-07
45.655838 -29.591103 0
0 0

0101101
*
Ed
 1e-07 1 1 0
1  492 0 0 1.799999
2  415 20 0 0 1.799999
2  416 21 0 0 1.799999
0

0101000
+1158 0 -1156 0 *
Ve
1e-07
45.655838 -29.491102 0
0 0

0101101
*
Ed
 1e-07 1 1 0
1  493 0 0 0.100000999999999
2  417 20 0 0 0.100000999999999
2  418 21 0 0 0.100000999999999
0

0101000
+1156 0 -1154 0 *
Ve
1e-07
46.355839 -29.491102 0
0 0

0101101
*
Ed
 1e-07 1 1 0
1  494 0 0 0.700001
2  419 20 0 0 0.700001
2  420 21 0 0 0.700001
0

0101000
+1154 0 -1152 0 *
Ve
1e-07
46.355839 -29.391102 0
0 0

0101101
*
Ed
 1e-07 1 1 0
1  495 0 0 0.100000000000001
2  421 20 0 0 0.100000000000001
2  422 21 0 0 0.100000000000001
0

0101000
+1152 0 -1150 0 *
Ve
1e-07
46.955837 -29.391102 0
0 0

0101101
*
Ed
 1e-07 1 1 0
1  496 0 0 0.599997999999999
2  423 20 0 0 0.599997999999999
2  424 21 0 0 0.599997999999999
0

0101000
+1150 0 -1148 0 *
Ve
1e-07
46.955837 -29.291101 0
0 0

0101101
*
Ed
 1e-07 1 1 0
1  497 0 0 0.100000999999999
2  425 20 0 0 0.100000999999999
2  426 21 0 0 0.100000999999999
0

0101000
+1148 0 -1146 0 *
Ve
1e-07
48.455837 -29.291101 0
0 0

0101101
*
Ed
 1e-07 1 1 0
1  498 0 0 1.5
2  427 20 0 0 1.5
2  428 21 0 0 1.5
0

0101000
+1146 0 -1144 0 *
Ve
1e-07
48.455837 -29.391102 0
0 0

0101101
*
Ed
 1e-07 1 1 0
1  499 0 0 0.100000999999999
2  429 20 0 0 0.100000999999999
2  430 21 0 0 0.100000999999999
0

0101000
+1144 0 -1142 0 *
Ve
1e-07
48.755836 -29.391102 0
0 0

0101101
*
Ed
 1e-07 1 1 0
1  500 0 0 0.299999
2  431 20 0 0 0.299999
2  432 21 0 0 0.299999
0

0101000
+1142 0 -1140 0 *
Ve
1e-07
48.755836 -29.491102 0
0 0

0101101
*
Ed
 1e-07 1 1 0
1  501 0 0 0.100000000000001
2  433 20 0 0 0.100000000000001
2  434 21 0 0 0.100000000000001
0

0101000
+1140 0 -1138 0 *
Ve
1e-07
49.055836 -29.491102 0
0 0

0101101
*
Ed
 1e-07 1 1 0
1  502 0 0 0.299999999999997
2  435 20 0 0 0.299999999999997
2  436 21 0 0 0.299999999999997
0

0101000
+1138 0 -1136 0 *
Ve
1e-07
49.055836 -29.591103 0
0 0

0101101
*
Ed
 1e-07 1 1 0
1  503 0 0 0.100000999999999
2  437 20 0 0 0.100000999999999
2  438 21 0 0 0.100000999999999
0

0101000
+1136 0 -1134 0 *
Ve
1e-07
50.927452 -29.591103 0
0 0

0101101
*
Ed
 1e-07 1 1 0
1  504 0 0 1.871616
2  439 20 0 0 1.871616
2  440 21 0 0 1.871616
0

0101000
+1134 0 -1132 0 *
Ve
1e-07
50.927452 -29.491102 0
0 0

0101101
*
Ed
 1e-07 1 1 0
1  505 0 0 0.100000999999999
2  441 20 0 0 0.100000999999999
2  442 21 0 0 0.100000999999999
0

0101000
+1132 0 -1130 0 *
Ve
1e-07
51.227455 -29.491102 0
0 0

0101101
*
Ed
 1e-07 1 1 0
1  506 0 0 0.300002999999997
2  443 20 0 0 0.300002999999997
2  444 21 0 0 0.300002999999997
0

0101000
+1130 0 -1128 0 *
Ve
1e-07
51.227455 -29.391102 0
0 0

0101101
*
Ed
 1e-07 1 1 0
1  507 0 0 0.100000000000001
2  445 20 0 0 0.100000000000001
2  446 21 0 0 0.100000000000001
0

0101000
+1128 0 -1126 0 *
Ve
1e-07
51.527454 -29.391102 0
0 0

0101101
*
Ed
 1e-07 1 1 0
1  508 0 0 0.299999
2  447 20 0 0 0.299999
2  448 21 0 0 0.299999
0

0101000
+1126 0 -1124 0 *
Ve
1e-07
51.527454 -29.291101 0
0 0

0101101
*
Ed
 1e-07 1 1 0
1  509 0 0 0.100000999999999
2  449 20 0 0 0.100000999999999
2  450 21 0 0 0.100000999999999
0

0101000
+1124 0 -1122 0 *
Ve
1e-07
53.027454 -29.291101 0
0 0

0101101
*
Ed
 1e-07 1 1 0
1  510 0 0 1.5
2  451 20 0 0 1.5
2  452 21 0 0 1.5
0

0101000
+1122 0 -1120 0 *
Ve
1e-07
53.027454 -29.391102 0
0 0

0101101
*
Ed
 1e-07 1 1 0
1  511 0 0 0.100000999999999
2  453 20 0 0 0.100000999999999
2  454 21 0 0 0.100000999999999
0

0101000
+1120 0 -1118 0 *
Ve
1e-07
53.627453 -29.391102 0
0 0

0101101
*
Ed
 1e-07 1 1 0
1  512 0 0 0.599999000000004
2  455 20 0 0 0.599999000000004
2  456 21 0 0 0.599999000000004
0

0101000
+1118 0 -1116 0 *
Ve
1e-07
53.627453 -29.491102 0
0 0

0101101
*
Ed
 1e-07 1 1 0
1  513 0 0 0.100000000000001
2  457 20 0 0 0.100000000000001
2  458 21 0 0 0.100000000000001
0

0101000
+1116 0 -1114 0 *
Ve
1e-07
54.327454 -29.491102 0
0 0

0101101
*
Ed
 1e-07 1 1 0
1  514 0 0 0.700001
2  459 20 0 0 0.700001
2  460 21 0 0 0.700001
0

0101000
+1114 0 -1112 0 *
Ve
1e-07
54.327454 -29.591103 0
0 0

0101101
*
Ed
 1e-07 1 1 0
1  515 0 0 0.100000999999999
2  461 20 0 0 0.100000999999999
2  462 21 0 0 0.100000999999999
0

0101000
+1112 0 -1110 0 *
Ed
 1e-07 1 1 0
1  516 0 0 0.650000999999996
2  463 20 0 0 0.650000999999996
2  464 21 0 0 0.650000999999996
0

0101000
+1110 0 -1183 0 *
Wi

0101100
+1181 0 +1179 0 +1177 0 +1175 0 +1173 0 +1171 0 +1169 0 +1167 0 +1165 0 +1163 0 
+1161 0 +1159 0 +1157 0 +1155 0 +1153 0 +1151 0 +1149 0 +1147 0 +1145 0 +1143 0 
+1141 0 +1139 0 +1137 0 +1135 0 +1133 0 +1131 0 +1129 0 +1127 0 +1125 0 +1123 0 
+1121 0 +1119 0 +1117 0 +1115 0 +1113 0 +1111 0 +1109 0 +1108 0 *
Ve
1e-07
76.994164 3.839381 0
0 0

0101101
*
Ve
1e-07
76.994164 -3.839381 0
0 0

0101101
*
Ed
 1e-07 1 1 0
1  517 0 0 7.678762
2  465 22 0 0 7.678762
2  466 23 0 0 7.678762
0

0101000
+1106 0 -1105 0 *
Ve
1e-07
43.005836 -3.839381 0
0 0

0101101
*
Ed
 1e-07 1 1 0
1  518 0 0 33.988328
2  467 22 0 0 33.988328
2  468 23 0 0 33.988328
0

0101000
+1105 0 -1103 0 *
Ve
1e-07
43.005836 3.839381 0
0 0

0101101
*
Ed
 1e-07 1 1 0
1  519 0 0 7.678762
2  469 22 0 0 7.678762
2  470 23 0 0 7.678762
0

0101000
+1103 0 -1101 0 *
Ed
 1e-07 1 1 0
1  520 0 0 33.988328
2  471 22 0 0 33.988328
2  472 23 0 0 33.988328
0

0101000
+1101 0 -1106 0 *
Wi

0101100
+1104 0 +1102 0 +1100 0 +1099 0 *
Ve
1e-07
63.022545 22.917374 0
0 0

0101101
*
Ve
1e-07
63.022545 29.691101 0
0 0

0101101
*
Ed
 1e-07 1 1 0
1  521 0 0 6.773727
2  473 24 0 0 6.773727
2  474 25 0 0 6.773727
0

0101000
+1097 0 -1096 0 *
Ve
1e-07
60.450001 29.691101 0
0 0

0101101
*
Ed
 1e-07 1 1 0
1  522 0 0 2.572544
2  475 24 0 0 2.572544
2  476 25 0 0 2.572544
0

0101000
+1096 0 -1094 0 *
Ve
1e-07
60.450001 30.091103 0
0 0

0101101
*
Ed
 1e-07 1 1 0
1  523 0 0 0.400002000000001
2  477 24 0 0 0.400002000000001
2  478 25 0 0 0.400002000000001
0

0101000
+1094 0 -1092 0 *
Ve
1e-07
64.122543 30.091103 0
0 0

0101101
*
Ed
 1e-07 1 1 0
1  524 0 0 3.67254199999999
2  479 24 0 0 3.67254199999999
2  480 25 0 0 3.67254199999999
0

0101000
+1092 0 -1090 0 *
Ve
1e-07
64.122543 29.591103 0
0 0

0101101
*
Ed
 1e-07 1 1 0
1  525 0 0 0.5
2  481 24 0 0 0.5
2  482 25 0 0 0.5
0

0101000
+1090 0 -1088 0 *
Ve
1e-07
63.872547 29.591103 0
0 0

0101101
*
Ed
 1e-07 1 1 0
1  526 0 0 0.249995999999996
2  483 24 0 0 0.249995999999996
2  484 25 0 0 0.249995999999996
0

0101000
+1088 0 -1086 0 *
Ve
1e-07
63.872547 26.491102 0
0 0

0101101
*
Ed
 1e-07 1 1 0
1  527 0 0 3.100001
2  485 24 0 0 3.100001
2  486 25 0 0 3.100001
0

0101000
+1086 0 -1084 0 *
Ve
1e-07
63.822548 26.491102 0
0 0

0101101
*
Ed
 1e-07 1 1 0
1  528 0 0 0.0499989999999997
2  487 24 0 0 0.0499989999999997
2  488 25 0 0 0.0499989999999997
0

0101000
+1084 0 -1082 0 *
Ve
1e-07
63.822548 25.791101 0
0 0

0101101
*
Ed
 1e-07 1 1 0
1  529 0 0 0.700001
2  489 24 0 0 0.700001
2  490 25 0 0 0.700001
0

0101000
+1082 0 -1080 0 *
Ve
1e-07
63.722546 25.791101 0
0 0

0101101
*
Ed
 1e-07 1 1 0
1  530 0 0 0.100001999999996
2  491 24 0 0 0.100001999999996
2  492 25 0 0 0.100001999999996
0

0101000
+1080 0 -1078 0 *
Ve
1e-07
63.722546 24.191101 0
0 0

0101101
*
Ed
 1e-07 1 1 0
1  531 0 0 1.6
2  493 24 0 0 1.6
2  494 25 0 0 1.6
0

0101000
+1078 0 -1076 0 *
Ve
1e-07
63.872547 24.191101 0
0 0

0101101
*
Ed
 1e-07 1 1 0
1  532 0 0 0.150000999999996
2  495 24 0 0 0.150000999999996
2  496 25 0 0 0.150000999999996
0

0101000
+1076 0 -1074 0 *
Ve
1e-07
63.872547 22.591103 0
0 0

0101101
*
Ed
 1e-07 1 1 0
1  533 0 0 1.599998
2  497 24 0 0 1.599998
2  498 25 0 0 1.599998
0

0101000
+1074 0 -1072 0 *
Ve
1e-07
63.722546 22.591103 0
0 0

0101101
*
Ed
 1e-07 1 1 0
1  534 0 0 0.150000999999996
2  499 24 0 0 0.150000999999996
2  500 25 0 0 0.150000999999996
0

0101000
+1072 0 -1070 0 *
Ve
1e-07
63.722546 22.317373 0
0 0

0101101
*
Ed
 1e-07 1 1 0
1  535 0 0 0.27373
2  501 24 0 0 0.27373
2  502 25 0 0 0.27373
0

0101000
+1070 0 -1068 0 *
Ve
1e-07
63.022545 22.317373 0
0 0

0101101
*
Ed
 1e-07 1 1 0
1  536 0 0 0.700001
2  503 24 0 0 0.700001
2  504 25 0 0 0.700001
0

0101000
+1068 0 -1066 0 *
Ve
1e-07
63.022545 22.417374 0
0 0

0101101
*
Ed
 1e-07 1 1 0
1  537 0 0 0.100000999999999
2  505 24 0 0 0.100000999999999
2  506 25 0 0 0.100000999999999
0

0101000
+1066 0 -1064 0 *
Ve
1e-07
61.650002 22.417374 0
0 0

0101101
*
Ed
 1e-07 1 1 0
1  538 0 0 1.372543
2  507 24 0 0 1.372543
2  508 25 0 0 1.372543
0

0101000
+1064 0 -1062 0 *
Ve
1e-07
61.650002 19.017374 0
0 0

0101101
*
Ed
 1e-07 1 1 0
1  539 0 0 3.4
2  509 24 0 0 3.4
2  510 25 0 0 3.4
0

0101000
+1062 0 -1060 0 *
Ve
1e-07
60.450001 19.017374 0
0 0

0101101
*
Ed
 1e-07 1 1 0
1  540 0 0 1.200001
2  511 24 0 0 1.200001
2  512 25 0 0 1.200001
0

0101000
+1060 0 -1058 0 *
Ve
1e-07
60.450001 19.417374 0
0 0

0101101
*
Ed
 1e-07 1 1 0
1  541 0 0 0.399999999999999
2  513 24 0 0 0.399999999999999
2  514 25 0 0 0.399999999999999
0

0101000
+1058 0 -1056 0 *
Ve
1e-07
61.25 19.417374 0
0 0

0101101
*
Ed
 1e-07 1 1 0
1  542 0 0 0.799999
2  515 24 0 0 0.799999
2  516 25 0 0 0.799999
0

0101000
+1056 0 -1054 0 *
Ve
1e-07
61.25 22.417374 0
0 0

0101101
*
Ed
 1e-07 1 1 0
1  543 0 0 3
2  517 24 0 0 3
2  518 25 0 0 3
0

0101000
+1054 0 -1052 0 *
Ve
1e-07
58.75 22.417374 0
0 0

0101101
*
Ed
 1e-07 1 1 0
1  544 0 0 2.5
2  519 24 0 0 2.5
2  520 25 0 0 2.5
0

0101000
+1052 0 -1050 0 *
Ve
1e-07
58.75 19.417374 0
0 0

0101101
*
Ed
 1e-07 1 1 0
1  545 0 0 3
2  521 24 0 0 3
2  522 25 0 0 3
0

0101000
+1050 0 -1048 0 *
Ve
1e-07
59.549999 19.417374 0
0 0

0101101
*
Ed
 1e-07 1 1 0
1  546 0 0 0.799999
2  523 24 0 0 0.799999
2  524 25 0 0 0.799999
0

0101000
+1048 0 -1046 0 *
Ve
1e-07
59.549999 19.017374 0
0 0

0101101
*
Ed
 1e-07 1 1 0
1  547 0 0 0.399999999999999
2  525 24 0 0 0.399999999999999
2  526 25 0 0 0.399999999999999
0

0101000
+1046 0 -1044 0 *
Ve
1e-07
58.349998 19.017374 0
0 0

0101101
*
Ed
 1e-07 1 1 0
1  548 0 0 1.200001
2  527 24 0 0 1.200001
2  528 25 0 0 1.200001
0

0101000
+1044 0 -1042 0 *
Ve
1e-07
58.349998 22.417374 0
0 0

0101101
*
Ed
 1e-07 1 1 0
1  549 0 0 3.4
2  529 24 0 0 3.4
2  530 25 0 0 3.4
0

0101000
+1042 0 -1040 0 *
Ve
1e-07
56.977455 22.417374 0
0 0

0101101
*
Ed
 1e-07 1 1 0
1  550 0 0 1.372543
2  531 24 0 0 1.372543
2  532 25 0 0 1.372543
0

0101000
+1040 0 -1038 0 *
Ve
1e-07
56.977455 22.317373 0
0 0

0101101
*
Ed
 1e-07 1 1 0
1  551 0 0 0.100000999999999
2  533 24 0 0 0.100000999999999
2  534 25 0 0 0.100000999999999
0

0101000
+1038 0 -1036 0 *
Ve
1e-07
56.277454 22.317373 0
0 0

0101101
*
Ed
 1e-07 1 1 0
1  552 0 0 0.700001
2  535 24 0 0 0.700001
2  536 25 0 0 0.700001
0

0101000
+1036 0 -1034 0 *
Ve
1e-07
56.277454 22.591103 0
0 0

0101101
*
Ed
 1e-07 1 1 0
1  553 0 0 0.27373
2  537 24 0 0 0.27373
2  538 25 0 0 0.27373
0

0101000
+1034 0 -1032 0 *
Ve
1e-07
56.127453 22.591103 0
0 0

0101101
*
Ed
 1e-07 1 1 0
1  554 0 0 0.150000999999996
2  539 24 0 0 0.150000999999996
2  540 25 0 0 0.150000999999996
0

0101000
+1032 0 -1030 0 *
Ve
1e-07
56.127453 24.191101 0
0 0

0101101
*
Ed
 1e-07 1 1 0
1  555 0 0 1.599998
2  541 24 0 0 1.599998
2  542 25 0 0 1.599998
0

0101000
+1030 0 -1028 0 *
Ve
1e-07
56.277454 24.191101 0
0 0

0101101
*
Ed
 1e-07 1 1 0
1  556 0 0 0.150000999999996
2  543 24 0 0 0.150000999999996
2  544 25 0 0 0.150000999999996
0

0101000
+1028 0 -1026 0 *
Ve
1e-07
56.277454 25.791101 0
0 0

0101101
*
Ed
 1e-07 1 1 0
1  557 0 0 1.6
2  545 24 0 0 1.6
2  546 25 0 0 1.6
0

0101000
+1026 0 -1024 0 *
Ve
1e-07
56.177452 25.791101 0
0 0

0101101
*
Ed
 1e-07 1 1 0
1  558 0 0 0.100001999999996
2  547 24 0 0 0.100001999999996
2  548 25 0 0 0.100001999999996
0

0101000
+1024 0 -1022 0 *
Ve
1e-07
56.177452 26.491102 0
0 0

0101101
*
Ed
 1e-07 1 1 0
1  559 0 0 0.700001
2  549 24 0 0 0.700001
2  550 25 0 0 0.700001
0

0101000
+1022 0 -1020 0 *
Ve
1e-07
56.127453 26.491102 0
0 0

0101101
*
Ed
 1e-07 1 1 0
1  560 0 0 0.0499989999999997
2  551 24 0 0 0.0499989999999997
2  552 25 0 0 0.0499989999999997
0

0101000
+1020 0 -1018 0 *
Ve
1e-07
56.127453 29.591103 0
0 0

0101101
*
Ed
 1e-07 1 1 0
1  561 0 0 3.100001
2  553 24 0 0 3.100001
2  554 25 0 0 3.100001
0

0101000
+1018 0 -1016 0 *
Ve
1e-07
55.877453 29.591103 0
0 0

0101101
*
Ed
 1e-07 1 1 0
1  562 0 0 0.25
2  555 24 0 0 0.25
2  556 25 0 0 0.25
0

0101000
+1016 0 -1014 0 *
Ve
1e-07
55.877453 30.091103 0
0 0

0101101
*
Ed
 1e-07 1 1 0
1  563 0 0 0.5
2  557 24 0 0 0.5
2  558 25 0 0 0.5
0

0101000
+1014 0 -1012 0 *
Ve
1e-07
59.549999 30.091103 0
0 0

0101101
*
Ed
 1e-07 1 1 0
1  564 0 0 3.672546
2  559 24 0 0 3.672546
2  560 25 0 0 3.672546
0

0101000
+1012 0 -1010 0 *
Ve
1e-07
59.549999 29.691101 0
0 0

0101101
*
Ed
 1e-07 1 1 0
1  565 0 0 0.400002000000001
2  561 24 0 0 0.400002000000001
2  562 25 0 0 0.400002000000001
0

0101000
+1010 0 -1008 0 *
Ve
1e-07
56.977455 29.691101 0
0 0

0101101
*
Ed
 1e-07 1 1 0
1  566 0 0 2.572544
2  563 24 0 0 2.572544
2  564 25 0 0 2.572544
0

0101000
+1008 0 -1006 0 *
Ve
1e-07
56.977455 22.917374 0
0 0

0101101
*
Ed
 1e-07 1 1 0
1  567 0 0 6.773727
2  565 24 0 0 6.773727
2  566 25 0 0 6.773727
0

0101000
+1006 0 -1004 0 *
Ve
1e-07
58.349998 22.917374 0
0 0

0101101
*
Ed
 1e-07 1 1 0
1  568 0 0 1.372543
2  567 24 0 0 1.372543
2  568 25 0 0 1.372543
0

0101000
+1004 0 -1002 0 *
Ve
1e-07
58.349998 26.317373 0
0 0

0101101
*
Ed
 1e-07 1 1 0
1  569 0 0 3.399999
2  569 24 0 0 3.399999
2  570 25 0 0 3.399999
0

0101000
+1002 0 -1000 0 *
Ve
1e-07
59.549999 26.317373 0
0 0

0101101
*
Ed
 1e-07 1 1 0
1  570 0 0 1.200001
2  571 24 0 0 1.200001
2  572 25 0 0 1.200001
0

0101000
+1000 0 -998 0 *
Ve
1e-07
59.549999 25.917374 0
0 0

0101101
*
Ed
 1e-07 1 1 0
1  571 0 0 0.399999000000001
2  573 24 0 0 0.399999000000001
2  574 25 0 0 0.399999000000001
0

0101000
+998 0 -996 0 *
Ve
1e-07
58.75 25.917374 0
0 0

0101101
*
Ed
 1e-07 1 1 0
1  572 0 0 0.799999
2  575 24 0 0 0.799999
2  576 25 0 0 0.799999
0

0101000
+996 0 -994 0 *
Ve
1e-07
58.75 22.917374 0
0 0

0101101
*
Ed
 1e-07 1 1 0
1  573 0 0 3
2  577 24 0 0 3
2  578 25 0 0 3
0

0101000
+994 0 -992 0 *
Ve
1e-07
61.25 22.917374 0
0 0

0101101
*
Ed
 1e-07 1 1 0
1  574 0 0 2.5
2  579 24 0 0 2.5
2  580 25 0 0 2.5
0

0101000
+992 0 -990 0 *
Ve
1e-07
61.25 25.917374 0
0 0

0101101
*
Ed
 1e-07 1 1 0
1  575 0 0 3
2  581 24 0 0 3
2  582 25 0 0 3
0

0101000
+990 0 -988 0 *
Ve
1e-07
60.450001 25.917374 0
0 0

0101101
*
Ed
 1e-07 1 1 0
1  576 0 0 0.799999
2  583 24 0 0 0.799999
2  584 25 0 0 0.799999
0

0101000
+988 0 -986 0 *
Ve
1e-07
60.450001 26.317373 0
0 0

0101101
*
Ed
 1e-07 1 1 0
1  577 0 0 0.399999000000001
2  585 24 0 0 0.399999000000001
2  586 25 0 0 0.399999000000001
0

0101000
+986 0 -984 0 *
Ve
1e-07
61.650002 26.317373 0
0 0

0101101
*
Ed
 1e-07 1 1 0
1  578 0 0 1.200001
2  587 24 0 0 1.200001
2  588 25 0 0 1.200001
0

0101000
+984 0 -982 0 *
Ve
1e-07
61.650002 22.917374 0
0 0

0101101
*
Ed
 1e-07 1 1 0
1  579 0 0 3.399999
2  589 24 0 0 3.399999
2  590 25 0 0 3.399999
0

0101000
+982 0 -980 0 *
Ed
 1e-07 1 1 0
1  580 0 0 1.372543
2  591 24 0 0 1.372543
2  592 25 0 0 1.372543
0

0101000
+980 0 -1097 0 *
Wi

0101100
+1095 0 +1093 0 +1091 0 +1089 0 +1087 0 +1085 0 +1083 0 +1081 0 +1079 0 +1077 0 
+1075 0 +1073 0 +1071 0 +1069 0 +1067 0 +1065 0 +1063 0 +1061 0 +1059 0 +1057 0 
+1055 0 +1053 0 +1051 0 +1049 0 +1047 0 +1045 0 +1043 0 +1041 0 +1039 0 +1037 0 
+1035 0 +1033 0 +1031 0 +1029 0 +1027 0 +1025 0 +1023 0 +1021 0 +1019 0 +1017 0 
+1015 0 +1013 0 +1011 0 +1009 0 +1007 0 +1005 0 +1003 0 +1001 0 +999 0 +997 0 
+995 0 +993 0 +991 0 +989 0 +987 0 +985 0 +983 0 +981 0 +979 0 +978 0 
*
Ve
1e-07
61.650002 -22.417374 0
0 0

0101101
*
Ve
1e-07
63.022545 -22.417374 0
0 0

0101101
*
Ed
 1e-07 1 1 0
1  581 0 0 1.372543
2  593 26 0 0 1.372543
2  594 27 0 0 1.372543
0

0101000
+976 0 -975 0 *
Ve
1e-07
63.022545 -22.317373 0
0 0

0101101
*
Ed
 1e-07 1 1 0
1  582 0 0 0.100000999999999
2  595 26 0 0 0.100000999999999
2  596 27 0 0 0.100000999999999
0

0101000
+975 0 -973 0 *
Ve
1e-07
63.722546 -22.317373 0
0 0

0101101
*
Ed
 1e-07 1 1 0
1  583 0 0 0.700001
2  597 26 0 0 0.700001
2  598 27 0 0 0.700001
0

0101000
+973 0 -971 0 *
Ve
1e-07
63.722546 -22.591103 0
0 0

0101101
*
Ed
 1e-07 1 1 0
1  584 0 0 0.27373
2  599 26 0 0 0.27373
2  600 27 0 0 0.27373
0

0101000
+971 0 -969 0 *
Ve
1e-07
63.872547 -22.591103 0
0 0

0101101
*
Ed
 1e-07 1 1 0
1  585 0 0 0.150000999999996
2  601 26 0 0 0.150000999999996
2  602 27 0 0 0.150000999999996
0

0101000
+969 0 -967 0 *
Ve
1e-07
63.872547 -24.191101 0
0 0

0101101
*
Ed
 1e-07 1 1 0
1  586 0 0 1.599998
2  603 26 0 0 1.599998
2  604 27 0 0 1.599998
0

0101000
+967 0 -965 0 *
Ve
1e-07
63.722546 -24.191101 0
0 0

0101101
*
Ed
 1e-07 1 1 0
1  587 0 0 0.150000999999996
2  605 26 0 0 0.150000999999996
2  606 27 0 0 0.150000999999996
0

0101000
+965 0 -963 0 *
Ve
1e-07
63.722546 -25.791101 0
0 0

0101101
*
Ed
 1e-07 1 1 0
1  588 0 0 1.6
2  607 26 0 0 1.6
2  608 27 0 0 1.6
0

0101000
+963 0 -961 0 *
Ve
1e-07
63.822548 -25.791101 0
0 0

0101101
*
Ed
 1e-07 1 1 0
1  589 0 0 0.100001999999996
2  609 26 0 0 0.100001999999996
2  610 27 0 0 0.100001999999996
0

0101000
+961 0 -959 0 *
Ve
1e-07
63.822548 -26.491102 0
0 0

0101101
*
Ed
 1e-07 1 1 0
1  590 0 0 0.700001
2  611 26 0 0 0.700001
2  612 27 0 0 0.700001
0

0101000
+959 0 -957 0 *
Ve
1e-07
63.872547 -26.491102 0
0 0

0101101
*
Ed
 1e-07 1 1 0
1  591 0 0 0.0499989999999997
2  613 26 0 0 0.0499989999999997
2  614 27 0 0 0.0499989999999997
0

0101000
+957 0 -955 0 *
Ve
1e-07
63.872547 -29.591103 0
0 0

0101101
*
Ed
 1e-07 1 1 0
1  592 0 0 3.100001
2  615 26 0 0 3.100001
2  616 27 0 0 3.100001
0

0101000
+955 0 -953 0 *
Ve
1e-07
64.122543 -29.591103 0
0 0

0101101
*
Ed
 1e-07 1 1 0
1  593 0 0 0.249995999999996
2  617 26 0 0 0.249995999999996
2  618 27 0 0 0.249995999999996
0

0101000
+953 0 -951 0 *
Ve
1e-07
64.122543 -30.091103 0
0 0

0101101
*
Ed
 1e-07 1 1 0
1  594 0 0 0.5
2  619 26 0 0 0.5
2  620 27 0 0 0.5
0

0101000
+951 0 -949 0 *
Ve
1e-07
60.450001 -30.091103 0
0 0

0101101
*
Ed
 1e-07 1 1 0
1  595 0 0 3.67254199999999
2  621 26 0 0 3.67254199999999
2  622 27 0 0 3.67254199999999
0

0101000
+949 0 -947 0 *
Ve
1e-07
60.450001 -29.691101 0
0 0

0101101
*
Ed
 1e-07 1 1 0
1  596 0 0 0.400002000000001
2  623 26 0 0 0.400002000000001
2  624 27 0 0 0.400002000000001
0

0101000
+947 0 -945 0 *
Ve
1e-07
63.022545 -29.691101 0
0 0

0101101
*
Ed
 1e-07 1 1 0
1  597 0 0 2.572544
2  625 26 0 0 2.572544
2  626 27 0 0 2.572544
0

0101000
+945 0 -943 0 *
Ve
1e-07
63.022545 -22.917374 0
0 0

0101101
*
Ed
 1e-07 1 1 0
1  598 0 0 6.773727
2  627 26 0 0 6.773727
2  628 27 0 0 6.773727
0

0101000
+943 0 -941 0 *
Ve
1e-07
61.650002 -22.917374 0
0 0

0101101
*
Ed
 1e-07 1 1 0
1  599 0 0 1.372543
2  629 26 0 0 1.372543
2  630 27 0 0 1.372543
0

0101000
+941 0 -939 0 *
Ve
1e-07
61.650002 -26.317373 0
0 0

0101101
*
Ed
 1e-07 1 1 0
1  600 0 0 3.399999
2  631 26 0 0 3.399999
2  632 27 0 0 3.399999
0

0101000
+939 0 -937 0 *
Ve
1e-07
60.450001 -26.317373 0
0 0

0101101
*
Ed
 1e-07 1 1 0
1  601 0 0 1.200001
2  633 26 0 0 1.200001
2  634 27 0 0 1.200001
0

0101000
+937 0 -935 0 *
Ve
1e-07
60.450001 -25.917374 0
0 0

0101101
*
Ed
 1e-07 1 1 0
1  602 0 0 0.399999000000001
2  635 26 0 0 0.399999000000001
2  636 27 0 0 0.399999000000001
0

0101000
+935 0 -933 0 *
Ve
1e-07
61.25 -25.917374 0
0 0

0101101
*
Ed
 1e-07 1 1 0
1  603 0 0 0.799999
2  637 26 0 0 0.799999
2  638 27 0 0 0.799999
0

0101000
+933 0 -931 0 *
Ve
1e-07
61.25 -22.917374 0
0 0

0101101
*
Ed
 1e-07 1 1 0
1  604 0 0 3
2  639 26 0 0 3
2  640 27 0 0 3
0

0101000
+931 0 -929 0 *
Ve
1e-07
58.75 -22.917374 0
0 0

0101101
*
Ed
 1e-07 1 1 0
1  605 0 0 2.5
2  641 26 0 0 2.5
2  642 27 0 0 2.5
0

0101000
+929 0 -927 0 *
Ve
1e-07
58.75 -25.917374 0
0 0

0101101
*
Ed
 1e-07 1 1 0
1  606 0 0 3
2  643 26 0 0 3
2  644 27 0 0 3
0

0101000
+927 0 -925 0 *
Ve
1e-07
59.549999 -25.917374 0
0 0

0101101
*
Ed
 1e-07 1 1 0
1  607 0 0 0.799999
2  645 26 0 0 0.799999
2  646 27 0 0 0.799999
0

0101000
+925 0 -923 0 *
Ve
1e-07
59.549999 -26.317373 0
0 0

0101101
*
Ed
 1e-07 1 1 0
1  608 0 0 0.399999000000001
2  647 26 0 0 0.399999000000001
2  648 27 0 0 0.399999000000001
0

0101000
+923 0 -921 0 *
Ve
1e-07
58.349998 -26.317373 0
0 0

0101101
*
Ed
 1e-07 1 1 0
1  609 0 0 1.200001
2  649 26 0 0 1.200001
2  650 27 0 0 1.200001
0

0101000
+921 0 -919 0 *
Ve
1e-07
58.349998 -22.917374 0
0 0

0101101
*
Ed
 1e-07 1 1 0
1  610 0 0 3.399999
2  651 26 0 0 3.399999
2  652 27 0 0 3.399999
0

0101000
+919 0 -917 0 *
Ve
1e-07
56.977455 -22.917374 0
0 0

0101101
*
Ed
 1e-07 1 1 0
1  611 0 0 1.372543
2  653 26 0 0 1.372543
2  654 27 0 0 1.372543
0

0101000
+917 0 -915 0 *
Ve
1e-07
56.977455 -29.691101 0
0 0

0101101
*
Ed
 1e-07 1 1 0
1  612 0 0 6.773727
2  655 26 0 0 6.773727
2  656 27 0 0 6.773727
0

0101000
+915 0 -913 0 *
Ve
1e-07
59.549999 -29.691101 0
0 0

0101101
*
Ed
 1e-07 1 1 0
1  613 0 0 2.572544
2  657 26 0 0 2.572544
2  658 27 0 0 2.572544
0

0101000
+913 0 -911 0 *
Ve
1e-07
59.549999 -30.091103 0
0 0

0101101
*
Ed
 1e-07 1 1 0
1  614 0 0 0.400002000000001
2  659 26 0 0 0.400002000000001
2  660 27 0 0 0.400002000000001
0

0101000
+911 0 -909 0 *
Ve
1e-07
55.877453 -30.091103 0
0 0

0101101
*
Ed
 1e-07 1 1 0
1  615 0 0 3.672546
2  661 26 0 0 3.672546
2  662 27 0 0 3.672546
0

0101000
+909 0 -907 0 *
Ve
1e-07
55.877453 -29.591103 0
0 0

0101101
*
Ed
 1e-07 1 1 0
1  616 0 0 0.5
2  663 26 0 0 0.5
2  664 27 0 0 0.5
0

0101000
+907 0 -905 0 *
Ve
1e-07
56.127453 -29.591103 0
0 0

0101101
*
Ed
 1e-07 1 1 0
1  617 0 0 0.25
2  665 26 0 0 0.25
2  666 27 0 0 0.25
0

0101000
+905 0 -903 0 *
Ve
1e-07
56.127453 -26.491102 0
0 0

0101101
*
Ed
 1e-07 1 1 0
1  618 0 0 3.100001
2  667 26 0 0 3.100001
2  668 27 0 0 3.100001
0

0101000
+903 0 -901 0 *
Ve
1e-07
56.177452 -26.491102 0
0 0

0101101
*
Ed
 1e-07 1 1 0
1  619 0 0 0.0499989999999997
2  669 26 0 0 0.0499989999999997
2  670 27 0 0 0.0499989999999997
0

0101000
+901 0 -899 0 *
Ve
1e-07
56.177452 -25.791101 0
0 0

0101101
*
Ed
 1e-07 1 1 0
1  620 0 0 0.700001
2  671 26 0 0 0.700001
2  672 27 0 0 0.700001
0

0101000
+899 0 -897 0 *
Ve
1e-07
56.277454 -25.791101 0
0 0

0101101
*
Ed
 1e-07 1 1 0
1  621 0 0 0.100001999999996
2  673 26 0 0 0.100001999999996
2  674 27 0 0 0.100001999999996
0

0101000
+897 0 -895 0 *
Ve
1e-07
56.277454 -24.191101 0
0 0

0101101
*
Ed
 1e-07 1 1 0
1  622 0 0 1.6
2  675 26 0 0 1.6
2  676 27 0 0 1.6
0

0101000
+895 0 -893 0 *
Ve
1e-07
56.127453 -24.191101 0
0 0

0101101
*
Ed
 1e-07 1 1 0
1  623 0 0 0.150000999999996
2  677 26 0 0 0.150000999999996
2  678 27 0 0 0.150000999999996
0

0101000
+893 0 -891 0 *
Ve
1e-07
56.127453 -22.591103 0
0 0

0101101
*
Ed
 1e-07 1 1 0
1  624 0 0 1.599998
2  679 26 0 0 1.599998
2  680 27 0 0 1.599998
0

0101000
+891 0 -889 0 *
Ve
1e-07
56.277454 -22.591103 0
0 0

0101101
*
Ed
 1e-07 1 1 0
1  625 0 0 0.150000999999996
2  681 26 0 0 0.150000999999996
2  682 27 0 0 0.150000999999996
0

0101000
+889 0 -887 0 *
Ve
1e-07
56.277454 -22.317373 0
0 0

0101101
*
Ed
 1e-07 1 1 0
1  626 0 0 0.27373
2  683 26 0 0 0.27373
2  684 27 0 0 0.27373
0

0101000
+887 0 -885 0 *
Ve
1e-07
56.977455 -22.317373 0
0 0

0101101
*
Ed
 1e-07 1 1 0
1  627 0 0 0.700001
2  685 26 0 0 0.700001
2  686 27 0 0 0.700001
0

0101000
+885 0 -883 0 *
Ve
1e-07
56.977455 -22.417374 0
0 0

0101101
*
Ed
 1e-07 1 1 0
1  628 0 0 0.100000999999999
2  687 26 0 0 0.100000999999999
2  688 27 0 0 0.100000999999999
0

0101000
+883 0 -881 0 *
Ve
1e-07
58.349998 -22.417374 0
0 0

0101101
*
Ed
 1e-07 1 1 0
1  629 0 0 1.372543
2  689 26 0 0 1.372543
2  690 27 0 0 1.372543
0

0101000
+881 0 -879 0 *
Ve
1e-07
58.349998 -19.017374 0
0 0

0101101
*
Ed
 1e-07 1 1 0
1  630 0 0 3.4
2  691 26 0 0 3.4
2  692 27 0 0 3.4
0

0101000
+879 0 -877 0 *
Ve
1e-07
59.549999 -19.017374 0
0 0

0101101
*
Ed
 1e-07 1 1 0
1  631 0 0 1.200001
2  693 26 0 0 1.200001
2  694 27 0 0 1.200001
0

0101000
+877 0 -875 0 *
Ve
1e-07
59.549999 -19.417374 0
0 0

0101101
*
Ed
 1e-07 1 1 0
1  632 0 0 0.399999999999999
2  695 26 0 0 0.399999999999999
2  696 27 0 0 0.399999999999999
0

0101000
+875 0 -873 0 *
Ve
1e-07
58.75 -19.417374 0
0 0

0101101
*
Ed
 1e-07 1 1 0
1  633 0 0 0.799999
2  697 26 0 0 0.799999
2  698 27 0 0 0.799999
0

0101000
+873 0 -871 0 *
Ve
1e-07
58.75 -22.417374 0
0 0

0101101
*
Ed
 1e-07 1 1 0
1  634 0 0 3
2  699 26 0 0 3
2  700 27 0 0 3
0

0101000
+871 0 -869 0 *
Ve
1e-07
61.25 -22.417374 0
0 0

0101101
*
Ed
 1e-07 1 1 0
1  635 0 0 2.5
2  701 26 0 0 2.5
2  702 27 0 0 2.5
0

0101000
+869 0 -867 0 *
Ve
1e-07
61.25 -19.417374 0
0 0

0101101
*
Ed
 1e-07 1 1 0
1  636 0 0 3
2  703 26 0 0 3
2  704 27 0 0 3
0

0101000
+867 0 -865 0 *
Ve
1e-07
60.450001 -19.417374 0
0 0

0101101
*
Ed
 1e-07 1 1 0
1  637 0 0 0.799999
2  705 26 0 0 0.799999
2  706 27 0 0 0.799999
0

0101000
+865 0 -863 0 *
Ve
1e-07
60.450001 -19.017374 0
0 0

0101101
*
Ed
 1e-07 1 1 0
1  638 0 0 0.399999999999999
2  707 26 0 0 0.399999999999999
2  708 27 0 0 0.399999999999999
0

0101000
+863 0 -861 0 *
Ve
1e-07
61.650002 -19.017374 0
0 0

0101101
*
Ed
 1e-07 1 1 0
1  639 0 0 1.200001
2  709 26 0 0 1.200001
2  710 27 0 0 1.200001
0

0101000
+861 0 -859 0 *
Ed
 1e-07 1 1 0
1  640 0 0 3.4
2  711 26 0 0 3.4
2  712 27 0 0 3.4
0

0101000
+859 0 -976 0 *
Wi

0101100
+974 0 +972 0 +970 0 +968 0 +966 0 +964 0 +962 0 +960 0 +958 0 +956 0 
+954 0 +952 0 +950 0 +948 0 +946 0 +944 0 +942 0 +940 0 +938 0 +936 0 
+934 0 +932 0 +930 0 +928 0 +926 0 +924 0 +922 0 +920 0 +918 0 +916 0 
+914 0 +912 0 +910 0 +908 0 +906 0 +904 0 +902 0 +900 0 +898 0 +896 0 
+894 0 +892 0 +890 0 +888 0 +886 0 +884 0 +882 0 +880 0 +878 0 +876 0 
+874 0 +872 0 +870 0 +868 0 +866 0 +864 0 +862 0 +860 0 +858 0 +857 0 
*
Ve
1e-07
80.25 27.791101 0
0 0

0101101
*
Ve
1e-07
80.25 28.191101 0
0 0

0101101
*
Ed
 1e-07 1 1 0
1  641 0 0 0.399999999999999
2  713 28 0 0 0.399999999999999
2  714 29 0 0 0.399999999999999
0

0101000
+855 0 -854 0 *
Ve
1e-07
82.349998 28.191101 0
0 0

0101101
*
Ed
 1e-07 1 1 0
1  642 0 0 2.099998
2  715 28 0 0 2.099998
2  716 29 0 0 2.099998
0

0101000
+854 0 -852 0 *
Ve
1e-07
82.349998 13.348389 0
0 0

0101101
*
Ed
 1e-07 1 1 0
1  643 0 0 14.842712
2  717 28 0 0 14.842712
2  718 29 0 0 14.842712
0

0101000
+852 0 -850 0 *
Ve
1e-07
81.949997 13.348389 0
0 0

0101101
*
Ed
 1e-07 1 1 0
1  644 0 0 0.400001000000003
2  719 28 0 0 0.400001000000003
2  720 29 0 0 0.400001000000003
0

0101000
+850 0 -848 0 *
Ve
1e-07
81.949997 15.396777 0
0 0

0101101
*
Ed
 1e-07 1 1 0
1  645 0 0 2.048388
2  721 28 0 0 2.048388
2  722 29 0 0 2.048388
0

0101000
+848 0 -846 0 *
Ve
1e-07
76.994164 15.396777 0
0 0

0101101
*
Ed
 1e-07 1 1 0
1  646 0 0 4.955833
2  723 28 0 0 4.955833
2  724 29 0 0 4.955833
0

0101000
+846 0 -844 0 *
Ve
1e-07
76.994164 11.5 0
0 0

0101101
*
Ed
 1e-07 1 1 0
1  647 0 0 3.896777
2  725 28 0 0 3.896777
2  726 29 0 0 3.896777
0

0101000
+844 0 -842 0 *
Ve
1e-07
81.949997 11.5 0
0 0

0101101
*
Ed
 1e-07 1 1 0
1  648 0 0 4.955833
2  727 28 0 0 4.955833
2  728 29 0 0 4.955833
0

0101000
+842 0 -840 0 *
Ve
1e-07
81.949997 12.448388 0
0 0

0101101
*
Ed
 1e-07 1 1 0
1  649 0 0 0.948388
2  729 28 0 0 0.948388
2  730 29 0 0 0.948388
0

0101000
+840 0 -838 0 *
Ve
1e-07
82.349998 12.448388 0
0 0

0101101
*
Ed
 1e-07 1 1 0
1  650 0 0 0.400001000000003
2  731 28 0 0 0.400001000000003
2  732 29 0 0 0.400001000000003
0

0101000
+838 0 -836 0 *
Ve
1e-07
82.349998 11.1 0
0 0

0101101
*
Ed
 1e-07 1 1 0
1  651 0 0 1.348388
2  733 28 0 0 1.348388
2  734 29 0 0 1.348388
0

0101000
+836 0 -834 0 *
Ve
1e-07
76.994164 11.1 0
0 0

0101101
*
Ed
 1e-07 1 1 0
1  652 0 0 5.355834
2  735 28 0 0 5.355834
2  736 29 0 0 5.355834
0

0101000
+834 0 -832 0 *
Ve
1e-07
76.994164 6.339381 0
0 0

0101101
*
Ed
 1e-07 1 1 0
1  653 0 0 4.760619
2  737 28 0 0 4.760619
2  738 29 0 0 4.760619
0

0101000
+832 0 -830 0 *
Ve
1e-07
71.008354 6.339381 0
0 0

0101101
*
Ed
 1e-07 1 1 0
1  654 0 0 5.98581
2  739 28 0 0 5.98581
2  740 29 0 0 5.98581
0

0101000
+830 0 -828 0 *
Ve
1e-07
71.008354 6.936044 0
0 0

0101101
*
Ed
 1e-07 1 1 0
1  655 0 0 0.596662999999999
2  741 28 0 0 0.596662999999999
2  742 29 0 0 0.596662999999999
0

0101000
+828 0 -826 0 *
Ve
1e-07
71.594162 6.936044 0
0 0

0101101
*
Ed
 1e-07 1 1 0
1  656 0 0 0.585808
2  743 28 0 0 0.585808
2  744 29 0 0 0.585808
0

0101000
+826 0 -824 0 *
Ve
1e-07
71.594162 7.963573 0
0 0

0101101
*
Ed
 1e-07 1 1 0
1  657 0 0 1.027529
2  745 28 0 0 1.027529
2  746 29 0 0 1.027529
0

0101000
+824 0 -822 0 *
Ve
1e-07
71.994164 7.963573 0
0 0

0101101
*
Ed
 1e-07 1 1 0
1  658 0 0 0.400002000000001
2  747 28 0 0 0.400002000000001
2  748 29 0 0 0.400002000000001
0

0101000
+822 0 -820 0 *
Ve
1e-07
71.994164 6.936044 0
0 0

0101101
*
Ed
 1e-07 1 1 0
1  659 0 0 1.027529
2  749 28 0 0 1.027529
2  750 29 0 0 1.027529
0

0101000
+820 0 -818 0 *
Ve
1e-07
76.594162 6.936044 0
0 0

0101101
*
Ed
 1e-07 1 1 0
1  660 0 0 4.599998
2  751 28 0 0 4.599998
2  752 29 0 0 4.599998
0

0101000
+818 0 -816 0 *
Ve
1e-07
76.594162 9.891102 0
0 0

0101101
*
Ed
 1e-07 1 1 0
1  661 0 0 2.955058
2  753 28 0 0 2.955058
2  754 29 0 0 2.955058
0

0101000
+816 0 -814 0 *
Ve
1e-07
71.994164 9.891102 0
0 0

0101101
*
Ed
 1e-07 1 1 0
1  662 0 0 4.599998
2  755 28 0 0 4.599998
2  756 29 0 0 4.599998
0

0101000
+814 0 -812 0 *
Ve
1e-07
71.994164 8.863573 0
0 0

0101101
*
Ed
 1e-07 1 1 0
1  663 0 0 1.027529
2  757 28 0 0 1.027529
2  758 29 0 0 1.027529
0

0101000
+812 0 -810 0 *
Ve
1e-07
71.594162 8.863573 0
0 0

0101101
*
Ed
 1e-07 1 1 0
1  664 0 0 0.400002000000001
2  759 28 0 0 0.400002000000001
2  760 29 0 0 0.400002000000001
0

0101000
+810 0 -808 0 *
Ve
1e-07
71.594162 9.891102 0
0 0

0101101
*
Ed
 1e-07 1 1 0
1  665 0 0 1.027529
2  761 28 0 0 1.027529
2  762 29 0 0 1.027529
0

0101000
+808 0 -806 0 *
Ve
1e-07
71.008354 9.891102 0
0 0

0101101
*
Ed
 1e-07 1 1 0
1  666 0 0 0.585808
2  763 28 0 0 0.585808
2  764 29 0 0 0.585808
0

0101000
+806 0 -804 0 *
Ve
1e-07
71.008354 10.541101 0
0 0

0101101
*
Ed
 1e-07 1 1 0
1  667 0 0 0.649998999999999
2  765 28 0 0 0.649998999999999
2  766 29 0 0 0.649998999999999
0

0101000
+804 0 -802 0 *
Ve
1e-07
71.808357 10.541101 0
0 0

0101101
*
Ed
 1e-07 1 1 0
1  668 0 0 0.800003000000004
2  767 28 0 0 0.800003000000004
2  768 29 0 0 0.800003000000004
0

0101000
+802 0 -800 0 *
Ve
1e-07
71.808357 10.391102 0
0 0

0101101
*
Ed
 1e-07 1 1 0
1  669 0 0 0.149998999999999
2  769 28 0 0 0.149998999999999
2  770 29 0 0 0.149998999999999
0

0101000
+800 0 -798 0 *
Ve
1e-07
72.508354 10.391102 0
0 0

0101101
*
Ed
 1e-07 1 1 0
1  670 0 0 0.699996999999996
2  771 28 0 0 0.699996999999996
2  772 29 0 0 0.699996999999996
0

0101000
+798 0 -796 0 *
Ve
1e-07
72.508354 10.291101 0
0 0

0101101
*
Ed
 1e-07 1 1 0
1  671 0 0 0.100001000000001
2  773 28 0 0 0.100001000000001
2  774 29 0 0 0.100001000000001
0

0101000
+796 0 -794 0 *
Ve
1e-07
75.508354 10.291101 0
0 0

0101101
*
Ed
 1e-07 1 1 0
1  672 0 0 3
2  775 28 0 0 3
2  776 29 0 0 3
0

0101000
+794 0 -792 0 *
Ve
1e-07
75.508354 10.391102 0
0 0

0101101
*
Ed
 1e-07 1 1 0
1  673 0 0 0.100001000000001
2  777 28 0 0 0.100001000000001
2  778 29 0 0 0.100001000000001
0

0101000
+792 0 -790 0 *
Ve
1e-07
76.144165 10.391102 0
0 0

0101101
*
Ed
 1e-07 1 1 0
1  674 0 0 0.635811000000004
2  779 28 0 0 0.635811000000004
2  780 29 0 0 0.635811000000004
0

0101000
+790 0 -788 0 *
Ve
1e-07
76.144165 11.091102 0
0 0

0101101
*
Ed
 1e-07 1 1 0
1  675 0 0 0.699999999999999
2  781 28 0 0 0.699999999999999
2  782 29 0 0 0.699999999999999
0

0101000
+788 0 -786 0 *
Ve
1e-07
76.294167 11.091102 0
0 0

0101101
*
Ed
 1e-07 1 1 0
1  676 0 0 0.150002000000001
2  783 28 0 0 0.150002000000001
2  784 29 0 0 0.150002000000001
0

0101000
+786 0 -784 0 *
Ve
1e-07
76.294167 12.791101 0
0 0

0101101
*
Ed
 1e-07 1 1 0
1  677 0 0 1.699999
2  785 28 0 0 1.699999
2  786 29 0 0 1.699999
0

0101000
+784 0 -782 0 *
Ve
1e-07
76.144165 12.791101 0
0 0

0101101
*
Ed
 1e-07 1 1 0
1  678 0 0 0.150002000000001
2  787 28 0 0 0.150002000000001
2  788 29 0 0 0.150002000000001
0

0101000
+782 0 -780 0 *
Ve
1e-07
76.144165 14.391102 0
0 0

0101101
*
Ed
 1e-07 1 1 0
1  679 0 0 1.600001
2  789 28 0 0 1.600001
2  790 29 0 0 1.600001
0

0101000
+780 0 -778 0 *
Ve
1e-07
76.294167 14.391102 0
0 0

0101101
*
Ed
 1e-07 1 1 0
1  680 0 0 0.150002000000001
2  791 28 0 0 0.150002000000001
2  792 29 0 0 0.150002000000001
0

0101000
+778 0 -776 0 *
Ve
1e-07
76.294167 15.991102 0
0 0

0101101
*
Ed
 1e-07 1 1 0
1  681 0 0 1.6
2  793 28 0 0 1.6
2  794 29 0 0 1.6
0

0101000
+776 0 -774 0 *
Ve
1e-07
76.144165 15.991102 0
0 0

0101101
*
Ed
 1e-07 1 1 0
1  682 0 0 0.150002000000001
2  795 28 0 0 0.150002000000001
2  796 29 0 0 0.150002000000001
0

0101000
+774 0 -772 0 *
Ve
1e-07
76.144165 17.591103 0
0 0

0101101
*
Ed
 1e-07 1 1 0
1  683 0 0 1.600001
2  797 28 0 0 1.600001
2  798 29 0 0 1.600001
0

0101000
+772 0 -770 0 *
Ve
1e-07
76.294167 17.591103 0
0 0

0101101
*
Ed
 1e-07 1 1 0
1  684 0 0 0.150002000000001
2  799 28 0 0 0.150002000000001
2  800 29 0 0 0.150002000000001
0

0101000
+770 0 -768 0 *
Ve
1e-07
76.294167 19.391102 0
0 0

0101101
*
Ed
 1e-07 1 1 0
1  685 0 0 1.799999
2  801 28 0 0 1.799999
2  802 29 0 0 1.799999
0

0101000
+768 0 -766 0 *
Ve
1e-07
76.144165 19.391102 0
0 0

0101101
*
Ed
 1e-07 1 1 0
1  686 0 0 0.150002000000001
2  803 28 0 0 0.150002000000001
2  804 29 0 0 0.150002000000001
0

0101000
+766 0 -764 0 *
Ve
1e-07
76.144165 20.991102 0
0 0

0101101
*
Ed
 1e-07 1 1 0
1  687 0 0 1.6
2  805 28 0 0 1.6
2  806 29 0 0 1.6
0

0101000
+764 0 -762 0 *
Ve
1e-07
76.294167 20.991102 0
0 0

0101101
*
Ed
 1e-07 1 1 0
1  688 0 0 0.150002000000001
2  807 28 0 0 0.150002000000001
2  808 29 0 0 0.150002000000001
0

0101000
+762 0 -760 0 *
Ve
1e-07
76.294167 22.591103 0
0 0

0101101
*
Ed
 1e-07 1 1 0
1  689 0 0 1.600001
2  809 28 0 0 1.600001
2  810 29 0 0 1.600001
0

0101000
+760 0 -758 0 *
Ve
1e-07
76.144165 22.591103 0
0 0

0101101
*
Ed
 1e-07 1 1 0
1  690 0 0 0.150002000000001
2  811 28 0 0 0.150002000000001
2  812 29 0 0 0.150002000000001
0

0101000
+758 0 -756 0 *
Ve
1e-07
76.144165 24.191101 0
0 0

0101101
*
Ed
 1e-07 1 1 0
1  691 0 0 1.599998
2  813 28 0 0 1.599998
2  814 29 0 0 1.599998
0

0101000
+756 0 -754 0 *
Ve
1e-07
76.294167 24.191101 0
0 0

0101101
*
Ed
 1e-07 1 1 0
1  692 0 0 0.150002000000001
2  815 28 0 0 0.150002000000001
2  816 29 0 0 0.150002000000001
0

0101000
+754 0 -752 0 *
Ve
1e-07
76.294167 25.791101 0
0 0

0101101
*
Ed
 1e-07 1 1 0
1  693 0 0 1.6
2  817 28 0 0 1.6
2  818 29 0 0 1.6
0

0101000
+752 0 -750 0 *
Ve
1e-07
76.19416 25.791101 0
0 0

0101101
*
Ed
 1e-07 1 1 0
1  694 0 0 0.100007000000005
2  819 28 0 0 0.100007000000005
2  820 29 0 0 0.100007000000005
0

0101000
+750 0 -748 0 *
Ve
1e-07
76.19416 26.491102 0
0 0

0101101
*
Ed
 1e-07 1 1 0
1  695 0 0 0.700001
2  821 28 0 0 0.700001
2  822 29 0 0 0.700001
0

0101000
+748 0 -746 0 *
Ve
1e-07
76.144165 26.491102 0
0 0

0101101
*
Ed
 1e-07 1 1 0
1  696 0 0 0.0499949999999956
2  823 28 0 0 0.0499949999999956
2  824 29 0 0 0.0499949999999956
0

0101000
+746 0 -744 0 *
Ve
1e-07
76.144165 28.541101 0
0 0

0101101
*
Ed
 1e-07 1 1 0
1  697 0 0 2.049999
2  825 28 0 0 2.049999
2  826 29 0 0 2.049999
0

0101000
+744 0 -742 0 *
Ve
1e-07
76.994164 28.541101 0
0 0

0101101
*
Ed
 1e-07 1 1 0
1  698 0 0 0.849998999999997
2  827 28 0 0 0.849998999999997
2  828 29 0 0 0.849998999999997
0

0101000
+742 0 -740 0 *
Ve
1e-07
76.994164 16.296778 0
0 0

0101101
*
Ed
 1e-07 1 1 0
1  699 0 0 12.244323
2  829 28 0 0 12.244323
2  830 29 0 0 12.244323
0

0101000
+740 0 -738 0 *
Ve
1e-07
81.949997 16.296778 0
0 0

0101101
*
Ed
 1e-07 1 1 0
1  700 0 0 4.955833
2  831 28 0 0 4.955833
2  832 29 0 0 4.955833
0

0101000
+738 0 -736 0 *
Ve
1e-07
81.949997 27.791101 0
0 0

0101101
*
Ed
 1e-07 1 1 0
1  701 0 0 11.494323
2  833 28 0 0 11.494323
2  834 29 0 0 11.494323
0

0101000
+736 0 -734 0 *
Ed
 1e-07 1 1 0
1  702 0 0 1.699997
2  835 28 0 0 1.699997
2  836 29 0 0 1.699997
0

0101000
+734 0 -855 0 *
Wi

0101100
+853 0 +851 0 +849 0 +847 0 +845 0 +843 0 +841 0 +839 0 +837 0 +835 0 
+833 0 +831 0 +829 0 +827 0 +825 0 +823 0 +821 0 +819 0 +817 0 +815 0 
+813 0 +811 0 +809 0 +807 0 +805 0 +803 0 +801 0 +799 0 +797 0 +795 0 
+793 0 +791 0 +789 0 +787 0 +785 0 +783 0 +781 0 +779 0 +777 0 +775 0 
+773 0 +771 0 +769 0 +767 0 +765 0 +763 0 +761 0 +759 0 +757 0 +755 0 
+753 0 +751 0 +749 0 +747 0 +745 0 +743 0 +741 0 +739 0 +737 0 +735 0 
+733 0 +732 0 *
Ve
1e-07
76.994164 -15.396777 0
0 0

0101101
*
Ve
1e-07
81.949997 -15.396777 0
0 0

0101101
*
Ed
 1e-07 1 1 0
1  703 0 0 4.955833
2  837 30 0 0 4.955833
2  838 31 0 0 4.955833
0

0101000
+730 0 -729 0 *
Ve
1e-07
81.949997 -13.348389 0
0 0

0101101
*
Ed
 1e-07 1 1 0
1  704 0 0 2.048388
2  839 30 0 0 2.048388
2  840 31 0 0 2.048388
0

0101000
+729 0 -727 0 *
Ve
1e-07
82.349998 -13.348389 0
0 0

0101101
*
Ed
 1e-07 1 1 0
1  705 0 0 0.400001000000003
2  841 30 0 0 0.400001000000003
2  842 31 0 0 0.400001000000003
0

0101000
+727 0 -725 0 *
Ve
1e-07
82.349998 -28.191101 0
0 0

0101101
*
Ed
 1e-07 1 1 0
1  706 0 0 14.842712
2  843 30 0 0 14.842712
2  844 31 0 0 14.842712
0

0101000
+725 0 -723 0 *
Ve
1e-07
80.25 -28.191101 0
0 0

0101101
*
Ed
 1e-07 1 1 0
1  707 0 0 2.099998
2  845 30 0 0 2.099998
2  846 31 0 0 2.099998
0

0101000
+723 0 -721 0 *
Ve
1e-07
80.25 -27.791101 0
0 0

0101101
*
Ed
 1e-07 1 1 0
1  708 0 0 0.399999999999999
2  847 30 0 0 0.399999999999999
2  848 31 0 0 0.399999999999999
0

0101000
+721 0 -719 0 *
Ve
1e-07
81.949997 -27.791101 0
0 0

0101101
*
Ed
 1e-07 1 1 0
1  709 0 0 1.699997
2  849 30 0 0 1.699997
2  850 31 0 0 1.699997
0

0101000
+719 0 -717 0 *
Ve
1e-07
81.949997 -16.296778 0
0 0

0101101
*
Ed
 1e-07 1 1 0
1  710 0 0 11.494323
2  851 30 0 0 11.494323
2  852 31 0 0 11.494323
0

0101000
+717 0 -715 0 *
Ve
1e-07
76.994164 -16.296778 0
0 0

0101101
*
Ed
 1e-07 1 1 0
1  711 0 0 4.955833
2  853 30 0 0 4.955833
2  854 31 0 0 4.955833
0

0101000
+715 0 -713 0 *
Ve
1e-07
76.994164 -28.541101 0
0 0

0101101
*
Ed
 1e-07 1 1 0
1  712 0 0 12.244323
2  855 30 0 0 12.244323
2  856 31 0 0 12.244323
0

0101000
+713 0 -711 0 *
Ve
1e-07
76.144165 -28.541101 0
0 0

0101101
*
Ed
 1e-07 1 1 0
1  713 0 0 0.849998999999997
2  857 30 0 0 0.849998999999997
2  858 31 0 0 0.849998999999997
0

0101000
+711 0 -709 0 *
Ve
1e-07
76.144165 -26.491102 0
0 0

0101101
*
Ed
 1e-07 1 1 0
1  714 0 0 2.049999
2  859 30 0 0 2.049999
2  860 31 0 0 2.049999
0

0101000
+709 0 -707 0 *
Ve
1e-07
76.19416 -26.491102 0
0 0

0101101
*
Ed
 1e-07 1 1 0
1  715 0 0 0.0499949999999956
2  861 30 0 0 0.0499949999999956
2  862 31 0 0 0.0499949999999956
0

0101000
+707 0 -705 0 *
Ve
1e-07
76.19416 -25.791101 0
0 0

0101101
*
Ed
 1e-07 1 1 0
1  716 0 0 0.700001
2  863 30 0 0 0.700001
2  864 31 0 0 0.700001
0

0101000
+705 0 -703 0 *
Ve
1e-07
76.294167 -25.791101 0
0 0

0101101
*
Ed
 1e-07 1 1 0
1  717 0 0 0.100007000000005
2  865 30 0 0 0.100007000000005
2  866 31 0 0 0.100007000000005
0

0101000
+703 0 -701 0 *
Ve
1e-07
76.294167 -24.191101 0
0 0

0101101
*
Ed
 1e-07 1 1 0
1  718 0 0 1.6
2  867 30 0 0 1.6
2  868 31 0 0 1.6
0

0101000
+701 0 -699 0 *
Ve
1e-07
76.144165 -24.191101 0
0 0

0101101
*
Ed
 1e-07 1 1 0
1  719 0 0 0.150002000000001
2  869 30 0 0 0.150002000000001
2  870 31 0 0 0.150002000000001
0

0101000
+699 0 -697 0 *
Ve
1e-07
76.144165 -22.591103 0
0 0

0101101
*
Ed
 1e-07 1 1 0
1  720 0 0 1.599998
2  871 30 0 0 1.599998
2  872 31 0 0 1.599998
0

0101000
+697 0 -695 0 *
Ve
1e-07
76.294167 -22.591103 0
0 0

0101101
*
Ed
 1e-07 1 1 0
1  721 0 0 0.150002000000001
2  873 30 0 0 0.150002000000001
2  874 31 0 0 0.150002000000001
0

0101000
+695 0 -693 0 *
Ve
1e-07
76.294167 -20.991102 0
0 0

0101101
*
Ed
 1e-07 1 1 0
1  722 0 0 1.600001
2  875 30 0 0 1.600001
2  876 31 0 0 1.600001
0

0101000
+693 0 -691 0 *
Ve
1e-07
76.144165 -20.991102 0
0 0

0101101
*
Ed
 1e-07 1 1 0
1  723 0 0 0.150002000000001
2  877 30 0 0 0.150002000000001
2  878 31 0 0 0.150002000000001
0

0101000
+691 0 -689 0 *
Ve
1e-07
76.144165 -19.391102 0
0 0

0101101
*
Ed
 1e-07 1 1 0
1  724 0 0 1.6
2  879 30 0 0 1.6
2  880 31 0 0 1.6
0

0101000
+689 0 -687 0 *
Ve
1e-07
76.294167 -19.391102 0
0 0

0101101
*
Ed
 1e-07 1 1 0
1  725 0 0 0.150002000000001
2  881 30 0 0 0.150002000000001
2  882 31 0 0 0.150002000000001
0

0101000
+687 0 -685 0 *
Ve
1e-07
76.294167 -17.591103 0
0 0

0101101
*
Ed
 1e-07 1 1 0
1  726 0 0 1.799999
2  883 30 0 0 1.799999
2  884 31 0 0 1.799999
0

0101000
+685 0 -683 0 *
Ve
1e-07
76.144165 -17.591103 0
0 0

0101101
*
Ed
 1e-07 1 1 0
1  727 0 0 0.150002000000001
2  885 30 0 0 0.150002000000001
2  886 31 0 0 0.150002000000001
0

0101000
+683 0 -681 0 *
Ve
1e-07
76.144165 -15.991102 0
0 0

0101101
*
Ed
 1e-07 1 1 0
1  728 0 0 1.600001
2  887 30 0 0 1.600001
2  888 31 0 0 1.600001
0

0101000
+681 0 -679 0 *
Ve
1e-07
76.294167 -15.991102 0
0 0

0101101
*
Ed
 1e-07 1 1 0
1  729 0 0 0.150002000000001
2  889 30 0 0 0.150002000000001
2  890 31 0 0 0.150002000000001
0

0101000
+679 0 -677 0 *
Ve
1e-07
76.294167 -14.391102 0
0 0

0101101
*
Ed
 1e-07 1 1 0
1  730 0 0 1.6
2  891 30 0 0 1.6
2  892 31 0 0 1.6
0

0101000
+677 0 -675 0 *
Ve
1e-07
76.144165 -14.391102 0
0 0

0101101
*
Ed
 1e-07 1 1 0
1  731 0 0 0.150002000000001
2  893 30 0 0 0.150002000000001
2  894 31 0 0 0.150002000000001
0

0101000
+675 0 -673 0 *
Ve
1e-07
76.144165 -12.791101 0
0 0

0101101
*
Ed
 1e-07 1 1 0
1  732 0 0 1.600001
2  895 30 0 0 1.600001
2  896 31 0 0 1.600001
0

0101000
+673 0 -671 0 *
Ve
1e-07
76.294167 -12.791101 0
0 0

0101101
*
Ed
 1e-07 1 1 0
1  733 0 0 0.150002000000001
2  897 30 0 0 0.150002000000001
2  898 31 0 0 0.150002000000001
0

0101000
+671 0 -669 0 *
Ve
1e-07
76.294167 -11.091102 0
0 0

0101101
*
Ed
 1e-07 1 1 0
1  734 0 0 1.699999
2  899 30 0 0 1.699999
2  900 31 0 0 1.699999
0

0101000
+669 0 -667 0 *
Ve
1e-07
76.144165 -11.091102 0
0 0

0101101
*
Ed
 1e-07 1 1 0
1  735 0 0 0.150002000000001
2  901 30 0 0 0.150002000000001
2  902 31 0 0 0.150002000000001
0

0101000
+667 0 -665 0 *
Ve
1e-07
76.144165 -10.391102 0
0 0

0101101
*
Ed
 1e-07 1 1 0
1  736 0 0 0.699999999999999
2  903 30 0 0 0.699999999999999
2  904 31 0 0 0.699999999999999
0

0101000
+665 0 -663 0 *
Ve
1e-07
75.508354 -10.391102 0
0 0

0101101
*
Ed
 1e-07 1 1 0
1  737 0 0 0.635811000000004
2  905 30 0 0 0.635811000000004
2  906 31 0 0 0.635811000000004
0

0101000
+663 0 -661 0 *
Ve
1e-07
75.508354 -10.291101 0
0 0

0101101
*
Ed
 1e-07 1 1 0
1  738 0 0 0.100001000000001
2  907 30 0 0 0.100001000000001
2  908 31 0 0 0.100001000000001
0

0101000
+661 0 -659 0 *
Ve
1e-07
72.508354 -10.291101 0
0 0

0101101
*
Ed
 1e-07 1 1 0
1  739 0 0 3
2  909 30 0 0 3
2  910 31 0 0 3
0

0101000
+659 0 -657 0 *
Ve
1e-07
72.508354 -10.391102 0
0 0

0101101
*
Ed
 1e-07 1 1 0
1  740 0 0 0.100001000000001
2  911 30 0 0 0.100001000000001
2  912 31 0 0 0.100001000000001
0

0101000
+657 0 -655 0 *
Ve
1e-07
71.808357 -10.391102 0
0 0

0101101
*
Ed
 1e-07 1 1 0
1  741 0 0 0.699996999999996
2  913 30 0 0 0.699996999999996
2  914 31 0 0 0.699996999999996
0

0101000
+655 0 -653 0 *
Ve
1e-07
71.808357 -10.541101 0
0 0

0101101
*
Ed
 1e-07 1 1 0
1  742 0 0 0.149998999999999
2  915 30 0 0 0.149998999999999
2  916 31 0 0 0.149998999999999
0

0101000
+653 0 -651 0 *
Ve
1e-07
71.008354 -10.541101 0
0 0

0101101
*
Ed
 1e-07 1 1 0
1  743 0 0 0.800003000000004
2  917 30 0 0 0.800003000000004
2  918 31 0 0 0.800003000000004
0

0101000
+651 0 -649 0 *
Ve
1e-07
71.008354 -9.891102 0
0 0

0101101
*
Ed
 1e-07 1 1 0
1  744 0 0 0.649998999999999
2  919 30 0 0 0.649998999999999
2  920 31 0 0 0.649998999999999
0

0101000
+649 0 -647 0 *
Ve
1e-07
71.594162 -9.891102 0
0 0

0101101
*
Ed
 1e-07 1 1 0
1  745 0 0 0.585808
2  921 30 0 0 0.585808
2  922 31 0 0 0.585808
0

0101000
+647 0 -645 0 *
Ve
1e-07
71.594162 -8.863573 0
0 0

0101101
*
Ed
 1e-07 1 1 0
1  746 0 0 1.027529
2  923 30 0 0 1.027529
2  924 31 0 0 1.027529
0

0101000
+645 0 -643 0 *
Ve
1e-07
71.994164 -8.863573 0
0 0

0101101
*
Ed
 1e-07 1 1 0
1  747 0 0 0.400002000000001
2  925 30 0 0 0.400002000000001
2  926 31 0 0 0.400002000000001
0

0101000
+643 0 -641 0 *
Ve
1e-07
71.994164 -9.891102 0
0 0

0101101
*
Ed
 1e-07 1 1 0
1  748 0 0 1.027529
2  927 30 0 0 1.027529
2  928 31 0 0 1.027529
0

0101000
+641 0 -639 0 *
Ve
1e-07
76.594162 -9.891102 0
0 0

0101101
*
Ed
 1e-07 1 1 0
1  749 0 0 4.599998
2  929 30 0 0 4.599998
2  930 31 0 0 4.599998
0

0101000
+639 0 -637 0 *
Ve
1e-07
76.594162 -6.936044 0
0 0

0101101
*
Ed
 1e-07 1 1 0
1  750 0 0 2.955058
2  931 30 0 0 2.955058
2  932 31 0 0 2.955058
0

0101000
+637 0 -635 0 *
Ve
1e-07
71.994164 -6.936044 0
0 0

0101101
*
Ed
 1e-07 1 1 0
1  751 0 0 4.599998
2  933 30 0 0 4.599998
2  934 31 0 0 4.599998
0

0101000
+635 0 -633 0 *
Ve
1e-07
71.994164 -7.963573 0
0 0

0101101
*
Ed
 1e-07 1 1 0
1  752 0 0 1.027529
2  935 30 0 0 1.027529
2  936 31 0 0 1.027529
0

0101000
+633 0 -631 0 *
Ve
1e-07
71.594162 -7.963573 0
0 0

0101101
*
Ed
 1e-07 1 1 0
1  753 0 0 0.400002000000001
2  937 30 0 0 0.400002000000001
2  938 31 0 0 0.400002000000001
0

0101000
+631 0 -629 0 *
Ve
1e-07
71.594162 -6.936044 0
0 0

0101101
*
Ed
 1e-07 1 1 0
1  754 0 0 1.027529
2  939 30 0 0 1.027529
2  940 31 0 0 1.027529
0

0101000
+629 0 -627 0 *
Ve
1e-07
71.008354 -6.936044 0
0 0

0101101
*
Ed
 1e-07 1 1 0
1  755 0 0 0.585808
2  941 30 0 0 0.585808
2  942 31 0 0 0.585808
0

0101000
+627 0 -625 0 *
Ve
1e-07
71.008354 -6.339381 0
0 0

0101101
*
Ed
 1e-07 1 1 0
1  756 0 0 0.596662999999999
2  943 30 0 0 0.596662999999999
2  944 31 0 0 0.596662999999999
0

0101000
+625 0 -623 0 *
Ve
1e-07
76.994164 -6.339381 0
0 0

0101101
*
Ed
 1e-07 1 1 0
1  757 0 0 5.98581
2  945 30 0 0 5.98581
2  946 31 0 0 5.98581
0

0101000
+623 0 -621 0 *
Ve
1e-07
76.994164 -11.1 0
0 0

0101101
*
Ed
 1e-07 1 1 0
1  758 0 0 4.760619
2  947 30 0 0 4.760619
2  948 31 0 0 4.760619
0

0101000
+621 0 -619 0 *
Ve
1e-07
82.349998 -11.1 0
0 0

0101101
*
Ed
 1e-07 1 1 0
1  759 0 0 5.355834
2  949 30 0 0 5.355834
2  950 31 0 0 5.355834
0

0101000
+619 0 -617 0 *
Ve
1e-07
82.349998 -12.448388 0
0 0

0101101
*
Ed
 1e-07 1 1 0
1  760 0 0 1.348388
2  951 30 0 0 1.348388
2  952 31 0 0 1.348388
0

0101000
+617 0 -615 0 *
Ve
1e-07
81.949997 -12.448388 0
0 0

0101101
*
Ed
 1e-07 1 1 0
1  761 0 0 0.400001000000003
2  953 30 0 0 0.400001000000003
2  954 31 0 0 0.400001000000003
0

0101000
+615 0 -613 0 *
Ve
1e-07
81.949997 -11.5 0
0 0

0101101
*
Ed
 1e-07 1 1 0
1  762 0 0 0.948388
2  955 30 0 0 0.948388
2  956 31 0 0 0.948388
0

0101000
+613 0 -611 0 *
Ve
1e-07
76.994164 -11.5 0
0 0

0101101
*
Ed
 1e-07 1 1 0
1  763 0 0 4.955833
2  957 30 0 0 4.955833
2  958 31 0 0 4.955833
0

0101000
+611 0 -609 0 *
Ed
 1e-07 1 1 0
1  764 0 0 3.896777
2  959 30 0 0 3.896777
2  960 31 0 0 3.896777
0

0101000
+609 0 -730 0 *
Wi

0101100
+728 0 +726 0 +724 0 +722 0 +720 0 +718 0 +716 0 +714 0 +712 0 +710 0 
+708 0 +706 0 +704 0 +702 0 +700 0 +698 0 +696 0 +694 0 +692 0 +690 0 
+688 0 +686 0 +684 0 +682 0 +680 0 +678 0 +676 0 +674 0 +672 0 +670 0 
+668 0 +666 0 +664 0 +662 0 +660 0 +658 0 +656 0 +654 0 +652 0 +650 0 
+648 0 +646 0 +644 0 +642 0 +640 0 +638 0 +636 0 +634 0 +632 0 +630 0 
+628 0 +626 0 +624 0 +622 0 +620 0 +618 0 +616 0 +614 0 +612 0 +610 0 
+608 0 +607 0 *
Ve
1e-07
48.405838 6.936044 0
0 0

0101101
*
Ve
1e-07
48.991646 6.936044 0
0 0

0101101
*
Ed
 1e-07 1 1 0
1  765 0 0 0.585808
2  961 32 0 0 0.585808
2  962 33 0 0 0.585808
0

0101000
+605 0 -604 0 *
Ve
1e-07
48.991646 6.339381 0
0 0

0101101
*
Ed
 1e-07 1 1 0
1  766 0 0 0.596662999999999
2  963 32 0 0 0.596662999999999
2  964 33 0 0 0.596662999999999
0

0101000
+604 0 -602 0 *
Ve
1e-07
43.005836 6.339381 0
0 0

0101101
*
Ed
 1e-07 1 1 0
1  767 0 0 5.98581
2  965 32 0 0 5.98581
2  966 33 0 0 5.98581
0

0101000
+602 0 -600 0 *
Ve
1e-07
43.005836 11.1 0
0 0

0101101
*
Ed
 1e-07 1 1 0
1  768 0 0 4.760619
2  967 32 0 0 4.760619
2  968 33 0 0 4.760619
0

0101000
+600 0 -598 0 *
Ve
1e-07
37.650002 11.1 0
0 0

0101101
*
Ed
 1e-07 1 1 0
1  769 0 0 5.355834
2  969 32 0 0 5.355834
2  970 33 0 0 5.355834
0

0101000
+598 0 -596 0 *
Ve
1e-07
37.650002 12.448388 0
0 0

0101101
*
Ed
 1e-07 1 1 0
1  770 0 0 1.348388
2  971 32 0 0 1.348388
2  972 33 0 0 1.348388
0

0101000
+596 0 -594 0 *
Ve
1e-07
38.049999 12.448388 0
0 0

0101101
*
Ed
 1e-07 1 1 0
1  771 0 0 0.399996999999999
2  973 32 0 0 0.399996999999999
2  974 33 0 0 0.399996999999999
0

0101000
+594 0 -592 0 *
Ve
1e-07
38.049999 11.5 0
0 0

0101101
*
Ed
 1e-07 1 1 0
1  772 0 0 0.948388
2  975 32 0 0 0.948388
2  976 33 0 0 0.948388
0

0101000
+592 0 -590 0 *
Ve
1e-07
43.005836 11.5 0
0 0

0101101
*
Ed
 1e-07 1 1 0
1  773 0 0 4.955837
2  977 32 0 0 4.955837
2  978 33 0 0 4.955837
0

0101000
+590 0 -588 0 *
Ve
1e-07
43.005836 15.396777 0
0 0

0101101
*
Ed
 1e-07 1 1 0
1  774 0 0 3.896777
2  979 32 0 0 3.896777
2  980 33 0 0 3.896777
0

0101000
+588 0 -586 0 *
Ve
1e-07
38.049999 15.396777 0
0 0

0101101
*
Ed
 1e-07 1 1 0
1  775 0 0 4.955837
2  981 32 0 0 4.955837
2  982 33 0 0 4.955837
0

0101000
+586 0 -584 0 *
Ve
1e-07
38.049999 13.348389 0
0 0

0101101
*
Ed
 1e-07 1 1 0
1  776 0 0 2.048388
2  983 32 0 0 2.048388
2  984 33 0 0 2.048388
0

0101000
+584 0 -582 0 *
Ve
1e-07
37.650002 13.348389 0
0 0

0101101
*
Ed
 1e-07 1 1 0
1  777 0 0 0.399996999999999
2  985 32 0 0 0.399996999999999
2  986 33 0 0 0.399996999999999
0

0101000
+582 0 -580 0 *
Ve
1e-07
37.650002 28.191101 0
0 0

0101101
*
Ed
 1e-07 1 1 0
1  778 0 0 14.842712
2  987 32 0 0 14.842712
2  988 33 0 0 14.842712
0

0101000
+580 0 -578 0 *
Ve
1e-07
39.75 28.191101 0
0 0

0101101
*
Ed
 1e-07 1 1 0
1  779 0 0 2.099998
2  989 32 0 0 2.099998
2  990 33 0 0 2.099998
0

0101000
+578 0 -576 0 *
Ve
1e-07
39.75 27.791101 0
0 0

0101101
*
Ed
 1e-07 1 1 0
1  780 0 0 0.399999999999999
2  991 32 0 0 0.399999999999999
2  992 33 0 0 0.399999999999999
0

0101000
+576 0 -574 0 *
Ve
1e-07
38.049999 27.791101 0
0 0

0101101
*
Ed
 1e-07 1 1 0
1  781 0 0 1.700001
2  993 32 0 0 1.700001
2  994 33 0 0 1.700001
0

0101000
+574 0 -572 0 *
Ve
1e-07
38.049999 16.296778 0
0 0

0101101
*
Ed
 1e-07 1 1 0
1  782 0 0 11.494323
2  995 32 0 0 11.494323
2  996 33 0 0 11.494323
0

0101000
+572 0 -570 0 *
Ve
1e-07
43.005836 16.296778 0
0 0

0101101
*
Ed
 1e-07 1 1 0
1  783 0 0 4.955837
2  997 32 0 0 4.955837
2  998 33 0 0 4.955837
0

0101000
+570 0 -568 0 *
Ve
1e-07
43.005836 28.541101 0
0 0

0101101
*
Ed
 1e-07 1 1 0
1  784 0 0 12.244323
2  999 32 0 0 12.244323
2  1000 33 0 0 12.244323
0

0101000
+568 0 -566 0 *
Ve
1e-07
43.855839 28.541101 0
0 0

0101101
*
Ed
 1e-07 1 1 0
1  785 0 0 0.850003000000001
2  1001 32 0 0 0.850003000000001
2  1002 33 0 0 0.850003000000001
0

0101000
+566 0 -564 0 *
Ve
1e-07
43.855839 26.491102 0
0 0

0101101
*
Ed
 1e-07 1 1 0
1  786 0 0 2.049999
2  1003 32 0 0 2.049999
2  1004 33 0 0 2.049999
0

0101000
+564 0 -562 0 *
Ve
1e-07
43.805836 26.491102 0
0 0

0101101
*
Ed
 1e-07 1 1 0
1  787 0 0 0.0500030000000038
2  1005 32 0 0 0.0500030000000038
2  1006 33 0 0 0.0500030000000038
0

0101000
+562 0 -560 0 *
Ve
1e-07
43.805836 25.791101 0
0 0

0101101
*
Ed
 1e-07 1 1 0
1  788 0 0 0.700001
2  1007 32 0 0 0.700001
2  1008 33 0 0 0.700001
0

0101000
+560 0 -558 0 *
Ve
1e-07
43.705837 25.791101 0
0 0

0101101
*
Ed
 1e-07 1 1 0
1  789 0 0 0.0999989999999968
2  1009 32 0 0 0.0999989999999968
2  1010 33 0 0 0.0999989999999968
0

0101000
+558 0 -556 0 *
Ve
1e-07
43.705837 24.191101 0
0 0

0101101
*
Ed
 1e-07 1 1 0
1  790 0 0 1.6
2  1011 32 0 0 1.6
2  1012 33 0 0 1.6
0

0101000
+556 0 -554 0 *
Ve
1e-07
43.855839 24.191101 0
0 0

0101101
*
Ed
 1e-07 1 1 0
1  791 0 0 0.150002000000001
2  1013 32 0 0 0.150002000000001
2  1014 33 0 0 0.150002000000001
0

0101000
+554 0 -552 0 *
Ve
1e-07
43.855839 22.591103 0
0 0

0101101
*
Ed
 1e-07 1 1 0
1  792 0 0 1.599998
2  1015 32 0 0 1.599998
2  1016 33 0 0 1.599998
0

0101000
+552 0 -550 0 *
Ve
1e-07
43.705837 22.591103 0
0 0

0101101
*
Ed
 1e-07 1 1 0
1  793 0 0 0.150002000000001
2  1017 32 0 0 0.150002000000001
2  1018 33 0 0 0.150002000000001
0

0101000
+550 0 -548 0 *
Ve
1e-07
43.705837 20.991102 0
0 0

0101101
*
Ed
 1e-07 1 1 0
1  794 0 0 1.600001
2  1019 32 0 0 1.600001
2  1020 33 0 0 1.600001
0

0101000
+548 0 -546 0 *
Ve
1e-07
43.855839 20.991102 0
0 0

0101101
*
Ed
 1e-07 1 1 0
1  795 0 0 0.150002000000001
2  1021 32 0 0 0.150002000000001
2  1022 33 0 0 0.150002000000001
0

0101000
+546 0 -544 0 *
Ve
1e-07
43.855839 19.391102 0
0 0

0101101
*
Ed
 1e-07 1 1 0
1  796 0 0 1.6
2  1023 32 0 0 1.6
2  1024 33 0 0 1.6
0

0101000
+544 0 -542 0 *
Ve
1e-07
43.705837 19.391102 0
0 0

0101101
*
Ed
 1e-07 1 1 0
1  797 0 0 0.150002000000001
2  1025 32 0 0 0.150002000000001
2  1026 33 0 0 0.150002000000001
0

0101000
+542 0 -540 0 *
Ve
1e-07
43.705837 17.591103 0
0 0

0101101
*
Ed
 1e-07 1 1 0
1  798 0 0 1.799999
2  1027 32 0 0 1.799999
2  1028 33 0 0 1.799999
0

0101000
+540 0 -538 0 *
Ve
1e-07
43.855839 17.591103 0
0 0

0101101
*
Ed
 1e-07 1 1 0
1  799 0 0 0.150002000000001
2  1029 32 0 0 0.150002000000001
2  1030 33 0 0 0.150002000000001
0

0101000
+538 0 -536 0 *
Ve
1e-07
43.855839 15.991102 0
0 0

0101101
*
Ed
 1e-07 1 1 0
1  800 0 0 1.600001
2  1031 32 0 0 1.600001
2  1032 33 0 0 1.600001
0

0101000
+536 0 -534 0 *
Ve
1e-07
43.705837 15.991102 0
0 0

0101101
*
Ed
 1e-07 1 1 0
1  801 0 0 0.150002000000001
2  1033 32 0 0 0.150002000000001
2  1034 33 0 0 0.150002000000001
0

0101000
+534 0 -532 0 *
Ve
1e-07
43.705837 14.391102 0
0 0

0101101
*
Ed
 1e-07 1 1 0
1  802 0 0 1.6
2  1035 32 0 0 1.6
2  1036 33 0 0 1.6
0

0101000
+532 0 -530 0 *
Ve
1e-07
43.855839 14.391102 0
0 0

0101101
*
Ed
 1e-07 1 1 0
1  803 0 0 0.150002000000001
2  1037 32 0 0 0.150002000000001
2  1038 33 0 0 0.150002000000001
0

0101000
+530 0 -528 0 *
Ve
1e-07
43.855839 12.791101 0
0 0

0101101
*
Ed
 1e-07 1 1 0
1  804 0 0 1.600001
2  1039 32 0 0 1.600001
2  1040 33 0 0 1.600001
0

0101000
+528 0 -526 0 *
Ve
1e-07
43.705837 12.791101 0
0 0

0101101
*
Ed
 1e-07 1 1 0
1  805 0 0 0.150002000000001
2  1041 32 0 0 0.150002000000001
2  1042 33 0 0 0.150002000000001
0

0101000
+526 0 -524 0 *
Ve
1e-07
43.705837 11.091102 0
0 0

0101101
*
Ed
 1e-07 1 1 0
1  806 0 0 1.699999
2  1043 32 0 0 1.699999
2  1044 33 0 0 1.699999
0

0101000
+524 0 -522 0 *
Ve
1e-07
43.855839 11.091102 0
0 0

0101101
*
Ed
 1e-07 1 1 0
1  807 0 0 0.150002000000001
2  1045 32 0 0 0.150002000000001
2  1046 33 0 0 0.150002000000001
0

0101000
+522 0 -520 0 *
Ve
1e-07
43.855839 10.391102 0
0 0

0101101
*
Ed
 1e-07 1 1 0
1  808 0 0 0.699999999999999
2  1047 32 0 0 0.699999999999999
2  1048 33 0 0 0.699999999999999
0

0101000
+520 0 -518 0 *
Ve
1e-07
44.491646 10.391102 0
0 0

0101101
*
Ed
 1e-07 1 1 0
1  809 0 0 0.635807
2  1049 32 0 0 0.635807
2  1050 33 0 0 0.635807
0

0101000
+518 0 -516 0 *
Ve
1e-07
44.491646 10.291101 0
0 0

0101101
*
Ed
 1e-07 1 1 0
1  810 0 0 0.100001000000001
2  1051 32 0 0 0.100001000000001
2  1052 33 0 0 0.100001000000001
0

0101000
+516 0 -514 0 *
Ve
1e-07
47.491646 10.291101 0
0 0

0101101
*
Ed
 1e-07 1 1 0
1  811 0 0 3
2  1053 32 0 0 3
2  1054 33 0 0 3
0

0101000
+514 0 -512 0 *
Ve
1e-07
47.491646 10.391102 0
0 0

0101101
*
Ed
 1e-07 1 1 0
1  812 0 0 0.100001000000001
2  1055 32 0 0 0.100001000000001
2  1056 33 0 0 0.100001000000001
0

0101000
+512 0 -510 0 *
Ve
1e-07
48.191647 10.391102 0
0 0

0101101
*
Ed
 1e-07 1 1 0
1  813 0 0 0.700001
2  1057 32 0 0 0.700001
2  1058 33 0 0 0.700001
0

0101000
+510 0 -508 0 *
Ve
1e-07
48.191647 10.541101 0
0 0

0101101
*
Ed
 1e-07 1 1 0
1  814 0 0 0.149998999999999
2  1059 32 0 0 0.149998999999999
2  1060 33 0 0 0.149998999999999
0

0101000
+508 0 -506 0 *
Ve
1e-07
48.991646 10.541101 0
0 0

0101101
*
Ed
 1e-07 1 1 0
1  815 0 0 0.799999
2  1061 32 0 0 0.799999
2  1062 33 0 0 0.799999
0

0101000
+506 0 -504 0 *
Ve
1e-07
48.991646 9.891102 0
0 0

0101101
*
Ed
 1e-07 1 1 0
1  816 0 0 0.649998999999999
2  1063 32 0 0 0.649998999999999
2  1064 33 0 0 0.649998999999999
0

0101000
+504 0 -502 0 *
Ve
1e-07
48.405838 9.891102 0
0 0

0101101
*
Ed
 1e-07 1 1 0
1  817 0 0 0.585808
2  1065 32 0 0 0.585808
2  1066 33 0 0 0.585808
0

0101000
+502 0 -500 0 *
Ve
1e-07
48.405838 8.863573 0
0 0

0101101
*
Ed
 1e-07 1 1 0
1  818 0 0 1.027529
2  1067 32 0 0 1.027529
2  1068 33 0 0 1.027529
0

0101000
+500 0 -498 0 *
Ve
1e-07
48.005836 8.863573 0
0 0

0101101
*
Ed
 1e-07 1 1 0
1  819 0 0 0.400002000000001
2  1069 32 0 0 0.400002000000001
2  1070 33 0 0 0.400002000000001
0

0101000
+498 0 -496 0 *
Ve
1e-07
48.005836 9.891102 0
0 0

0101101
*
Ed
 1e-07 1 1 0
1  820 0 0 1.027529
2  1071 32 0 0 1.027529
2  1072 33 0 0 1.027529
0

0101000
+496 0 -494 0 *
Ve
1e-07
43.405838 9.891102 0
0 0

0101101
*
Ed
 1e-07 1 1 0
1  821 0 0 4.599998
2  1073 32 0 0 4.599998
2  1074 33 0 0 4.599998
0

0101000
+494 0 -492 0 *
Ve
1e-07
43.405838 6.936044 0
0 0

0101101
*
Ed
 1e-07 1 1 0
1  822 0 0 2.955058
2  1075 32 0 0 2.955058
2  1076 33 0 0 2.955058
0

0101000
+492 0 -490 0 *
Ve
1e-07
48.005836 6.936044 0
0 0

0101101
*
Ed
 1e-07 1 1 0
1  823 0 0 4.599998
2  1077 32 0 0 4.599998
2  1078 33 0 0 4.599998
0

0101000
+490 0 -488 0 *
Ve
1e-07
48.005836 7.963573 0
0 0

0101101
*
Ed
 1e-07 1 1 0
1  824 0 0 1.027529
2  1079 32 0 0 1.027529
2  1080 33 0 0 1.027529
0

0101000
+488 0 -486 0 *
Ve
1e-07
48.405838 7.963573 0
0 0

0101101
*
Ed
 1e-07 1 1 0
1  825 0 0 0.400002000000001
2  1081 32 0 0 0.400002000000001
2  1082 33 0 0 0.400002000000001
0

0101000
+486 0 -484 0 *
Ed
 1e-07 1 1 0
1  826 0 0 1.027529
2  1083 32 0 0 1.027529
2  1084 33 0 0 1.027529
0

0101000
+484 0 -605 0 *
Wi

0101100
+603 0 +601 0 +599 0 +597 0 +595 0 +593 0 +591 0 +589 0 +587 0 +585 0 
+583 0 +581 0 +579 0 +577 0 +575 0 +573 0 +571 0 +569 0 +567 0 +565 0 
+563 0 +561 0 +559 0 +557 0 +555 0 +553 0 +551 0 +549 0 +547 0 +545 0 
+543 0 +541 0 +539 0 +537 0 +535 0 +533 0 +531 0 +529 0 +527 0 +525 0 
+523 0 +521 0 +519 0 +517 0 +515 0 +513 0 +511 0 +509 0 +507 0 +505 0 
+503 0 +501 0 +499 0 +497 0 +495 0 +493 0 +491 0 +489 0 +487 0 +485 0 
+483 0 +482 0 *
Ve
1e-07
37.650002 -11.1 0
0 0

0101101
*
Ve
1e-07
43.005836 -11.1 0
0 0

0101101
*
Ed
 1e-07 1 1 0
1  827 0 0 5.355834
2  1085 34 0 0 5.355834
2  1086 35 0 0 5.355834
0

0101000
+480 0 -479 0 *
Ve
1e-07
43.005836 -6.339381 0
0 0

0101101
*
Ed
 1e-07 1 1 0
1  828 0 0 4.760619
2  1087 34 0 0 4.760619
2  1088 35 0 0 4.760619
0

0101000
+479 0 -477 0 *
Ve
1e-07
48.991646 -6.339381 0
0 0

0101101
*
Ed
 1e-07 1 1 0
1  829 0 0 5.98581
2  1089 34 0 0 5.98581
2  1090 35 0 0 5.98581
0

0101000
+477 0 -475 0 *
Ve
1e-07
48.991646 -6.936044 0
0 0

0101101
*
Ed
 1e-07 1 1 0
1  830 0 0 0.596662999999999
2  1091 34 0 0 0.596662999999999
2  1092 35 0 0 0.596662999999999
0

0101000
+475 0 -473 0 *
Ve
1e-07
48.405838 -6.936044 0
0 0

0101101
*
Ed
 1e-07 1 1 0
1  831 0 0 0.585808
2  1093 34 0 0 0.585808
2  1094 35 0 0 0.585808
0

0101000
+473 0 -471 0 *
Ve
1e-07
48.405838 -7.963573 0
0 0

0101101
*
Ed
 1e-07 1 1 0
1  832 0 0 1.027529
2  1095 34 0 0 1.027529
2  1096 35 0 0 1.027529
0

0101000
+471 0 -469 0 *
Ve
1e-07
48.005836 -7.963573 0
0 0

0101101
*
Ed
 1e-07 1 1 0
1  833 0 0 0.400002000000001
2  1097 34 0 0 0.400002000000001
2  1098 35 0 0 0.400002000000001
0

0101000
+469 0 -467 0 *
Ve
1e-07
48.005836 -6.936044 0
0 0

0101101
*
Ed
 1e-07 1 1 0
1  834 0 0 1.027529
2  1099 34 0 0 1.027529
2  1100 35 0 0 1.027529
0

0101000
+467 0 -465 0 *
Ve
1e-07
43.405838 -6.936044 0
0 0

0101101
*
Ed
 1e-07 1 1 0
1  835 0 0 4.599998
2  1101 34 0 0 4.599998
2  1102 35 0 0 4.599998
0

0101000
+465 0 -463 0 *
Ve
1e-07
43.405838 -9.891102 0
0 0

0101101
*
Ed
 1e-07 1 1 0
1  836 0 0 2.955058
2  1103 34 0 0 2.955058
2  1104 35 0 0 2.955058
0

0101000
+463 0 -461 0 *
Ve
1e-07
48.005836 -9.891102 0
0 0

0101101
*
Ed
 1e-07 1 1 0
1  837 0 0 4.599998
2  1105 34 0 0 4.599998
2  1106 35 0 0 4.599998
0

0101000
+461 0 -459 0 *
Ve
1e-07
48.005836 -8.863573 0
0 0

0101101
*
Ed
 1e-07 1 1 0
1  838 0 0 1.027529
2  1107 34 0 0 1.027529
2  1108 35 0 0 1.027529
0

0101000
+459 0 -457 0 *
Ve
1e-07
48.405838 -8.863573 0
0 0

0101101
*
Ed
 1e-07 1 1 0
1  839 0 0 0.400002000000001
2  1109 34 0 0 0.400002000000001
2  1110 35 0 0 0.400002000000001
0

0101000
+457 0 -455 0 *
Ve
1e-07
48.405838 -9.891102 0
0 0

0101101
*
Ed
 1e-07 1 1 0
1  840 0 0 1.027529
2  1111 34 0 0 1.027529
2  1112 35 0 0 1.027529
0

0101000
+455 0 -453 0 *
Ve
1e-07
48.991646 -9.891102 0
0 0

0101101
*
Ed
 1e-07 1 1 0
1  841 0 0 0.585808
2  1113 34 0 0 0.585808
2  1114 35 0 0 0.585808
0

0101000
+453 0 -451 0 *
Ve
1e-07
48.991646 -10.541101 0
0 0

0101101
*
Ed
 1e-07 1 1 0
1  842 0 0 0.649998999999999
2  1115 34 0 0 0.649998999999999
2  1116 35 0 0 0.649998999999999
0

0101000
+451 0 -449 0 *
Ve
1e-07
48.191647 -10.541101 0
0 0

0101101
*
Ed
 1e-07 1 1 0
1  843 0 0 0.799999
2  1117 34 0 0 0.799999
2  1118 35 0 0 0.799999
0

0101000
+449 0 -447 0 *
Ve
1e-07
48.191647 -10.391102 0
0 0

0101101
*
Ed
 1e-07 1 1 0
1  844 0 0 0.149998999999999
2  1119 34 0 0 0.149998999999999
2  1120 35 0 0 0.149998999999999
0

0101000
+447 0 -445 0 *
Ve
1e-07
47.491646 -10.391102 0
0 0

0101101
*
Ed
 1e-07 1 1 0
1  845 0 0 0.700001
2  1121 34 0 0 0.700001
2  1122 35 0 0 0.700001
0

0101000
+445 0 -443 0 *
Ve
1e-07
47.491646 -10.291101 0
0 0

0101101
*
Ed
 1e-07 1 1 0
1  846 0 0 0.100001000000001
2  1123 34 0 0 0.100001000000001
2  1124 35 0 0 0.100001000000001
0

0101000
+443 0 -441 0 *
Ve
1e-07
44.491646 -10.291101 0
0 0

0101101
*
Ed
 1e-07 1 1 0
1  847 0 0 3
2  1125 34 0 0 3
2  1126 35 0 0 3
0

0101000
+441 0 -439 0 *
Ve
1e-07
44.491646 -10.391102 0
0 0

0101101
*
Ed
 1e-07 1 1 0
1  848 0 0 0.100001000000001
2  1127 34 0 0 0.100001000000001
2  1128 35 0 0 0.100001000000001
0

0101000
+439 0 -437 0 *
Ve
1e-07
43.855839 -10.391102 0
0 0

0101101
*
Ed
 1e-07 1 1 0
1  849 0 0 0.635807
2  1129 34 0 0 0.635807
2  1130 35 0 0 0.635807
0

0101000
+437 0 -435 0 *
Ve
1e-07
43.855839 -11.091102 0
0 0

0101101
*
Ed
 1e-07 1 1 0
1  850 0 0 0.699999999999999
2  1131 34 0 0 0.699999999999999
2  1132 35 0 0 0.699999999999999
0

0101000
+435 0 -433 0 *
Ve
1e-07
43.705837 -11.091102 0
0 0

0101101
*
Ed
 1e-07 1 1 0
1  851 0 0 0.150002000000001
2  1133 34 0 0 0.150002000000001
2  1134 35 0 0 0.150002000000001
0

0101000
+433 0 -431 0 *
Ve
1e-07
43.705837 -12.791101 0
0 0

0101101
*
Ed
 1e-07 1 1 0
1  852 0 0 1.699999
2  1135 34 0 0 1.699999
2  1136 35 0 0 1.699999
0

0101000
+431 0 -429 0 *
Ve
1e-07
43.855839 -12.791101 0
0 0

0101101
*
Ed
 1e-07 1 1 0
1  853 0 0 0.150002000000001
2  1137 34 0 0 0.150002000000001
2  1138 35 0 0 0.150002000000001
0

0101000
+429 0 -427 0 *
Ve
1e-07
43.855839 -14.391102 0
0 0

0101101
*
Ed
 1e-07 1 1 0
1  854 0 0 1.600001
2  1139 34 0 0 1.600001
2  1140 35 0 0 1.600001
0

0101000
+427 0 -425 0 *
Ve
1e-07
43.705837 -14.391102 0
0 0

0101101
*
Ed
 1e-07 1 1 0
1  855 0 0 0.150002000000001
2  1141 34 0 0 0.150002000000001
2  1142 35 0 0 0.150002000000001
0

0101000
+425 0 -423 0 *
Ve
1e-07
43.705837 -15.991102 0
0 0

0101101
*
Ed
 1e-07 1 1 0
1  856 0 0 1.6
2  1143 34 0 0 1.6
2  1144 35 0 0 1.6
0

0101000
+423 0 -421 0 *
Ve
1e-07
43.855839 -15.991102 0
0 0

0101101
*
Ed
 1e-07 1 1 0
1  857 0 0 0.150002000000001
2  1145 34 0 0 0.150002000000001
2  1146 35 0 0 0.150002000000001
0

0101000
+421 0 -419 0 *
Ve
1e-07
43.855839 -17.591103 0
0 0

0101101
*
Ed
 1e-07 1 1 0
1  858 0 0 1.600001
2  1147 34 0 0 1.600001
2  1148 35 0 0 1.600001
0

0101000
+419 0 -417 0 *
Ve
1e-07
43.705837 -17.591103 0
0 0

0101101
*
Ed
 1e-07 1 1 0
1  859 0 0 0.150002000000001
2  1149 34 0 0 0.150002000000001
2  1150 35 0 0 0.150002000000001
0

0101000
+417 0 -415 0 *
Ve
1e-07
43.705837 -19.391102 0
0 0

0101101
*
Ed
 1e-07 1 1 0
1  860 0 0 1.799999
2  1151 34 0 0 1.799999
2  1152 35 0 0 1.799999
0

0101000
+415 0 -413 0 *
Ve
1e-07
43.855839 -19.391102 0
0 0

0101101
*
Ed
 1e-07 1 1 0
1  861 0 0 0.150002000000001
2  1153 34 0 0 0.150002000000001
2  1154 35 0 0 0.150002000000001
0

0101000
+413 0 -411 0 *
Ve
1e-07
43.855839 -20.991102 0
0 0

0101101
*
Ed
 1e-07 1 1 0
1  862 0 0 1.6
2  1155 34 0 0 1.6
2  1156 35 0 0 1.6
0

0101000
+411 0 -409 0 *
Ve
1e-07
43.705837 -20.991102 0
0 0

0101101
*
Ed
 1e-07 1 1 0
1  863 0 0 0.150002000000001
2  1157 34 0 0 0.150002000000001
2  1158 35 0 0 0.150002000000001
0

0101000
+409 0 -407 0 *
Ve
1e-07
43.705837 -22.591103 0
0 0

0101101
*
Ed
 1e-07 1 1 0
1  864 0 0 1.600001
2  1159 34 0 0 1.600001
2  1160 35 0 0 1.600001
0

0101000
+407 0 -405 0 *
Ve
1e-07
43.855839 -22.591103 0
0 0

0101101
*
Ed
 1e-07 1 1 0
1  865 0 0 0.150002000000001
2  1161 34 0 0 0.150002000000001
2  1162 35 0 0 0.150002000000001
0

0101000
+405 0 -403 0 *
Ve
1e-07
43.855839 -24.191101 0
0 0

0101101
*
Ed
 1e-07 1 1 0
1  866 0 0 1.599998
2  1163 34 0 0 1.599998
2  1164 35 0 0 1.599998
0

0101000
+403 0 -401 0 *
Ve
1e-07
43.705837 -24.191101 0
0 0

0101101
*
Ed
 1e-07 1 1 0
1  867 0 0 0.150002000000001
2  1165 34 0 0 0.150002000000001
2  1166 35 0 0 0.150002000000001
0

0101000
+401 0 -399 0 *
Ve
1e-07
43.705837 -25.791101 0
0 0

0101101
*
Ed
 1e-07 1 1 0
1  868 0 0 1.6
2  1167 34 0 0 1.6
2  1168 35 0 0 1.6
0

0101000
+399 0 -397 0 *
Ve
1e-07
43.805836 -25.791101 0
0 0

0101101
*
Ed
 1e-07 1 1 0
1  869 0 0 0.0999989999999968
2  1169 34 0 0 0.0999989999999968
2  1170 35 0 0 0.0999989999999968
0

0101000
+397 0 -395 0 *
Ve
1e-07
43.805836 -26.491102 0
0 0

0101101
*
Ed
 1e-07 1 1 0
1  870 0 0 0.700001
2  1171 34 0 0 0.700001
2  1172 35 0 0 0.700001
0

0101000
+395 0 -393 0 *
Ve
1e-07
43.855839 -26.491102 0
0 0

0101101
*
Ed
 1e-07 1 1 0
1  871 0 0 0.0500030000000038
2  1173 34 0 0 0.0500030000000038
2  1174 35 0 0 0.0500030000000038
0

0101000
+393 0 -391 0 *
Ve
1e-07
43.855839 -28.541101 0
0 0

0101101
*
Ed
 1e-07 1 1 0
1  872 0 0 2.049999
2  1175 34 0 0 2.049999
2  1176 35 0 0 2.049999
0

0101000
+391 0 -389 0 *
Ve
1e-07
43.005836 -28.541101 0
0 0

0101101
*
Ed
 1e-07 1 1 0
1  873 0 0 0.850003000000001
2  1177 34 0 0 0.850003000000001
2  1178 35 0 0 0.850003000000001
0

0101000
+389 0 -387 0 *
Ve
1e-07
43.005836 -16.296778 0
0 0

0101101
*
Ed
 1e-07 1 1 0
1  874 0 0 12.244323
2  1179 34 0 0 12.244323
2  1180 35 0 0 12.244323
0

0101000
+387 0 -385 0 *
Ve
1e-07
38.049999 -16.296778 0
0 0

0101101
*
Ed
 1e-07 1 1 0
1  875 0 0 4.955837
2  1181 34 0 0 4.955837
2  1182 35 0 0 4.955837
0

0101000
+385 0 -383 0 *
Ve
1e-07
38.049999 -27.791101 0
0 0

0101101
*
Ed
 1e-07 1 1 0
1  876 0 0 11.494323
2  1183 34 0 0 11.494323
2  1184 35 0 0 11.494323
0

0101000
+383 0 -381 0 *
Ve
1e-07
39.75 -27.791101 0
0 0

0101101
*
Ed
 1e-07 1 1 0
1  877 0 0 1.700001
2  1185 34 0 0 1.700001
2  1186 35 0 0 1.700001
0

0101000
+381 0 -379 0 *
Ve
1e-07
39.75 -28.191101 0
0 0

0101101
*
Ed
 1e-07 1 1 0
1  878 0 0 0.399999999999999
2  1187 34 0 0 0.399999999999999
2  1188 35 0 0 0.399999999999999
0

0101000
+379 0 -377 0 *
Ve
1e-07
37.650002 -28.191101 0
0 0

0101101
*
Ed
 1e-07 1 1 0
1  879 0 0 2.099998
2  1189 34 0 0 2.099998
2  1190 35 0 0 2.099998
0

0101000
+377 0 -375 0 *
Ve
1e-07
37.650002 -13.348389 0
0 0

0101101
*
Ed
 1e-07 1 1 0
1  880 0 0 14.842712
2  1191 34 0 0 14.842712
2  1192 35 0 0 14.842712
0

0101000
+375 0 -373 0 *
Ve
1e-07
38.049999 -13.348389 0
0 0

0101101
*
Ed
 1e-07 1 1 0
1  881 0 0 0.399996999999999
2  1193 34 0 0 0.399996999999999
2  1194 35 0 0 0.399996999999999
0

0101000
+373 0 -371 0 *
Ve
1e-07
38.049999 -15.396777 0
0 0

0101101
*
Ed
 1e-07 1 1 0
1  882 0 0 2.048388
2  1195 34 0 0 2.048388
2  1196 35 0 0 2.048388
0

0101000
+371 0 -369 0 *
Ve
1e-07
43.005836 -15.396777 0
0 0

0101101
*
Ed
 1e-07 1 1 0
1  883 0 0 4.955837
2  1197 34 0 0 4.955837
2  1198 35 0 0 4.955837
0

0101000
+369 0 -367 0 *
Ve
1e-07
43.005836 -11.5 0
0 0

0101101
*
Ed
 1e-07 1 1 0
1  884 0 0 3.896777
2  1199 34 0 0 3.896777
2  1200 35 0 0 3.896777
0

0101000
+367 0 -365 0 *
Ve
1e-07
38.049999 -11.5 0
0 0

0101101
*
Ed
 1e-07 1 1 0
1  885 0 0 4.955837
2  1201 34 0 0 4.955837
2  1202 35 0 0 4.955837
0

0101000
+365 0 -363 0 *
Ve
1e-07
38.049999 -12.448388 0
0 0

0101101
*
Ed
 1e-07 1 1 0
1  886 0 0 0.948388
2  1203 34 0 0 0.948388
2  1204 35 0 0 0.948388
0

0101000
+363 0 -361 0 *
Ve
1e-07
37.650002 -12.448388 0
0 0

0101101
*
Ed
 1e-07 1 1 0
1  887 0 0 0.399996999999999
2  1205 34 0 0 0.399996999999999
2  1206 35 0 0 0.399996999999999
0

0101000
+361 0 -359 0 *
Ed
 1e-07 1 1 0
1  888 0 0 1.348388
2  1207 34 0 0 1.348388
2  1208 35 0 0 1.348388
0

0101000
+359 0 -480 0 *
Wi

0101100
+478 0 +476 0 +474 0 +472 0 +470 0 +468 0 +466 0 +464 0 +462 0 +460 0 
+458 0 +456 0 +454 0 +452 0 +450 0 +448 0 +446 0 +444 0 +442 0 +440 0 
+438 0 +436 0 +434 0 +432 0 +430 0 +428 0 +426 0 +424 0 +422 0 +420 0 
+418 0 +416 0 +414 0 +412 0 +410 0 +408 0 +406 0 +404 0 +402 0 +400 0 
+398 0 +396 0 +394 0 +392 0 +390 0 +388 0 +386 0 +384 0 +382 0 +380 0 
+378 0 +376 0 +374 0 +372 0 +370 0 +368 0 +366 0 +364 0 +362 0 +360 0 
+358 0 +357 0 *
Ve
1e-07
63.722546 6.936044 0
0 0

0101101
*
Ve
1e-07
68.122543 6.936044 0
0 0

0101101
*
Ed
 1e-07 1 1 0
1  889 0 0 4.39999699999999
2  1209 36 0 0 4.39999699999999
2  1210 37 0 0 4.39999699999999
0

0101000
+355 0 -354 0 *
Ve
1e-07
68.122543 7.963573 0
0 0

0101101
*
Ed
 1e-07 1 1 0
1  890 0 0 1.027529
2  1211 36 0 0 1.027529
2  1212 37 0 0 1.027529
0

0101000
+354 0 -352 0 *
Ve
1e-07
68.522545 7.963573 0
0 0

0101101
*
Ed
 1e-07 1 1 0
1  891 0 0 0.400002000000001
2  1213 36 0 0 0.400002000000001
2  1214 37 0 0 0.400002000000001
0

0101000
+352 0 -350 0 *
Ve
1e-07
68.522545 6.936044 0
0 0

0101101
*
Ed
 1e-07 1 1 0
1  892 0 0 1.027529
2  1215 36 0 0 1.027529
2  1216 37 0 0 1.027529
0

0101000
+350 0 -348 0 *
Ve
1e-07
69.008354 6.936044 0
0 0

0101101
*
Ed
 1e-07 1 1 0
1  893 0 0 0.485809000000003
2  1217 36 0 0 0.485809000000003
2  1218 37 0 0 0.485809000000003
0

0101000
+348 0 -346 0 *
Ve
1e-07
69.008354 6.339381 0
0 0

0101101
*
Ed
 1e-07 1 1 0
1  894 0 0 0.596662999999999
2  1219 36 0 0 0.596662999999999
2  1220 37 0 0 0.596662999999999
0

0101000
+346 0 -344 0 *
Ve
1e-07
63.022545 6.339381 0
0 0

0101101
*
Ed
 1e-07 1 1 0
1  895 0 0 5.985809
2  1221 36 0 0 5.985809
2  1222 37 0 0 5.985809
0

0101000
+344 0 -342 0 *
Ve
1e-07
63.022545 9.939381 0
0 0

0101101
*
Ed
 1e-07 1 1 0
1  896 0 0 3.6
2  1223 36 0 0 3.6
2  1224 37 0 0 3.6
0

0101000
+342 0 -340 0 *
Ve
1e-07
61.950001 9.939381 0
0 0

0101101
*
Ed
 1e-07 1 1 0
1  897 0 0 1.072544
2  1225 36 0 0 1.072544
2  1226 37 0 0 1.072544
0

0101000
+340 0 -338 0 *
Ve
1e-07
61.950001 10.391102 0
0 0

0101101
*
Ed
 1e-07 1 1 0
1  898 0 0 0.451721000000001
2  1227 36 0 0 0.451721000000001
2  1228 37 0 0 0.451721000000001
0

0101000
+338 0 -336 0 *
Ve
1e-07
63.022545 10.391102 0
0 0

0101101
*
Ed
 1e-07 1 1 0
1  899 0 0 1.072544
2  1229 36 0 0 1.072544
2  1230 37 0 0 1.072544
0

0101000
+336 0 -334 0 *
Ve
1e-07
63.022545 12.891102 0
0 0

0101101
*
Ed
 1e-07 1 1 0
1  900 0 0 2.5
2  1231 36 0 0 2.5
2  1232 37 0 0 2.5
0

0101000
+334 0 -332 0 *
Ve
1e-07
56.977455 12.891102 0
0 0

0101101
*
Ed
 1e-07 1 1 0
1  901 0 0 6.04509
2  1233 36 0 0 6.04509
2  1234 37 0 0 6.04509
0

0101000
+332 0 -330 0 *
Ve
1e-07
56.977455 10.391102 0
0 0

0101101
*
Ed
 1e-07 1 1 0
1  902 0 0 2.5
2  1235 36 0 0 2.5
2  1236 37 0 0 2.5
0

0101000
+330 0 -328 0 *
Ve
1e-07
58.049999 10.391102 0
0 0

0101101
*
Ed
 1e-07 1 1 0
1  903 0 0 1.072544
2  1237 36 0 0 1.072544
2  1238 37 0 0 1.072544
0

0101000
+328 0 -326 0 *
Ve
1e-07
58.049999 9.939381 0
0 0

0101101
*
Ed
 1e-07 1 1 0
1  904 0 0 0.451721000000001
2  1239 36 0 0 0.451721000000001
2  1240 37 0 0 0.451721000000001
0

0101000
+326 0 -324 0 *
Ve
1e-07
56.977455 9.939381 0
0 0

0101101
*
Ed
 1e-07 1 1 0
1  905 0 0 1.072544
2  1241 36 0 0 1.072544
2  1242 37 0 0 1.072544
0

0101000
+324 0 -322 0 *
Ve
1e-07
56.977455 6.339381 0
0 0

0101101
*
Ed
 1e-07 1 1 0
1  906 0 0 3.6
2  1243 36 0 0 3.6
2  1244 37 0 0 3.6
0

0101000
+322 0 -320 0 *
Ve
1e-07
50.991646 6.339381 0
0 0

0101101
*
Ed
 1e-07 1 1 0
1  907 0 0 5.985809
2  1245 36 0 0 5.985809
2  1246 37 0 0 5.985809
0

0101000
+320 0 -318 0 *
Ve
1e-07
50.991646 6.936044 0
0 0

0101101
*
Ed
 1e-07 1 1 0
1  908 0 0 0.596662999999999
2  1247 36 0 0 0.596662999999999
2  1248 37 0 0 0.596662999999999
0

0101000
+318 0 -316 0 *
Ve
1e-07
51.477455 6.936044 0
0 0

0101101
*
Ed
 1e-07 1 1 0
1  909 0 0 0.485808999999996
2  1249 36 0 0 0.485808999999996
2  1250 37 0 0 0.485808999999996
0

0101000
+316 0 -314 0 *
Ve
1e-07
51.477455 7.963573 0
0 0

0101101
*
Ed
 1e-07 1 1 0
1  910 0 0 1.027529
2  1251 36 0 0 1.027529
2  1252 37 0 0 1.027529
0

0101000
+314 0 -312 0 *
Ve
1e-07
51.877453 7.963573 0
0 0

0101101
*
Ed
 1e-07 1 1 0
1  911 0 0 0.399998000000004
2  1253 36 0 0 0.399998000000004
2  1254 37 0 0 0.399998000000004
0

0101000
+312 0 -310 0 *
Ve
1e-07
51.877453 6.936044 0
0 0

0101101
*
Ed
 1e-07 1 1 0
1  912 0 0 1.027529
2  1255 36 0 0 1.027529
2  1256 37 0 0 1.027529
0

0101000
+310 0 -308 0 *
Ve
1e-07
56.277454 6.936044 0
0 0

0101101
*
Ed
 1e-07 1 1 0
1  913 0 0 4.400001
2  1257 36 0 0 4.400001
2  1258 37 0 0 4.400001
0

0101000
+308 0 -306 0 *
Ve
1e-07
56.277454 9.891102 0
0 0

0101101
*
Ed
 1e-07 1 1 0
1  914 0 0 2.955058
2  1259 36 0 0 2.955058
2  1260 37 0 0 2.955058
0

0101000
+306 0 -304 0 *
Ve
1e-07
51.877453 9.891102 0
0 0

0101101
*
Ed
 1e-07 1 1 0
1  915 0 0 4.400001
2  1261 36 0 0 4.400001
2  1262 37 0 0 4.400001
0

0101000
+304 0 -302 0 *
Ve
1e-07
51.877453 8.863573 0
0 0

0101101
*
Ed
 1e-07 1 1 0
1  916 0 0 1.027529
2  1263 36 0 0 1.027529
2  1264 37 0 0 1.027529
0

0101000
+302 0 -300 0 *
Ve
1e-07
51.477455 8.863573 0
0 0

0101101
*
Ed
 1e-07 1 1 0
1  917 0 0 0.399998000000004
2  1265 36 0 0 0.399998000000004
2  1266 37 0 0 0.399998000000004
0

0101000
+300 0 -298 0 *
Ve
1e-07
51.477455 9.891102 0
0 0

0101101
*
Ed
 1e-07 1 1 0
1  918 0 0 1.027529
2  1267 36 0 0 1.027529
2  1268 37 0 0 1.027529
0

0101000
+298 0 -296 0 *
Ve
1e-07
50.991646 9.891102 0
0 0

0101101
*
Ed
 1e-07 1 1 0
1  919 0 0 0.485808999999996
2  1269 36 0 0 0.485808999999996
2  1270 37 0 0 0.485808999999996
0

0101000
+296 0 -294 0 *
Ve
1e-07
50.991646 10.541101 0
0 0

0101101
*
Ed
 1e-07 1 1 0
1  920 0 0 0.649998999999999
2  1271 36 0 0 0.649998999999999
2  1272 37 0 0 0.649998999999999
0

0101000
+294 0 -292 0 *
Ve
1e-07
51.791645 10.541101 0
0 0

0101101
*
Ed
 1e-07 1 1 0
1  921 0 0 0.799999
2  1273 36 0 0 0.799999
2  1274 37 0 0 0.799999
0

0101000
+292 0 -290 0 *
Ve
1e-07
51.791645 10.391102 0
0 0

0101101
*
Ed
 1e-07 1 1 0
1  922 0 0 0.149998999999999
2  1275 36 0 0 0.149998999999999
2  1276 37 0 0 0.149998999999999
0

0101000
+290 0 -288 0 *
Ve
1e-07
52.491646 10.391102 0
0 0

0101101
*
Ed
 1e-07 1 1 0
1  923 0 0 0.700001
2  1277 36 0 0 0.700001
2  1278 37 0 0 0.700001
0

0101000
+288 0 -286 0 *
Ve
1e-07
52.491646 10.291101 0
0 0

0101101
*
Ed
 1e-07 1 1 0
1  924 0 0 0.100001000000001
2  1279 36 0 0 0.100001000000001
2  1280 37 0 0 0.100001000000001
0

0101000
+286 0 -284 0 *
Ve
1e-07
55.491646 10.291101 0
0 0

0101101
*
Ed
 1e-07 1 1 0
1  925 0 0 3
2  1281 36 0 0 3
2  1282 37 0 0 3
0

0101000
+284 0 -282 0 *
Ve
1e-07
55.491646 10.391102 0
0 0

0101101
*
Ed
 1e-07 1 1 0
1  926 0 0 0.100001000000001
2  1283 36 0 0 0.100001000000001
2  1284 37 0 0 0.100001000000001
0

0101000
+282 0 -280 0 *
Ve
1e-07
56.127453 10.391102 0
0 0

0101101
*
Ed
 1e-07 1 1 0
1  927 0 0 0.635807
2  1285 36 0 0 0.635807
2  1286 37 0 0 0.635807
0

0101000
+280 0 -278 0 *
Ve
1e-07
56.127453 11.091102 0
0 0

0101101
*
Ed
 1e-07 1 1 0
1  928 0 0 0.699999999999999
2  1287 36 0 0 0.699999999999999
2  1288 37 0 0 0.699999999999999
0

0101000
+278 0 -276 0 *
Ve
1e-07
56.277454 11.091102 0
0 0

0101101
*
Ed
 1e-07 1 1 0
1  929 0 0 0.150000999999996
2  1289 36 0 0 0.150000999999996
2  1290 37 0 0 0.150000999999996
0

0101000
+276 0 -274 0 *
Ve
1e-07
56.277454 12.791101 0
0 0

0101101
*
Ed
 1e-07 1 1 0
1  930 0 0 1.699999
2  1291 36 0 0 1.699999
2  1292 37 0 0 1.699999
0

0101000
+274 0 -272 0 *
Ve
1e-07
56.127453 12.791101 0
0 0

0101101
*
Ed
 1e-07 1 1 0
1  931 0 0 0.150000999999996
2  1293 36 0 0 0.150000999999996
2  1294 37 0 0 0.150000999999996
0

0101000
+272 0 -270 0 *
Ve
1e-07
56.127453 14.391102 0
0 0

0101101
*
Ed
 1e-07 1 1 0
1  932 0 0 1.600001
2  1295 36 0 0 1.600001
2  1296 37 0 0 1.600001
0

0101000
+270 0 -268 0 *
Ve
1e-07
56.277454 14.391102 0
0 0

0101101
*
Ed
 1e-07 1 1 0
1  933 0 0 0.150000999999996
2  1297 36 0 0 0.150000999999996
2  1298 37 0 0 0.150000999999996
0

0101000
+268 0 -266 0 *
Ve
1e-07
56.277454 15.991102 0
0 0

0101101
*
Ed
 1e-07 1 1 0
1  934 0 0 1.6
2  1299 36 0 0 1.6
2  1300 37 0 0 1.6
0

0101000
+266 0 -264 0 *
Ve
1e-07
56.127453 15.991102 0
0 0

0101101
*
Ed
 1e-07 1 1 0
1  935 0 0 0.150000999999996
2  1301 36 0 0 0.150000999999996
2  1302 37 0 0 0.150000999999996
0

0101000
+264 0 -262 0 *
Ve
1e-07
56.127453 17.591103 0
0 0

0101101
*
Ed
 1e-07 1 1 0
1  936 0 0 1.600001
2  1303 36 0 0 1.600001
2  1304 37 0 0 1.600001
0

0101000
+262 0 -260 0 *
Ve
1e-07
56.277454 17.591103 0
0 0

0101101
*
Ed
 1e-07 1 1 0
1  937 0 0 0.150000999999996
2  1305 36 0 0 0.150000999999996
2  1306 37 0 0 0.150000999999996
0

0101000
+260 0 -258 0 *
Ve
1e-07
56.277454 19.391102 0
0 0

0101101
*
Ed
 1e-07 1 1 0
1  938 0 0 1.799999
2  1307 36 0 0 1.799999
2  1308 37 0 0 1.799999
0

0101000
+258 0 -256 0 *
Ve
1e-07
56.127453 19.391102 0
0 0

0101101
*
Ed
 1e-07 1 1 0
1  939 0 0 0.150000999999996
2  1309 36 0 0 0.150000999999996
2  1310 37 0 0 0.150000999999996
0

0101000
+256 0 -254 0 *
Ve
1e-07
56.127453 20.991102 0
0 0

0101101
*
Ed
 1e-07 1 1 0
1  940 0 0 1.6
2  1311 36 0 0 1.6
2  1312 37 0 0 1.6
0

0101000
+254 0 -252 0 *
Ve
1e-07
56.277454 20.991102 0
0 0

0101101
*
Ed
 1e-07 1 1 0
1  941 0 0 0.150000999999996
2  1313 36 0 0 0.150000999999996
2  1314 37 0 0 0.150000999999996
0

0101000
+252 0 -250 0 *
Ve
1e-07
56.277454 21.417374 0
0 0

0101101
*
Ed
 1e-07 1 1 0
1  942 0 0 0.426271999999997
2  1315 36 0 0 0.426271999999997
2  1316 37 0 0 0.426271999999997
0

0101000
+250 0 -248 0 *
Ve
1e-07
56.977455 21.417374 0
0 0

0101101
*
Ed
 1e-07 1 1 0
1  943 0 0 0.700001
2  1317 36 0 0 0.700001
2  1318 37 0 0 0.700001
0

0101000
+248 0 -246 0 *
Ve
1e-07
56.977455 13.491102 0
0 0

0101101
*
Ed
 1e-07 1 1 0
1  944 0 0 7.926272
2  1319 36 0 0 7.926272
2  1320 37 0 0 7.926272
0

0101000
+246 0 -244 0 *
Ve
1e-07
63.022545 13.491102 0
0 0

0101101
*
Ed
 1e-07 1 1 0
1  945 0 0 6.04509
2  1321 36 0 0 6.04509
2  1322 37 0 0 6.04509
0

0101000
+244 0 -242 0 *
Ve
1e-07
63.022545 21.417374 0
0 0

0101101
*
Ed
 1e-07 1 1 0
1  946 0 0 7.926272
2  1323 36 0 0 7.926272
2  1324 37 0 0 7.926272
0

0101000
+242 0 -240 0 *
Ve
1e-07
63.722546 21.417374 0
0 0

0101101
*
Ed
 1e-07 1 1 0
1  947 0 0 0.700001
2  1325 36 0 0 0.700001
2  1326 37 0 0 0.700001
0

0101000
+240 0 -238 0 *
Ve
1e-07
63.722546 20.991102 0
0 0

0101101
*
Ed
 1e-07 1 1 0
1  948 0 0 0.426271999999997
2  1327 36 0 0 0.426271999999997
2  1328 37 0 0 0.426271999999997
0

0101000
+238 0 -236 0 *
Ve
1e-07
63.872547 20.991102 0
0 0

0101101
*
Ed
 1e-07 1 1 0
1  949 0 0 0.150000999999996
2  1329 36 0 0 0.150000999999996
2  1330 37 0 0 0.150000999999996
0

0101000
+236 0 -234 0 *
Ve
1e-07
63.872547 19.391102 0
0 0

0101101
*
Ed
 1e-07 1 1 0
1  950 0 0 1.6
2  1331 36 0 0 1.6
2  1332 37 0 0 1.6
0

0101000
+234 0 -232 0 *
Ve
1e-07
63.722546 19.391102 0
0 0

0101101
*
Ed
 1e-07 1 1 0
1  951 0 0 0.150000999999996
2  1333 36 0 0 0.150000999999996
2  1334 37 0 0 0.150000999999996
0

0101000
+232 0 -230 0 *
Ve
1e-07
63.722546 17.591103 0
0 0

0101101
*
Ed
 1e-07 1 1 0
1  952 0 0 1.799999
2  1335 36 0 0 1.799999
2  1336 37 0 0 1.799999
0

0101000
+230 0 -228 0 *
Ve
1e-07
63.872547 17.591103 0
0 0

0101101
*
Ed
 1e-07 1 1 0
1  953 0 0 0.150000999999996
2  1337 36 0 0 0.150000999999996
2  1338 37 0 0 0.150000999999996
0

0101000
+228 0 -226 0 *
Ve
1e-07
63.872547 15.991102 0
0 0

0101101
*
Ed
 1e-07 1 1 0
1  954 0 0 1.600001
2  1339 36 0 0 1.600001
2  1340 37 0 0 1.600001
0

0101000
+226 0 -224 0 *
Ve
1e-07
63.722546 15.991102 0
0 0

0101101
*
Ed
 1e-07 1 1 0
1  955 0 0 0.150000999999996
2  1341 36 0 0 0.150000999999996
2  1342 37 0 0 0.150000999999996
0

0101000
+224 0 -222 0 *
Ve
1e-07
63.722546 14.391102 0
0 0

0101101
*
Ed
 1e-07 1 1 0
1  956 0 0 1.6
2  1343 36 0 0 1.6
2  1344 37 0 0 1.6
0

0101000
+222 0 -220 0 *
Ve
1e-07
63.872547 14.391102 0
0 0

0101101
*
Ed
 1e-07 1 1 0
1  957 0 0 0.150000999999996
2  1345 36 0 0 0.150000999999996
2  1346 37 0 0 0.150000999999996
0

0101000
+220 0 -218 0 *
Ve
1e-07
63.872547 12.791101 0
0 0

0101101
*
Ed
 1e-07 1 1 0
1  958 0 0 1.600001
2  1347 36 0 0 1.600001
2  1348 37 0 0 1.600001
0

0101000
+218 0 -216 0 *
Ve
1e-07
63.722546 12.791101 0
0 0

0101101
*
Ed
 1e-07 1 1 0
1  959 0 0 0.150000999999996
2  1349 36 0 0 0.150000999999996
2  1350 37 0 0 0.150000999999996
0

0101000
+216 0 -214 0 *
Ve
1e-07
63.722546 11.091102 0
0 0

0101101
*
Ed
 1e-07 1 1 0
1  960 0 0 1.699999
2  1351 36 0 0 1.699999
2  1352 37 0 0 1.699999
0

0101000
+214 0 -212 0 *
Ve
1e-07
63.872547 11.091102 0
0 0

0101101
*
Ed
 1e-07 1 1 0
1  961 0 0 0.150000999999996
2  1353 36 0 0 0.150000999999996
2  1354 37 0 0 0.150000999999996
0

0101000
+212 0 -210 0 *
Ve
1e-07
63.872547 10.391102 0
0 0

0101101
*
Ed
 1e-07 1 1 0
1  962 0 0 0.699999999999999
2  1355 36 0 0 0.699999999999999
2  1356 37 0 0 0.699999999999999
0

0101000
+210 0 -208 0 *
Ve
1e-07
64.508354 10.391102 0
0 0

0101101
*
Ed
 1e-07 1 1 0
1  963 0 0 0.635807
2  1357 36 0 0 0.635807
2  1358 37 0 0 0.635807
0

0101000
+208 0 -206 0 *
Ve
1e-07
64.508354 10.291101 0
0 0

0101101
*
Ed
 1e-07 1 1 0
1  964 0 0 0.100001000000001
2  1359 36 0 0 0.100001000000001
2  1360 37 0 0 0.100001000000001
0

0101000
+206 0 -204 0 *
Ve
1e-07
67.508354 10.291101 0
0 0

0101101
*
Ed
 1e-07 1 1 0
1  965 0 0 3
2  1361 36 0 0 3
2  1362 37 0 0 3
0

0101000
+204 0 -202 0 *
Ve
1e-07
67.508354 10.391102 0
0 0

0101101
*
Ed
 1e-07 1 1 0
1  966 0 0 0.100001000000001
2  1363 36 0 0 0.100001000000001
2  1364 37 0 0 0.100001000000001
0

0101000
+202 0 -200 0 *
Ve
1e-07
68.208351 10.391102 0
0 0

0101101
*
Ed
 1e-07 1 1 0
1  967 0 0 0.699996999999996
2  1365 36 0 0 0.699996999999996
2  1366 37 0 0 0.699996999999996
0

0101000
+200 0 -198 0 *
Ve
1e-07
68.208351 10.541101 0
0 0

0101101
*
Ed
 1e-07 1 1 0
1  968 0 0 0.149998999999999
2  1367 36 0 0 0.149998999999999
2  1368 37 0 0 0.149998999999999
0

0101000
+198 0 -196 0 *
Ve
1e-07
69.008354 10.541101 0
0 0

0101101
*
Ed
 1e-07 1 1 0
1  969 0 0 0.800003000000004
2  1369 36 0 0 0.800003000000004
2  1370 37 0 0 0.800003000000004
0

0101000
+196 0 -194 0 *
Ve
1e-07
69.008354 9.891102 0
0 0

0101101
*
Ed
 1e-07 1 1 0
1  970 0 0 0.649998999999999
2  1371 36 0 0 0.649998999999999
2  1372 37 0 0 0.649998999999999
0

0101000
+194 0 -192 0 *
Ve
1e-07
68.522545 9.891102 0
0 0

0101101
*
Ed
 1e-07 1 1 0
1  971 0 0 0.485809000000003
2  1373 36 0 0 0.485809000000003
2  1374 37 0 0 0.485809000000003
0

0101000
+192 0 -190 0 *
Ve
1e-07
68.522545 8.863573 0
0 0

0101101
*
Ed
 1e-07 1 1 0
1  972 0 0 1.027529
2  1375 36 0 0 1.027529
2  1376 37 0 0 1.027529
0

0101000
+190 0 -188 0 *
Ve
1e-07
68.122543 8.863573 0
0 0

0101101
*
Ed
 1e-07 1 1 0
1  973 0 0 0.400002000000001
2  1377 36 0 0 0.400002000000001
2  1378 37 0 0 0.400002000000001
0

0101000
+188 0 -186 0 *
Ve
1e-07
68.122543 9.891102 0
0 0

0101101
*
Ed
 1e-07 1 1 0
1  974 0 0 1.027529
2  1379 36 0 0 1.027529
2  1380 37 0 0 1.027529
0

0101000
+186 0 -184 0 *
Ve
1e-07
63.722546 9.891102 0
0 0

0101101
*
Ed
 1e-07 1 1 0
1  975 0 0 4.39999699999999
2  1381 36 0 0 4.39999699999999
2  1382 37 0 0 4.39999699999999
0

0101000
+184 0 -182 0 *
Ed
 1e-07 1 1 0
1  976 0 0 2.955058
2  1383 36 0 0 2.955058
2  1384 37 0 0 2.955058
0

0101000
+182 0 -355 0 *
Wi

0101100
+353 0 +351 0 +349 0 +347 0 +345 0 +343 0 +341 0 +339 0 +337 0 +335 0 
+333 0 +331 0 +329 0 +327 0 +325 0 +323 0 +321 0 +319 0 +317 0 +315 0 
+313 0 +311 0 +309 0 +307 0 +305 0 +303 0 +301 0 +299 0 +297 0 +295 0 
+293 0 +291 0 +289 0 +287 0 +285 0 +283 0 +281 0 +279 0 +277 0 +275 0 
+273 0 +271 0 +269 0 +267 0 +265 0 +263 0 +261 0 +259 0 +257 0 +255 0 
+253 0 +251 0 +249 0 +247 0 +245 0 +243 0 +241 0 +239 0 +237 0 +235 0 
+233 0 +231 0 +229 0 +227 0 +225 0 +223 0 +221 0 +219 0 +217 0 +215 0 
+213 0 +211 0 +209 0 +207 0 +205 0 +203 0 +201 0 +199 0 +197 0 +195 0 
+193 0 +191 0 +189 0 +187 0 +185 0 +183 0 +181 0 +180 0 *
Ve
1e-07
68.522545 -7.963573 0
0 0

0101101
*
Ve
1e-07
68.122543 -7.963573 0
0 0

0101101
*
Ed
 1e-07 1 1 0
1  977 0 0 0.400002000000001
2  1385 38 0 0 0.400002000000001
2  1386 39 0 0 0.400002000000001
0

0101000
+178 0 -177 0 *
Ve
1e-07
68.122543 -6.936044 0
0 0

0101101
*
Ed
 1e-07 1 1 0
1  978 0 0 1.027529
2  1387 38 0 0 1.027529
2  1388 39 0 0 1.027529
0

0101000
+177 0 -175 0 *
Ve
1e-07
63.722546 -6.936044 0
0 0

0101101
*
Ed
 1e-07 1 1 0
1  979 0 0 4.39999699999999
2  1389 38 0 0 4.39999699999999
2  1390 39 0 0 4.39999699999999
0

0101000
+175 0 -173 0 *
Ve
1e-07
63.722546 -9.891102 0
0 0

0101101
*
Ed
 1e-07 1 1 0
1  980 0 0 2.955058
2  1391 38 0 0 2.955058
2  1392 39 0 0 2.955058
0

0101000
+173 0 -171 0 *
Ve
1e-07
68.122543 -9.891102 0
0 0

0101101
*
Ed
 1e-07 1 1 0
1  981 0 0 4.39999699999999
2  1393 38 0 0 4.39999699999999
2  1394 39 0 0 4.39999699999999
0

0101000
+171 0 -169 0 *
Ve
1e-07
68.122543 -8.863573 0
0 0

0101101
*
Ed
 1e-07 1 1 0
1  982 0 0 1.027529
2  1395 38 0 0 1.027529
2  1396 39 0 0 1.027529
0

0101000
+169 0 -167 0 *
Ve
1e-07
68.522545 -8.863573 0
0 0

0101101
*
Ed
 1e-07 1 1 0
1  983 0 0 0.400002000000001
2  1397 38 0 0 0.400002000000001
2  1398 39 0 0 0.400002000000001
0

0101000
+167 0 -165 0 *
Ve
1e-07
68.522545 -9.891102 0
0 0

0101101
*
Ed
 1e-07 1 1 0
1  984 0 0 1.027529
2  1399 38 0 0 1.027529
2  1400 39 0 0 1.027529
0

0101000
+165 0 -163 0 *
Ve
1e-07
69.008354 -9.891102 0
0 0

0101101
*
Ed
 1e-07 1 1 0
1  985 0 0 0.485809000000003
2  1401 38 0 0 0.485809000000003
2  1402 39 0 0 0.485809000000003
0

0101000
+163 0 -161 0 *
Ve
1e-07
69.008354 -10.541101 0
0 0

0101101
*
Ed
 1e-07 1 1 0
1  986 0 0 0.649998999999999
2  1403 38 0 0 0.649998999999999
2  1404 39 0 0 0.649998999999999
0

0101000
+161 0 -159 0 *
Ve
1e-07
68.208351 -10.541101 0
0 0

0101101
*
Ed
 1e-07 1 1 0
1  987 0 0 0.800003000000004
2  1405 38 0 0 0.800003000000004
2  1406 39 0 0 0.800003000000004
0

0101000
+159 0 -157 0 *
Ve
1e-07
68.208351 -10.391102 0
0 0

0101101
*
Ed
 1e-07 1 1 0
1  988 0 0 0.149998999999999
2  1407 38 0 0 0.149998999999999
2  1408 39 0 0 0.149998999999999
0

0101000
+157 0 -155 0 *
Ve
1e-07
67.508354 -10.391102 0
0 0

0101101
*
Ed
 1e-07 1 1 0
1  989 0 0 0.699996999999996
2  1409 38 0 0 0.699996999999996
2  1410 39 0 0 0.699996999999996
0

0101000
+155 0 -153 0 *
Ve
1e-07
67.508354 -10.291101 0
0 0

0101101
*
Ed
 1e-07 1 1 0
1  990 0 0 0.100001000000001
2  1411 38 0 0 0.100001000000001
2  1412 39 0 0 0.100001000000001
0

0101000
+153 0 -151 0 *
Ve
1e-07
64.508354 -10.291101 0
0 0

0101101
*
Ed
 1e-07 1 1 0
1  991 0 0 3
2  1413 38 0 0 3
2  1414 39 0 0 3
0

0101000
+151 0 -149 0 *
Ve
1e-07
64.508354 -10.391102 0
0 0

0101101
*
Ed
 1e-07 1 1 0
1  992 0 0 0.100001000000001
2  1415 38 0 0 0.100001000000001
2  1416 39 0 0 0.100001000000001
0

0101000
+149 0 -147 0 *
Ve
1e-07
63.872547 -10.391102 0
0 0

0101101
*
Ed
 1e-07 1 1 0
1  993 0 0 0.635807
2  1417 38 0 0 0.635807
2  1418 39 0 0 0.635807
0

0101000
+147 0 -145 0 *
Ve
1e-07
63.872547 -11.091102 0
0 0

0101101
*
Ed
 1e-07 1 1 0
1  994 0 0 0.699999999999999
2  1419 38 0 0 0.699999999999999
2  1420 39 0 0 0.699999999999999
0

0101000
+145 0 -143 0 *
Ve
1e-07
63.722546 -11.091102 0
0 0

0101101
*
Ed
 1e-07 1 1 0
1  995 0 0 0.150000999999996
2  1421 38 0 0 0.150000999999996
2  1422 39 0 0 0.150000999999996
0

0101000
+143 0 -141 0 *
Ve
1e-07
63.722546 -12.791101 0
0 0

0101101
*
Ed
 1e-07 1 1 0
1  996 0 0 1.699999
2  1423 38 0 0 1.699999
2  1424 39 0 0 1.699999
0

0101000
+141 0 -139 0 *
Ve
1e-07
63.872547 -12.791101 0
0 0

0101101
*
Ed
 1e-07 1 1 0
1  997 0 0 0.150000999999996
2  1425 38 0 0 0.150000999999996
2  1426 39 0 0 0.150000999999996
0

0101000
+139 0 -137 0 *
Ve
1e-07
63.872547 -14.391102 0
0 0

0101101
*
Ed
 1e-07 1 1 0
1  998 0 0 1.600001
2  1427 38 0 0 1.600001
2  1428 39 0 0 1.600001
0

0101000
+137 0 -135 0 *
Ve
1e-07
63.722546 -14.391102 0
0 0

0101101
*
Ed
 1e-07 1 1 0
1  999 0 0 0.150000999999996
2  1429 38 0 0 0.150000999999996
2  1430 39 0 0 0.150000999999996
0

0101000
+135 0 -133 0 *
Ve
1e-07
63.722546 -15.991102 0
0 0

0101101
*
Ed
 1e-07 1 1 0
1  1000 0 0 1.6
2  1431 38 0 0 1.6
2  1432 39 0 0 1.6
0

0101000
+133 0 -131 0 *
Ve
1e-07
63.872547 -15.991102 0
0 0

0101101
*
Ed
 1e-07 1 1 0
1  1001 0 0 0.150000999999996
2  1433 38 0 0 0.150000999999996
2  1434 39 0 0 0.150000999999996
0

0101000
+131 0 -129 0 *
Ve
1e-07
63.872547 -17.591103 0
0 0

0101101
*
Ed
 1e-07 1 1 0
1  1002 0 0 1.600001
2  1435 38 0 0 1.600001
2  1436 39 0 0 1.600001
0

0101000
+129 0 -127 0 *
Ve
1e-07
63.722546 -17.591103 0
0 0

0101101
*
Ed
 1e-07 1 1 0
1  1003 0 0 0.150000999999996
2  1437 38 0 0 0.150000999999996
2  1438 39 0 0 0.150000999999996
0

0101000
+127 0 -125 0 *
Ve
1e-07
63.722546 -19.391102 0
0 0

0101101
*
Ed
 1e-07 1 1 0
1  1004 0 0 1.799999
2  1439 38 0 0 1.799999
2  1440 39 0 0 1.799999
0

0101000
+125 0 -123 0 *
Ve
1e-07
63.872547 -19.391102 0
0 0

0101101
*
Ed
 1e-07 1 1 0
1  1005 0 0 0.150000999999996
2  1441 38 0 0 0.150000999999996
2  1442 39 0 0 0.150000999999996
0

0101000
+123 0 -121 0 *
Ve
1e-07
63.872547 -20.991102 0
0 0

0101101
*
Ed
 1e-07 1 1 0
1  1006 0 0 1.6
2  1443 38 0 0 1.6
2  1444 39 0 0 1.6
0

0101000
+121 0 -119 0 *
Ve
1e-07
63.722546 -20.991102 0
0 0

0101101
*
Ed
 1e-07 1 1 0
1  1007 0 0 0.150000999999996
2  1445 38 0 0 0.150000999999996
2  1446 39 0 0 0.150000999999996
0

0101000
+119 0 -117 0 *
Ve
1e-07
63.722546 -21.417374 0
0 0

0101101
*
Ed
 1e-07 1 1 0
1  1008 0 0 0.426271999999997
2  1447 38 0 0 0.426271999999997
2  1448 39 0 0 0.426271999999997
0

0101000
+117 0 -115 0 *
Ve
1e-07
63.022545 -21.417374 0
0 0

0101101
*
Ed
 1e-07 1 1 0
1  1009 0 0 0.700001
2  1449 38 0 0 0.700001
2  1450 39 0 0 0.700001
0

0101000
+115 0 -113 0 *
Ve
1e-07
63.022545 -13.491102 0
0 0

0101101
*
Ed
 1e-07 1 1 0
1  1010 0 0 7.926272
2  1451 38 0 0 7.926272
2  1452 39 0 0 7.926272
0

0101000
+113 0 -111 0 *
Ve
1e-07
56.977455 -13.491102 0
0 0

0101101
*
Ed
 1e-07 1 1 0
1  1011 0 0 6.04509
2  1453 38 0 0 6.04509
2  1454 39 0 0 6.04509
0

0101000
+111 0 -109 0 *
Ve
1e-07
56.977455 -21.417374 0
0 0

0101101
*
Ed
 1e-07 1 1 0
1  1012 0 0 7.926272
2  1455 38 0 0 7.926272
2  1456 39 0 0 7.926272
0

0101000
+109 0 -107 0 *
Ve
1e-07
56.277454 -21.417374 0
0 0

0101101
*
Ed
 1e-07 1 1 0
1  1013 0 0 0.700001
2  1457 38 0 0 0.700001
2  1458 39 0 0 0.700001
0

0101000
+107 0 -105 0 *
Ve
1e-07
56.277454 -20.991102 0
0 0

0101101
*
Ed
 1e-07 1 1 0
1  1014 0 0 0.426271999999997
2  1459 38 0 0 0.426271999999997
2  1460 39 0 0 0.426271999999997
0

0101000
+105 0 -103 0 *
Ve
1e-07
56.127453 -20.991102 0
0 0

0101101
*
Ed
 1e-07 1 1 0
1  1015 0 0 0.150000999999996
2  1461 38 0 0 0.150000999999996
2  1462 39 0 0 0.150000999999996
0

0101000
+103 0 -101 0 *
Ve
1e-07
56.127453 -19.391102 0
0 0

0101101
*
Ed
 1e-07 1 1 0
1  1016 0 0 1.6
2  1463 38 0 0 1.6
2  1464 39 0 0 1.6
0

0101000
+101 0 -99 0 *
Ve
1e-07
56.277454 -19.391102 0
0 0

0101101
*
Ed
 1e-07 1 1 0
1  1017 0 0 0.150000999999996
2  1465 38 0 0 0.150000999999996
2  1466 39 0 0 0.150000999999996
0

0101000
+99 0 -97 0 *
Ve
1e-07
56.277454 -17.591103 0
0 0

0101101
*
Ed
 1e-07 1 1 0
1  1018 0 0 1.799999
2  1467 38 0 0 1.799999
2  1468 39 0 0 1.799999
0

0101000
+97 0 -95 0 *
Ve
1e-07
56.127453 -17.591103 0
0 0

0101101
*
Ed
 1e-07 1 1 0
1  1019 0 0 0.150000999999996
2  1469 38 0 0 0.150000999999996
2  1470 39 0 0 0.150000999999996
0

0101000
+95 0 -93 0 *
Ve
1e-07
56.127453 -15.991102 0
0 0

0101101
*
Ed
 1e-07 1 1 0
1  1020 0 0 1.600001
2  1471 38 0 0 1.600001
2  1472 39 0 0 1.600001
0

0101000
+93 0 -91 0 *
Ve
1e-07
56.277454 -15.991102 0
0 0

0101101
*
Ed
 1e-07 1 1 0
1  1021 0 0 0.150000999999996
2  1473 38 0 0 0.150000999999996
2  1474 39 0 0 0.150000999999996
0

0101000
+91 0 -89 0 *
Ve
1e-07
56.277454 -14.391102 0
0 0

0101101
*
Ed
 1e-07 1 1 0
1  1022 0 0 1.6
2  1475 38 0 0 1.6
2  1476 39 0 0 1.6
0

0101000
+89 0 -87 0 *
Ve
1e-07
56.127453 -14.391102 0
0 0

0101101
*
Ed
 1e-07 1 1 0
1  1023 0 0 0.150000999999996
2  1477 38 0 0 0.150000999999996
2  1478 39 0 0 0.150000999999996
0

0101000
+87 0 -85 0 *
Ve
1e-07
56.127453 -12.791101 0
0 0

0101101
*
Ed
 1e-07 1 1 0
1  1024 0 0 1.600001
2  1479 38 0 0 1.600001
2  1480 39 0 0 1.600001
0

0101000
+85 0 -83 0 *
Ve
1e-07
56.277454 -12.791101 0
0 0

0101101
*
Ed
 1e-07 1 1 0
1  1025 0 0 0.150000999999996
2  1481 38 0 0 0.150000999999996
2  1482 39 0 0 0.150000999999996
0

0101000
+83 0 -81 0 *
Ve
1e-07
56.277454 -11.091102 0
0 0

0101101
*
Ed
 1e-07 1 1 0
1  1026 0 0 1.699999
2  1483 38 0 0 1.699999
2  1484 39 0 0 1.699999
0

0101000
+81 0 -79 0 *
Ve
1e-07
56.127453 -11.091102 0
0 0

0101101
*
Ed
 1e-07 1 1 0
1  1027 0 0 0.150000999999996
2  1485 38 0 0 0.150000999999996
2  1486 39 0 0 0.150000999999996
0

0101000
+79 0 -77 0 *
Ve
1e-07
56.127453 -10.391102 0
0 0

0101101
*
Ed
 1e-07 1 1 0
1  1028 0 0 0.699999999999999
2  1487 38 0 0 0.699999999999999
2  1488 39 0 0 0.699999999999999
0

0101000
+77 0 -75 0 *
Ve
1e-07
55.491646 -10.391102 0
0 0

0101101
*
Ed
 1e-07 1 1 0
1  1029 0 0 0.635807
2  1489 38 0 0 0.635807
2  1490 39 0 0 0.635807
0

0101000
+75 0 -73 0 *
Ve
1e-07
55.491646 -10.291101 0
0 0

0101101
*
Ed
 1e-07 1 1 0
1  1030 0 0 0.100001000000001
2  1491 38 0 0 0.100001000000001
2  1492 39 0 0 0.100001000000001
0

0101000
+73 0 -71 0 *
Ve
1e-07
52.491646 -10.291101 0
0 0

0101101
*
Ed
 1e-07 1 1 0
1  1031 0 0 3
2  1493 38 0 0 3
2  1494 39 0 0 3
0

0101000
+71 0 -69 0 *
Ve
1e-07
52.491646 -10.391102 0
0 0

0101101
*
Ed
 1e-07 1 1 0
1  1032 0 0 0.100001000000001
2  1495 38 0 0 0.100001000000001
2  1496 39 0 0 0.100001000000001
0

0101000
+69 0 -67 0 *
Ve
1e-07
51.791645 -10.391102 0
0 0

0101101
*
Ed
 1e-07 1 1 0
1  1033 0 0 0.700001
2  1497 38 0 0 0.700001
2  1498 39 0 0 0.700001
0

0101000
+67 0 -65 0 *
Ve
1e-07
51.791645 -10.541101 0
0 0

0101101
*
Ed
 1e-07 1 1 0
1  1034 0 0 0.149998999999999
2  1499 38 0 0 0.149998999999999
2  1500 39 0 0 0.149998999999999
0

0101000
+65 0 -63 0 *
Ve
1e-07
50.991646 -10.541101 0
0 0

0101101
*
Ed
 1e-07 1 1 0
1  1035 0 0 0.799999
2  1501 38 0 0 0.799999
2  1502 39 0 0 0.799999
0

0101000
+63 0 -61 0 *
Ve
1e-07
50.991646 -9.891102 0
0 0

0101101
*
Ed
 1e-07 1 1 0
1  1036 0 0 0.649998999999999
2  1503 38 0 0 0.649998999999999
2  1504 39 0 0 0.649998999999999
0

0101000
+61 0 -59 0 *
Ve
1e-07
51.477455 -9.891102 0
0 0

0101101
*
Ed
 1e-07 1 1 0
1  1037 0 0 0.485808999999996
2  1505 38 0 0 0.485808999999996
2  1506 39 0 0 0.485808999999996
0

0101000
+59 0 -57 0 *
Ve
1e-07
51.477455 -8.863573 0
0 0

0101101
*
Ed
 1e-07 1 1 0
1  1038 0 0 1.027529
2  1507 38 0 0 1.027529
2  1508 39 0 0 1.027529
0

0101000
+57 0 -55 0 *
Ve
1e-07
51.877453 -8.863573 0
0 0

0101101
*
Ed
 1e-07 1 1 0
1  1039 0 0 0.399998000000004
2  1509 38 0 0 0.399998000000004
2  1510 39 0 0 0.399998000000004
0

0101000
+55 0 -53 0 *
Ve
1e-07
51.877453 -9.891102 0
0 0

0101101
*
Ed
 1e-07 1 1 0
1  1040 0 0 1.027529
2  1511 38 0 0 1.027529
2  1512 39 0 0 1.027529
0

0101000
+53 0 -51 0 *
Ve
1e-07
56.277454 -9.891102 0
0 0

0101101
*
Ed
 1e-07 1 1 0
1  1041 0 0 4.400001
2  1513 38 0 0 4.400001
2  1514 39 0 0 4.400001
0

0101000
+51 0 -49 0 *
Ve
1e-07
56.277454 -6.936044 0
0 0

0101101
*
Ed
 1e-07 1 1 0
1  1042 0 0 2.955058
2  1515 38 0 0 2.955058
2  1516 39 0 0 2.955058
0

0101000
+49 0 -47 0 *
Ve
1e-07
51.877453 -6.936044 0
0 0

0101101
*
Ed
 1e-07 1 1 0
1  1043 0 0 4.400001
2  1517 38 0 0 4.400001
2  1518 39 0 0 4.400001
0

0101000
+47 0 -45 0 *
Ve
1e-07
51.877453 -7.963573 0
0 0

0101101
*
Ed
 1e-07 1 1 0
1  1044 0 0 1.027529
2  1519 38 0 0 1.027529
2  1520 39 0 0 1.027529
0

0101000
+45 0 -43 0 *
Ve
1e-07
51.477455 -7.963573 0
0 0

0101101
*
Ed
 1e-07 1 1 0
1  1045 0 0 0.399998000000004
2  1521 38 0 0 0.399998000000004
2  1522 39 0 0 0.399998000000004
0

0101000
+43 0 -41 0 *
Ve
1e-07
51.477455 -6.936044 0
0 0

0101101
*
Ed
 1e-07 1 1 0
1  1046 0 0 1.027529
2  1523 38 0 0 1.027529
2  1524 39 0 0 1.027529
0

0101000
+41 0 -39 0 *
Ve
1e-07
50.991646 -6.936044 0
0 0

0101101
*
Ed
 1e-07 1 1 0
1  1047 0 0 0.485808999999996
2  1525 38 0 0 0.485808999999996
2  1526 39 0 0 0.485808999999996
0

0101000
+39 0 -37 0 *
Ve
1e-07
50.991646 -6.339381 0
0 0

0101101
*
Ed
 1e-07 1 1 0
1  1048 0 0 0.596662999999999
2  1527 38 0 0 0.596662999999999
2  1528 39 0 0 0.596662999999999
0

0101000
+37 0 -35 0 *
Ve
1e-07
56.977455 -6.339381 0
0 0

0101101
*
Ed
 1e-07 1 1 0
1  1049 0 0 5.985809
2  1529 38 0 0 5.985809
2  1530 39 0 0 5.985809
0

0101000
+35 0 -33 0 *
Ve
1e-07
56.977455 -9.939381 0
0 0

0101101
*
Ed
 1e-07 1 1 0
1  1050 0 0 3.6
2  1531 38 0 0 3.6
2  1532 39 0 0 3.6
0

0101000
+33 0 -31 0 *
Ve
1e-07
58.049999 -9.939381 0
0 0

0101101
*
Ed
 1e-07 1 1 0
1  1051 0 0 1.072544
2  1533 38 0 0 1.072544
2  1534 39 0 0 1.072544
0

0101000
+31 0 -29 0 *
Ve
1e-07
58.049999 -10.391102 0
0 0

0101101
*
Ed
 1e-07 1 1 0
1  1052 0 0 0.451721000000001
2  1535 38 0 0 0.451721000000001
2  1536 39 0 0 0.451721000000001
0

0101000
+29 0 -27 0 *
Ve
1e-07
56.977455 -10.391102 0
0 0

0101101
*
Ed
 1e-07 1 1 0
1  1053 0 0 1.072544
2  1537 38 0 0 1.072544
2  1538 39 0 0 1.072544
0

0101000
+27 0 -25 0 *
Ve
1e-07
56.977455 -12.891102 0
0 0

0101101
*
Ed
 1e-07 1 1 0
1  1054 0 0 2.5
2  1539 38 0 0 2.5
2  1540 39 0 0 2.5
0

0101000
+25 0 -23 0 *
Ve
1e-07
63.022545 -12.891102 0
0 0

0101101
*
Ed
 1e-07 1 1 0
1  1055 0 0 6.04509
2  1541 38 0 0 6.04509
2  1542 39 0 0 6.04509
0

0101000
+23 0 -21 0 *
Ve
1e-07
63.022545 -10.391102 0
0 0

0101101
*
Ed
 1e-07 1 1 0
1  1056 0 0 2.5
2  1543 38 0 0 2.5
2  1544 39 0 0 2.5
0

0101000
+21 0 -19 0 *
Ve
1e-07
61.950001 -10.391102 0
0 0

0101101
*
Ed
 1e-07 1 1 0
1  1057 0 0 1.072544
2  1545 38 0 0 1.072544
2  1546 39 0 0 1.072544
0

0101000
+19 0 -17 0 *
Ve
1e-07
61.950001 -9.939381 0
0 0

0101101
*
Ed
 1e-07 1 1 0
1  1058 0 0 0.451721000000001
2  1547 38 0 0 0.451721000000001
2  1548 39 0 0 0.451721000000001
0

0101000
+17 0 -15 0 *
Ve
1e-07
63.022545 -9.939381 0
0 0

0101101
*
Ed
 1e-07 1 1 0
1  1059 0 0 1.072544
2  1549 38 0 0 1.072544
2  1550 39 0 0 1.072544
0

0101000
+15 0 -13 0 *
Ve
1e-07
63.022545 -6.339381 0
0 0

0101101
*
Ed
 1e-07 1 1 0
1  1060 0 0 3.6
2  1551 38 0 0 3.6
2  1552 39 0 0 3.6
0

0101000
+13 0 -11 0 *
Ve
1e-07
69.008354 -6.339381 0
0 0

0101101
*
Ed
 1e-07 1 1 0
1  1061 0 0 5.985809
2  1553 38 0 0 5.985809
2  1554 39 0 0 5.985809
0

0101000
+11 0 -9 0 *
Ve
1e-07
69.008354 -6.936044 0
0 0

0101101
*
Ed
 1e-07 1 1 0
1  1062 0 0 0.596662999999999
2  1555 38 0 0 0.596662999999999
2  1556 39 0 0 0.596662999999999
0

0101000
+9 0 -7 0 *
Ve
1e-07
68.522545 -6.936044 0
0 0

0101101
*
Ed
 1e-07 1 1 0
1  1063 0 0 0.485809000000003
2  1557 38 0 0 0.485809000000003
2  1558 39 0 0 0.485809000000003
0

0101000
+7 0 -5 0 *
Ed
 1e-07 1 1 0
1  1064 0 0 1.027529
2  1559 38 0 0 1.027529
2  1560 39 0 0 1.027529
0

0101000
+5 0 -178 0 *
Wi

0101100
+176 0 +174 0 +172 0 +170 0 +168 0 +166 0 +164 0 +162 0 +160 0 +158 0 
+156 0 +154 0 +152 0 +150 0 +148 0 +146 0 +144 0 +142 0 +140 0 +138 0 
+136 0 +134 0 +132 0 +130 0 +128 0 +126 0 +124 0 +122 0 +120 0 +118 0 
+116 0 +114 0 +112 0 +110 0 +108 0 +106 0 +104 0 +102 0 +100 0 +98 0 
+96 0 +94 0 +92 0 +90 0 +88 0 +86 0 +84 0 +82 0 +80 0 +78 0 
+76 0 +74 0 +72 0 +70 0 +68 0 +66 0 +64 0 +62 0 +60 0 +58 0 
+56 0 +54 0 +52 0 +50 0 +48 0 +46 0 +44 0 +42 0 +40 0 +38 0 
+36 0 +34 0 +32 0 +30 0 +28 0 +26 0 +24 0 +22 0 +20 0 +18 0 
+16 0 +14 0 +12 0 +10 0 +8 0 +6 0 +4 0 +3 0 *
Fa
0  1e-07 1 0

1111000
+1581 0 +1572 0 +1563 0 +1526 0 +1489 0 +1452 0 +1415 0 +1338 0 +1261 0 +1184 0 
+1107 0 +1098 0 +977 0 +856 0 +731 0 +606 0 +481 0 +356 0 +179 0 +2 0 
*

+1 0 