# Rhino

g object_1
v 41.601749420166016 0 36.327857971191406
v 41.601749420166016 0 23.117729187011719
v 41.601749420166016 0 16.512662887573242
v 41.601749420166016 0 9.907597541809082
v 41.601749420166016 0 3.3025326728820801
v 41.601749420166016 0 -3.3025326728820801
v 41.601749420166016 0 -9.907597541809082
v 41.601749420166016 0 -16.512662887573242
v 41.601749420166016 0 -23.117729187011719
v 41.601749420166016 0 -36.327857971191406
v 47.734500885009766 0 23.117729187011719
v 47.734500885009766 0 16.512662887573242
v 47.734500885009766 0 -16.512662887573242
v 47.734500885009766 0 -23.117729187011719
v 53.86724853515625 0 36.327857971191406
v 53.86724853515625 0 23.117729187011719
v 53.86724853515625 0 16.512662887573242
v 53.86724853515625 0 -16.512662887573242
v 53.86724853515625 0 -23.117729187011719
v 53.86724853515625 0 -36.327857971191406
v 60 0 16.512662887573242
v 60 0 -16.512662887573242
v 66.13275146484375 0 36.327857971191406
v 66.13275146484375 0 23.117729187011719
v 66.13275146484375 0 16.512662887573242
v 66.13275146484375 0 -16.512662887573242
v 66.13275146484375 0 -23.117729187011719
v 66.13275146484375 0 -36.327857971191406
v 72.2655029296875 0 23.117729187011719
v 72.2655029296875 0 16.512662887573242
v 72.2655029296875 0 -16.512662887573242
v 72.2655029296875 0 -23.117729187011719
v 78.398246765136719 0 36.327857971191406
v 78.398246765136719 0 23.117729187011719
v 78.398246765136719 0 16.512662887573242
v 78.398246765136719 0 9.907597541809082
v 78.398246765136719 0 3.3025326728820801
v 78.398246765136719 0 -3.3025326728820801
v 78.398246765136719 0 -9.907597541809082
v 78.398246765136719 0 -16.512662887573242
v 78.398246765136719 0 -23.117729187011719
v 78.398246765136719 0 -36.327857971191406
v 35.950000762939453 0 0
v 35.950000762939453 0 4.5415859222412109
v 35.950000762939453 0 9.0831718444824219
v 35.950000762939453 0 13.624757766723633
v 35.950000762939453 0 18.166343688964844
v 35.950000762939453 0 22.707929611206055
v 35.950000762939453 0 27.249515533447266
v 35.950000762939453 0 31.791101455688477
v 38.700000762939453 0 31.791101455688477
v 41.450000762939453 0 31.791101455688477
v 41.450000762939453 0 31.391101837158203
v 41.601749420166016 0 33.025325775146484
v 40.068561553955078 0 33.025325775146484
v 40.068561553955078 0 31.374059677124023
v 47.734500885009766 0 33.025325775146484
v 44.668125152587891 0 36.327857971191406
v 44.668125152587891 0 33.025325775146484
v 41.601749420166016 0 26.420261383056641
v 38.535373687744141 0 23.117729187011719
v 38.535373687744141 0 26.420261383056641
v 40.835155487060547 0 31.374059677124023
v 40.835155487060547 0 33.025325775146484
v 41.601749420166016 0 34.676593780517578
v 40.068561553955078 0 36.327857971191406
v 40.068561553955078 0 34.676593780517578
v 41.601749420166016 0 39.630390167236328
v 44.668125152587891 0 31.374059677124023
v 43.134937286376953 0 33.025325775146484
v 43.134937286376953 0 31.374059677124023
v 47.734500885009766 0 26.420261383056641
v 44.668125152587891 0 23.117729187011719
v 44.668125152587891 0 26.420261383056641
v 41.849998474121094 0 31.391101837158203
v 42.368343353271484 0 31.374059677124023
v 42.368343353271484 0 33.025325775146484
v 44.668125152587891 0 34.676593780517578
v 43.134937286376953 0 36.327857971191406
v 43.134937286376953 0 34.676593780517578
v 47.734500885009766 0 39.630390167236328
v 44.668125152587891 0 39.630390167236328
v 41.849998474121094 0 31.791101455688477
v 45.349998474121094 0 31.791101455688477
v 45.349998474121094 0 32.291103363037109
v 47.734500885009766 0 31.374059677124023
v 46.201313018798828 0 33.025325775146484
v 46.201313018798828 0 31.374059677124023
v 53.86724853515625 0 33.025325775146484
v 50.800876617431641 0 33.025325775146484
v 45.434719085693359 0 31.374059677124023
v 45.434719085693359 0 33.025325775146484
v 47.734500885009766 0 34.676593780517578
v 46.201313018798828 0 36.327857971191406
v 46.201313018798828 0 34.676593780517578
v 41.950000762939453 0 32.291103363037109
v 38.549999237060547 0 32.291103363037109
v 38.549999237060547 0 36.891101837158203
v 43.450000762939453 0 36.891101837158203
v 43.450000762939453 0 37.291103363037109
v 44.668125152587891 0 37.9791259765625
v 41.601749420166016 0 37.9791259765625
v 43.134937286376953 0 39.630390167236328
v 43.134937286376953 0 37.9791259765625
v 43.901531219482422 0 36.327857971191406
v 43.901531219482422 0 37.9791259765625
v 47.734500885009766 0 37.9791259765625
v 46.201313018798828 0 39.630390167236328
v 46.201313018798828 0 37.9791259765625
v 53.86724853515625 0 39.630390167236328
v 38.549999237060547 0 37.291103363037109
v 38.549999237060547 0 42.091102600097656
v 43.450000762939453 0 42.091102600097656
v 48.349998474121094 0 42.091102600097656
v 48.349998474121094 0 38.841102600097656
v 48.75 0 38.841102600097656
v 49.267688751220703 0 37.9791259765625
v 49.267688751220703 0 38.804759979248047
v 47.734500885009766 0 38.804759979248047
v 47.734500885009766 0 41.281658172607422
v 49.267688751220703 0 41.281658172607422
v 48.75 0 39.491100311279297
v 48.75 0 39.891101837158203
v 49.267688751220703 0 40.456024169921875
v 47.734500885009766 0 40.456024169921875
v 44.668125152587891 0 41.281658172607422
v 46.201313018798828 0 41.281658172607422
v 48.75 0 42.091102600097656
v 50.25 0 42.091102600097656
v 50.25 0 39.891101837158203
v 49.650001525878906 0 39.891101837158203
v 49.650001525878906 0 39.491100311279297
v 50.034282684326172 0 41.281658172607422
v 50.034282684326172 0 40.456024169921875
v 56.933624267578125 0 36.327857971191406
v 50.034282684326172 0 37.9791259765625
v 50.034282684326172 0 38.804759979248047
v 53.86724853515625 0 37.9791259765625
v 50.25 0 39.491100311279297
v 50.25 0 37.291103363037109
v 48.75 0 37.291103363037109
v 48.75 0 37.94110107421875
v 48.349998474121094 0 37.94110107421875
v 50.800876617431641 0 34.676593780517578
v 49.267688751220703 0 33.025325775146484
v 49.267688751220703 0 34.676593780517578
v 48.349998474121094 0 37.291103363037109
v 44.349998474121094 0 37.291103363037109
v 44.349998474121094 0 36.891101837158203
v 46.650001525878906 0 36.891101837158203
v 46.650001525878906 0 36.591102600097656
v 46.967906951904297 0 37.9791259765625
v 47.049999237060547 0 36.591102600097656
v 47.049999237060547 0 36.891101837158203
v 48.849998474121094 0 36.891101837158203
v 48.849998474121094 0 36.591102600097656
v 49.25 0 36.591102600097656
v 49.25 0 36.891101837158203
v 50.650001525878906 0 36.891101837158203
v 50.650001525878906 0 37.291103363037109
v 50.650001525878906 0 42.091102600097656
v 53.25 0 42.091102600097656
v 53.25 0 37.291103363037109
v 51.549999237060547 0 37.291103363037109
v 51.549999237060547 0 36.891101837158203
v 53.86724853515625 0 34.676593780517578
v 52.334060668945312 0 33.025325775146484
v 52.334060668945312 0 34.676593780517578
v 56.933624267578125 0 33.025325775146484
v 53.650001525878906 0 36.891101837158203
v 53.650001525878906 0 37.291103363037109
v 56.933624267578125 0 37.9791259765625
v 55.400436401367188 0 36.327857971191406
v 55.400436401367188 0 39.630390167236328
v 55.400436401367188 0 37.9791259765625
v 53.650001525878906 0 42.091102600097656
v 56.25 0 42.091102600097656
v 56.25 0 37.291103363037109
v 54.549999237060547 0 37.291103363037109
v 54.549999237060547 0 36.891101837158203
v 54.633842468261719 0 36.327857971191406
v 54.633842468261719 0 37.9791259765625
v 56.933624267578125 0 34.676593780517578
v 56.25 0 36.891101837158203
v 56.25 0 36.591102600097656
v 56.933624267578125 0 37.153491973876953
v 58.466812133789062 0 36.327857971191406
v 58.466812133789062 0 39.630390167236328
v 58.466812133789062 0 37.9791259765625
v 66.13275146484375 0 39.630390167236328
v 63.066375732421875 0 36.327857971191406
v 56.650001525878906 0 36.591102600097656
v 56.650001525878906 0 39.341102600097656
v 56.650001525878906 0 42.091102600097656
v 59.650001525878906 0 42.091102600097656
v 59.650001525878906 0 38.741100311279297
v 59.650001525878906 0 35.391101837158203
v 56.650001525878906 0 35.391101837158203
v 56.650001525878906 0 35.69110107421875
v 56.167030334472656 0 34.676593780517578
v 55.400436401367188 0 35.502223968505859
v 58.466812133789062 0 33.025325775146484
v 58.466812133789062 0 34.676593780517578
v 66.13275146484375 0 33.025325775146484
v 63.066375732421875 0 33.025325775146484
v 56.25 0 35.69110107421875
v 56.25 0 35.391101837158203
v 55.450000762939453 0 35.391101837158203
v 55.450000762939453 0 34.791103363037109
v 55.849998474121094 0 34.791103363037109
v 55.849998474121094 0 34.991100311279297
v 56.933624267578125 0 33.850959777832031
v 56.167030334472656 0 33.025325775146484
v 56.167030334472656 0 33.850959777832031
v 56.933624267578125 0 31.374059677124023
v 53.86724853515625 0 31.374059677124023
v 55.400436401367188 0 31.374059677124023
v 53.86724853515625 0 26.420261383056641
v 54.633842468261719 0 34.676593780517578
v 53.86724853515625 0 35.502223968505859
v 54.633842468261719 0 35.502223968505859
v 59.650001525878906 0 34.991100311279297
v 59.650001525878906 0 32.291103363037109
v 55.849998474121094 0 32.291103363037109
v 55.849998474121094 0 33.891101837158203
v 55.450000762939453 0 33.891101837158203
v 55.450000762939453 0 32.291103363037109
v 53.150001525878906 0 32.291103363037109
v 53.150001525878906 0 31.791101455688477
v 50.800876617431641 0 31.374059677124023
v 52.334060668945312 0 31.374059677124023
v 50.800876617431641 0 23.117729187011719
v 50.800876617431641 0 26.420261383056641
v 53.100654602050781 0 31.374059677124023
v 53.100654602050781 0 33.025325775146484
v 56.575000762939453 0 31.791101455688477
v 60 0 31.791101455688477
v 63.424999237060547 0 31.791101455688477
v 66.849998474121094 0 31.791101455688477
v 66.849998474121094 0 32.291103363037109
v 72.2655029296875 0 33.025325775146484
v 69.199127197265625 0 33.025325775146484
v 69.199127197265625 0 31.374059677124023
v 66.13275146484375 0 31.374059677124023
v 67.665939331054688 0 33.025325775146484
v 67.665939331054688 0 31.374059677124023
v 72.2655029296875 0 26.420261383056641
v 69.199127197265625 0 23.117729187011719
v 66.13275146484375 0 26.420261383056641
v 69.199127197265625 0 26.420261383056641
v 66.899345397949219 0 31.374059677124023
v 66.899345397949219 0 33.025325775146484
v 63.066375732421875 0 31.374059677124023
v 64.599563598632812 0 31.374059677124023
v 69.199127197265625 0 34.676593780517578
v 66.13275146484375 0 34.676593780517578
v 67.665939331054688 0 34.676593780517578
v 72.2655029296875 0 39.630390167236328
v 64.550003051757812 0 32.291103363037109
v 64.550003051757812 0 33.891101837158203
v 64.150001525878906 0 33.891101837158203
v 63.066375732421875 0 34.676593780517578
v 64.599563598632812 0 36.327857971191406
v 63.832969665527344 0 33.025325775146484
v 63.066375732421875 0 33.850959777832031
v 63.832969665527344 0 34.676593780517578
v 63.832969665527344 0 33.850959777832031
v 61.533187866210938 0 33.025325775146484
v 61.533187866210938 0 36.327857971191406
v 61.533187866210938 0 34.676593780517578
v 64.150001525878906 0 32.291103363037109
v 60.349998474121094 0 32.291103363037109
v 60.349998474121094 0 34.991100311279297
v 64.150001525878906 0 34.991100311279297
v 64.150001525878906 0 34.791103363037109
v 64.599563598632812 0 35.502223968505859
v 66.13275146484375 0 37.9791259765625
v 63.066375732421875 0 37.9791259765625
v 64.599563598632812 0 39.630390167236328
v 64.599563598632812 0 37.9791259765625
v 66.13275146484375 0 35.502223968505859
v 65.366157531738281 0 34.676593780517578
v 65.366157531738281 0 36.327857971191406
v 65.366157531738281 0 35.502223968505859
v 64.550003051757812 0 34.791103363037109
v 64.550003051757812 0 35.391101837158203
v 63.75 0 35.391101837158203
v 63.75 0 35.69110107421875
v 63.349998474121094 0 35.69110107421875
v 63.349998474121094 0 35.391101837158203
v 60.349998474121094 0 35.391101837158203
v 60.349998474121094 0 38.741100311279297
v 60.349998474121094 0 42.091102600097656
v 63.349998474121094 0 42.091102600097656
v 63.349998474121094 0 39.341102600097656
v 63.349998474121094 0 36.591102600097656
v 63.75 0 36.591102600097656
v 63.066375732421875 0 37.153491973876953
v 61.533187866210938 0 39.630390167236328
v 61.533187866210938 0 37.9791259765625
v 63.75 0 36.891101837158203
v 65.449996948242188 0 36.891101837158203
v 65.449996948242188 0 37.291103363037109
v 65.366157531738281 0 37.9791259765625
v 63.75 0 37.291103363037109
v 63.75 0 42.091102600097656
v 66.349998474121094 0 42.091102600097656
v 66.349998474121094 0 37.291103363037109
v 66.349998474121094 0 36.891101837158203
v 68.449996948242188 0 36.891101837158203
v 68.449996948242188 0 37.291103363037109
v 72.2655029296875 0 37.9791259765625
v 70.732315063476562 0 37.9791259765625
v 78.398246765136719 0 39.630390167236328
v 75.331878662109375 0 36.327857971191406
v 75.331878662109375 0 39.630390167236328
v 66.75 0 37.291103363037109
v 66.75 0 42.091102600097656
v 69.349998474121094 0 42.091102600097656
v 69.349998474121094 0 37.291103363037109
v 69.349998474121094 0 36.891101837158203
v 69.965721130371094 0 37.9791259765625
v 72.2655029296875 0 34.676593780517578
v 70.732315063476562 0 33.025325775146484
v 70.732315063476562 0 34.676593780517578
v 78.398246765136719 0 33.025325775146484
v 75.331878662109375 0 33.025325775146484
v 70.75 0 36.891101837158203
v 70.75 0 36.591102600097656
v 75.331878662109375 0 37.9791259765625
v 73.798690795898438 0 36.327857971191406
v 73.798690795898438 0 39.630390167236328
v 73.798690795898438 0 37.9791259765625
v 71.150001525878906 0 36.591102600097656
v 71.150001525878906 0 36.891101837158203
v 72.949996948242188 0 36.891101837158203
v 72.949996948242188 0 36.591102600097656
v 73.032096862792969 0 37.9791259765625
v 75.331878662109375 0 34.676593780517578
v 73.798690795898438 0 33.025325775146484
v 73.798690795898438 0 34.676593780517578
v 73.349998474121094 0 36.591102600097656
v 73.349998474121094 0 36.891101837158203
v 75.650001525878906 0 36.891101837158203
v 75.650001525878906 0 37.291103363037109
v 78.398246765136719 0 37.9791259765625
v 76.865058898925781 0 36.327857971191406
v 76.865058898925781 0 39.630390167236328
v 76.865058898925781 0 37.9791259765625
v 76.098464965820312 0 36.327857971191406
v 76.098464965820312 0 37.9791259765625
v 78.398246765136719 0 34.676593780517578
v 76.865058898925781 0 33.025325775146484
v 76.865058898925781 0 34.676593780517578
v 71.650001525878906 0 37.291103363037109
v 71.650001525878906 0 37.94110107421875
v 71.25 0 37.94110107421875
v 71.25 0 37.291103363037109
v 69.75 0 37.291103363037109
v 69.75 0 39.491100311279297
v 70.349998474121094 0 39.491100311279297
v 70.349998474121094 0 39.891101837158203
v 70.732315063476562 0 38.804759979248047
v 69.965721130371094 0 38.804759979248047
v 72.2655029296875 0 41.281658172607422
v 70.732315063476562 0 41.281658172607422
v 70.732315063476562 0 40.456024169921875
v 69.965721130371094 0 41.281658172607422
v 69.965721130371094 0 40.456024169921875
v 69.75 0 39.891101837158203
v 69.75 0 42.091102600097656
v 71.25 0 42.091102600097656
v 71.25 0 39.891101837158203
v 71.25 0 39.491100311279297
v 72.2655029296875 0 40.456024169921875
v 75.331878662109375 0 41.281658172607422
v 73.798690795898438 0 41.281658172607422
v 72.2655029296875 0 38.804759979248047
v 71.25 0 38.841102600097656
v 71.650001525878906 0 38.841102600097656
v 71.650001525878906 0 42.091102600097656
v 76.550003051757812 0 42.091102600097656
v 81.449996948242188 0 42.091102600097656
v 81.449996948242188 0 37.291103363037109
v 76.550003051757812 0 37.291103363037109
v 76.550003051757812 0 36.891101837158203
v 81.449996948242188 0 36.891101837158203
v 81.449996948242188 0 32.291103363037109
v 78.050003051757812 0 32.291103363037109
v 74.650001525878906 0 32.291103363037109
v 74.650001525878906 0 31.791101455688477
v 75.331878662109375 0 31.374059677124023
v 72.2655029296875 0 31.374059677124023
v 73.798690795898438 0 31.374059677124023
v 78.398246765136719 0 26.420261383056641
v 75.331878662109375 0 23.117729187011719
v 75.331878662109375 0 26.420261383056641
v 74.565284729003906 0 31.374059677124023
v 74.565284729003906 0 33.025325775146484
v 76.865058898925781 0 31.374059677124023
v 78.150001525878906 0 31.791101455688477
v 78.150001525878906 0 31.391101837158203
v 77.63165283203125 0 31.374059677124023
v 77.63165283203125 0 33.025325775146484
v 79.931434631347656 0 33.025325775146484
v 79.931434631347656 0 31.374059677124023
v 81.464622497558594 0 23.117729187011719
v 81.464622497558594 0 26.420261383056641
v 78.550003051757812 0 31.391101837158203
v 79.164840698242188 0 31.374059677124023
v 79.164840698242188 0 33.025325775146484
v 79.931434631347656 0 36.327857971191406
v 79.931434631347656 0 34.676593780517578
v 78.550003051757812 0 31.791101455688477
v 81.300003051757812 0 31.791101455688477
v 84.050003051757812 0 31.791101455688477
v 84.050003051757812 0 27.249515533447266
v 84.050003051757812 0 22.707929611206055
v 84.050003051757812 0 18.166343688964844
v 84.050003051757812 0 13.624757766723633
v 84.050003051757812 0 9.0831718444824219
v 84.050003051757812 0 4.5415859222412109
v 84.050003051757812 0 0
v 84.050003051757812 0 -4.5415859222412109
v 84.050003051757812 0 -9.0831718444824219
v 84.050003051757812 0 -13.624757766723633
v 84.050003051757812 0 -18.166343688964844
v 84.050003051757812 0 -22.707929611206055
v 84.050003051757812 0 -27.249515533447266
v 84.050003051757812 0 -31.791101455688477
v 81.300003051757812 0 -31.791101455688477
v 78.550003051757812 0 -31.791101455688477
v 78.550003051757812 0 -31.391101837158203
v 78.398246765136719 0 -33.025325775146484
v 79.931434631347656 0 -33.025325775146484
v 79.931434631347656 0 -31.374059677124023
v 75.331878662109375 0 -36.327857971191406
v 72.2655029296875 0 -33.025325775146484
v 75.331878662109375 0 -33.025325775146484
v 78.398246765136719 0 -26.420261383056641
v 81.464622497558594 0 -23.117729187011719
v 81.464622497558594 0 -26.420261383056641
v 79.164840698242188 0 -33.025325775146484
v 79.164840698242188 0 -31.374059677124023
v 79.931434631347656 0 -36.327857971191406
v 78.398246765136719 0 -34.676593780517578
v 79.931434631347656 0 -34.676593780517578
v 78.398246765136719 0 -39.630390167236328
v 76.865058898925781 0 -33.025325775146484
v 75.331878662109375 0 -31.374059677124023
v 76.865058898925781 0 -31.374059677124023
v 72.2655029296875 0 -26.420261383056641
v 75.331878662109375 0 -23.117729187011719
v 75.331878662109375 0 -26.420261383056641
v 78.150001525878906 0 -31.391101837158203
v 77.63165283203125 0 -33.025325775146484
v 77.63165283203125 0 -31.374059677124023
v 76.865058898925781 0 -36.327857971191406
v 75.331878662109375 0 -34.676593780517578
v 76.865058898925781 0 -34.676593780517578
v 72.2655029296875 0 -39.630390167236328
v 75.331878662109375 0 -39.630390167236328
v 78.150001525878906 0 -31.791101455688477
v 74.650001525878906 0 -31.791101455688477
v 74.650001525878906 0 -32.291103363037109
v 73.798690795898438 0 -33.025325775146484
v 72.2655029296875 0 -31.374059677124023
v 73.798690795898438 0 -31.374059677124023
v 66.13275146484375 0 -33.025325775146484
v 69.199127197265625 0 -33.025325775146484
v 74.565284729003906 0 -33.025325775146484
v 74.565284729003906 0 -31.374059677124023
v 73.798690795898438 0 -36.327857971191406
v 72.2655029296875 0 -34.676593780517578
v 73.798690795898438 0 -34.676593780517578
v 78.050003051757812 0 -32.291103363037109
v 81.449996948242188 0 -32.291103363037109
v 81.449996948242188 0 -36.891101837158203
v 76.550003051757812 0 -36.891101837158203
v 76.550003051757812 0 -37.291103363037109
v 78.398246765136719 0 -37.9791259765625
v 76.865058898925781 0 -39.630390167236328
v 75.331878662109375 0 -37.9791259765625
v 76.865058898925781 0 -37.9791259765625
v 76.098464965820312 0 -37.9791259765625
v 76.098464965820312 0 -36.327857971191406
v 73.798690795898438 0 -39.630390167236328
v 72.2655029296875 0 -37.9791259765625
v 73.798690795898438 0 -37.9791259765625
v 66.13275146484375 0 -39.630390167236328
v 81.449996948242188 0 -37.291103363037109
v 81.449996948242188 0 -42.091102600097656
v 76.550003051757812 0 -42.091102600097656
v 71.650001525878906 0 -42.091102600097656
v 71.650001525878906 0 -38.841102600097656
v 71.25 0 -38.841102600097656
v 70.732315063476562 0 -37.9791259765625
v 72.2655029296875 0 -38.804759979248047
v 70.732315063476562 0 -38.804759979248047
v 72.2655029296875 0 -41.281658172607422
v 70.732315063476562 0 -41.281658172607422
v 71.25 0 -39.491100311279297
v 71.25 0 -39.891101837158203
v 72.2655029296875 0 -40.456024169921875
v 70.732315063476562 0 -40.456024169921875
v 75.331878662109375 0 -41.281658172607422
v 73.798690795898438 0 -41.281658172607422
v 71.25 0 -42.091102600097656
v 69.75 0 -42.091102600097656
v 69.75 0 -39.891101837158203
v 70.349998474121094 0 -39.891101837158203
v 70.349998474121094 0 -39.491100311279297
v 69.965721130371094 0 -41.281658172607422
v 69.965721130371094 0 -40.456024169921875
v 63.066375732421875 0 -36.327857971191406
v 69.965721130371094 0 -37.9791259765625
v 69.965721130371094 0 -38.804759979248047
v 66.13275146484375 0 -37.9791259765625
v 69.75 0 -39.491100311279297
v 69.75 0 -37.291103363037109
v 71.25 0 -37.291103363037109
v 71.25 0 -37.94110107421875
v 71.650001525878906 0 -37.94110107421875
v 69.199127197265625 0 -34.676593780517578
v 70.732315063476562 0 -33.025325775146484
v 70.732315063476562 0 -34.676593780517578
v 71.650001525878906 0 -37.291103363037109
v 75.650001525878906 0 -37.291103363037109
v 75.650001525878906 0 -36.891101837158203
v 73.349998474121094 0 -36.891101837158203
v 73.349998474121094 0 -36.591102600097656
v 73.032096862792969 0 -37.9791259765625
v 72.949996948242188 0 -36.591102600097656
v 72.949996948242188 0 -36.891101837158203
v 71.150001525878906 0 -36.891101837158203
v 71.150001525878906 0 -36.591102600097656
v 70.75 0 -36.591102600097656
v 70.75 0 -36.891101837158203
v 69.349998474121094 0 -36.891101837158203
v 69.349998474121094 0 -37.291103363037109
v 69.349998474121094 0 -42.091102600097656
v 66.75 0 -42.091102600097656
v 66.75 0 -37.291103363037109
v 68.449996948242188 0 -37.291103363037109
v 68.449996948242188 0 -36.891101837158203
v 66.13275146484375 0 -34.676593780517578
v 67.665939331054688 0 -33.025325775146484
v 67.665939331054688 0 -34.676593780517578
v 63.066375732421875 0 -33.025325775146484
v 66.349998474121094 0 -36.891101837158203
v 66.349998474121094 0 -37.291103363037109
v 64.599563598632812 0 -39.630390167236328
v 63.066375732421875 0 -37.9791259765625
v 64.599563598632812 0 -36.327857971191406
v 64.599563598632812 0 -37.9791259765625
v 66.349998474121094 0 -42.091102600097656
v 63.75 0 -42.091102600097656
v 63.75 0 -37.291103363037109
v 65.449996948242188 0 -37.291103363037109
v 65.449996948242188 0 -36.891101837158203
v 65.366157531738281 0 -37.9791259765625
v 65.366157531738281 0 -36.327857971191406
v 63.066375732421875 0 -34.676593780517578
v 63.75 0 -36.891101837158203
v 63.75 0 -36.591102600097656
v 63.066375732421875 0 -37.153491973876953
v 61.533187866210938 0 -39.630390167236328
v 61.533187866210938 0 -36.327857971191406
v 61.533187866210938 0 -37.9791259765625
v 53.86724853515625 0 -39.630390167236328
v 56.933624267578125 0 -36.327857971191406
v 63.349998474121094 0 -36.591102600097656
v 63.349998474121094 0 -39.341102600097656
v 63.349998474121094 0 -42.091102600097656
v 60.349998474121094 0 -42.091102600097656
v 60.349998474121094 0 -38.741100311279297
v 60.349998474121094 0 -35.391101837158203
v 63.349998474121094 0 -35.391101837158203
v 63.349998474121094 0 -35.69110107421875
v 64.599563598632812 0 -35.502223968505859
v 63.832969665527344 0 -34.676593780517578
v 61.533187866210938 0 -33.025325775146484
v 61.533187866210938 0 -34.676593780517578
v 53.86724853515625 0 -33.025325775146484
v 56.933624267578125 0 -33.025325775146484
v 63.75 0 -35.69110107421875
v 63.75 0 -35.391101837158203
v 64.550003051757812 0 -35.391101837158203
v 64.550003051757812 0 -34.791103363037109
v 64.150001525878906 0 -34.791103363037109
v 64.150001525878906 0 -34.991100311279297
v 63.066375732421875 0 -33.850959777832031
v 63.832969665527344 0 -33.025325775146484
v 63.832969665527344 0 -33.850959777832031
v 66.13275146484375 0 -31.374059677124023
v 63.066375732421875 0 -31.374059677124023
v 64.599563598632812 0 -31.374059677124023
v 66.13275146484375 0 -26.420261383056641
v 66.13275146484375 0 -35.502223968505859
v 65.366157531738281 0 -34.676593780517578
v 65.366157531738281 0 -35.502223968505859
v 60.349998474121094 0 -34.991100311279297
v 60.349998474121094 0 -32.291103363037109
v 64.150001525878906 0 -32.291103363037109
v 64.150001525878906 0 -33.891101837158203
v 64.550003051757812 0 -33.891101837158203
v 64.550003051757812 0 -32.291103363037109
v 66.849998474121094 0 -32.291103363037109
v 66.849998474121094 0 -31.791101455688477
v 69.199127197265625 0 -31.374059677124023
v 67.665939331054688 0 -31.374059677124023
v 69.199127197265625 0 -23.117729187011719
v 69.199127197265625 0 -26.420261383056641
v 66.899345397949219 0 -33.025325775146484
v 66.899345397949219 0 -31.374059677124023
v 63.424999237060547 0 -31.791101455688477
v 60 0 -31.791101455688477
v 56.575000762939453 0 -31.791101455688477
v 53.150001525878906 0 -31.791101455688477
v 53.150001525878906 0 -32.291103363037109
v 47.734500885009766 0 -33.025325775146484
v 50.800876617431641 0 -33.025325775146484
v 53.86724853515625 0 -31.374059677124023
v 52.334060668945312 0 -33.025325775146484
v 50.800876617431641 0 -31.374059677124023
v 52.334060668945312 0 -31.374059677124023
v 53.86724853515625 0 -26.420261383056641
v 47.734500885009766 0 -26.420261383056641
v 50.800876617431641 0 -23.117729187011719
v 50.800876617431641 0 -26.420261383056641
v 53.100654602050781 0 -33.025325775146484
v 53.100654602050781 0 -31.374059677124023
v 56.933624267578125 0 -31.374059677124023
v 55.400436401367188 0 -31.374059677124023
v 53.86724853515625 0 -34.676593780517578
v 50.800876617431641 0 -34.676593780517578
v 52.334060668945312 0 -34.676593780517578
v 47.734500885009766 0 -39.630390167236328
v 55.450000762939453 0 -32.291103363037109
v 55.450000762939453 0 -33.891101837158203
v 55.849998474121094 0 -33.891101837158203
v 56.933624267578125 0 -34.676593780517578
v 55.400436401367188 0 -36.327857971191406
v 56.933624267578125 0 -33.850959777832031
v 56.167030334472656 0 -34.676593780517578
v 56.167030334472656 0 -33.025325775146484
v 56.167030334472656 0 -33.850959777832031
v 58.466812133789062 0 -36.327857971191406
v 58.466812133789062 0 -33.025325775146484
v 58.466812133789062 0 -34.676593780517578
v 55.849998474121094 0 -32.291103363037109
v 59.650001525878906 0 -32.291103363037109
v 59.650001525878906 0 -34.991100311279297
v 55.849998474121094 0 -34.991100311279297
v 55.849998474121094 0 -34.791103363037109
v 55.400436401367188 0 -35.502223968505859
v 56.933624267578125 0 -37.9791259765625
v 55.400436401367188 0 -39.630390167236328
v 53.86724853515625 0 -37.9791259765625
v 55.400436401367188 0 -37.9791259765625
v 54.633842468261719 0 -36.327857971191406
v 53.86724853515625 0 -35.502223968505859
v 54.633842468261719 0 -34.676593780517578
v 54.633842468261719 0 -35.502223968505859
v 55.450000762939453 0 -34.791103363037109
v 55.450000762939453 0 -35.391101837158203
v 56.25 0 -35.391101837158203
v 56.25 0 -35.69110107421875
v 56.650001525878906 0 -35.69110107421875
v 56.650001525878906 0 -35.391101837158203
v 59.650001525878906 0 -35.391101837158203
v 59.650001525878906 0 -38.741100311279297
v 59.650001525878906 0 -42.091102600097656
v 56.650001525878906 0 -42.091102600097656
v 56.650001525878906 0 -39.341102600097656
v 56.650001525878906 0 -36.591102600097656
v 56.25 0 -36.591102600097656
v 56.933624267578125 0 -37.153491973876953
v 58.466812133789062 0 -39.630390167236328
v 58.466812133789062 0 -37.9791259765625
v 56.25 0 -36.891101837158203
v 54.549999237060547 0 -36.891101837158203
v 54.549999237060547 0 -37.291103363037109
v 54.633842468261719 0 -37.9791259765625
v 56.25 0 -37.291103363037109
v 56.25 0 -42.091102600097656
v 53.650001525878906 0 -42.091102600097656
v 53.650001525878906 0 -37.291103363037109
v 53.650001525878906 0 -36.891101837158203
v 51.549999237060547 0 -36.891101837158203
v 51.549999237060547 0 -37.291103363037109
v 47.734500885009766 0 -37.9791259765625
v 49.267688751220703 0 -37.9791259765625
v 41.601749420166016 0 -39.630390167236328
v 44.668125152587891 0 -36.327857971191406
v 44.668125152587891 0 -39.630390167236328
v 53.25 0 -37.291103363037109
v 53.25 0 -42.091102600097656
v 50.650001525878906 0 -42.091102600097656
v 50.650001525878906 0 -37.291103363037109
v 50.650001525878906 0 -36.891101837158203
v 50.034282684326172 0 -37.9791259765625
v 47.734500885009766 0 -34.676593780517578
v 49.267688751220703 0 -33.025325775146484
v 49.267688751220703 0 -34.676593780517578
v 41.601749420166016 0 -33.025325775146484
v 44.668125152587891 0 -33.025325775146484
v 49.25 0 -36.891101837158203
v 49.25 0 -36.591102600097656
v 46.201313018798828 0 -39.630390167236328
v 44.668125152587891 0 -37.9791259765625
v 46.201313018798828 0 -36.327857971191406
v 46.201313018798828 0 -37.9791259765625
v 48.849998474121094 0 -36.591102600097656
v 48.849998474121094 0 -36.891101837158203
v 47.049999237060547 0 -36.891101837158203
v 47.049999237060547 0 -36.591102600097656
v 46.967906951904297 0 -37.9791259765625
v 44.668125152587891 0 -34.676593780517578
v 46.201313018798828 0 -33.025325775146484
v 46.201313018798828 0 -34.676593780517578
v 46.650001525878906 0 -36.591102600097656
v 46.650001525878906 0 -36.891101837158203
v 44.349998474121094 0 -36.891101837158203
v 44.349998474121094 0 -37.291103363037109
v 43.134937286376953 0 -39.630390167236328
v 41.601749420166016 0 -37.9791259765625
v 43.134937286376953 0 -36.327857971191406
v 43.134937286376953 0 -37.9791259765625
v 43.901531219482422 0 -37.9791259765625
v 43.901531219482422 0 -36.327857971191406
v 41.601749420166016 0 -34.676593780517578
v 43.134937286376953 0 -33.025325775146484
v 43.134937286376953 0 -34.676593780517578
v 48.349998474121094 0 -37.291103363037109
v 48.349998474121094 0 -37.94110107421875
v 48.75 0 -37.94110107421875
v 48.75 0 -37.291103363037109
v 50.25 0 -37.291103363037109
v 50.25 0 -39.491100311279297
v 49.650001525878906 0 -39.491100311279297
v 49.650001525878906 0 -39.891101837158203
v 49.267688751220703 0 -38.804759979248047
v 50.034282684326172 0 -38.804759979248047
v 47.734500885009766 0 -41.281658172607422
v 49.267688751220703 0 -41.281658172607422
v 50.034282684326172 0 -41.281658172607422
v 49.267688751220703 0 -40.456024169921875
v 50.034282684326172 0 -40.456024169921875
v 50.25 0 -39.891101837158203
v 50.25 0 -42.091102600097656
v 48.75 0 -42.091102600097656
v 48.75 0 -39.891101837158203
v 48.75 0 -39.491100311279297
v 47.734500885009766 0 -40.456024169921875
v 44.668125152587891 0 -41.281658172607422
v 46.201313018798828 0 -41.281658172607422
v 47.734500885009766 0 -38.804759979248047
v 48.75 0 -38.841102600097656
v 48.349998474121094 0 -38.841102600097656
v 48.349998474121094 0 -42.091102600097656
v 43.450000762939453 0 -42.091102600097656
v 38.549999237060547 0 -42.091102600097656
v 38.549999237060547 0 -37.291103363037109
v 43.450000762939453 0 -37.291103363037109
v 43.450000762939453 0 -36.891101837158203
v 38.549999237060547 0 -36.891101837158203
v 38.549999237060547 0 -32.291103363037109
v 41.950000762939453 0 -32.291103363037109
v 45.349998474121094 0 -32.291103363037109
v 45.349998474121094 0 -31.791101455688477
v 47.734500885009766 0 -31.374059677124023
v 44.668125152587891 0 -31.374059677124023
v 46.201313018798828 0 -31.374059677124023
v 41.601749420166016 0 -26.420261383056641
v 44.668125152587891 0 -23.117729187011719
v 44.668125152587891 0 -26.420261383056641
v 45.434719085693359 0 -33.025325775146484
v 45.434719085693359 0 -31.374059677124023
v 43.134937286376953 0 -31.374059677124023
v 41.849998474121094 0 -31.791101455688477
v 41.849998474121094 0 -31.391101837158203
v 42.368343353271484 0 -33.025325775146484
v 42.368343353271484 0 -31.374059677124023
v 40.068561553955078 0 -33.025325775146484
v 40.068561553955078 0 -31.374059677124023
v 38.535373687744141 0 -23.117729187011719
v 38.535373687744141 0 -26.420261383056641
v 41.450000762939453 0 -31.391101837158203
v 40.835155487060547 0 -33.025325775146484
v 40.835155487060547 0 -31.374059677124023
v 40.068561553955078 0 -36.327857971191406
v 40.068561553955078 0 -34.676593780517578
v 41.450000762939453 0 -31.791101455688477
v 38.700000762939453 0 -31.791101455688477
v 35.950000762939453 0 -31.791101455688477
v 35.950000762939453 0 -27.249515533447266
v 35.950000762939453 0 -22.707929611206055
v 35.950000762939453 0 -18.166343688964844
v 35.950000762939453 0 -13.624757766723633
v 35.950000762939453 0 -9.0831718444824219
v 35.950000762939453 0 -4.5415859222412109
v 76.994163513183594 0 3.8393809795379639
v 72.745620727539062 0 3.8393809795379639
v 68.497077941894531 0 3.8393809795379639
v 64.248542785644531 0 3.8393809795379639
v 60 0 3.8393809795379639
v 55.751461029052734 0 3.8393809795379639
v 51.502918243408203 0 3.8393809795379639
v 47.254379272460938 0 3.8393809795379639
v 43.005836486816406 0 3.8393809795379639
v 43.005836486816406 0 0
v 43.005836486816406 0 -3.8393809795379639
v 47.254379272460938 0 -3.8393809795379639
v 51.502918243408203 0 -3.8393809795379639
v 55.751461029052734 0 -3.8393809795379639
v 60 0 -3.8393809795379639
v 64.248542785644531 0 -3.8393809795379639
v 68.497077941894531 0 -3.8393809795379639
v 72.745620727539062 0 -3.8393809795379639
v 76.994163513183594 0 -3.8393809795379639
v 76.994163513183594 0 0
v 58.950000762939453 0 -10.391101837158203
v 61.049999237060547 0 -10.391101837158203
v 53.86724853515625 0 -13.21013069152832
v 66.13275146484375 0 -13.21013069152832
v 61.049999237060547 0 -9.9393806457519531
v 60 0 -11.558864593505859
v 61.533187866210938 0 -11.558864593505859
v 60 0 -6.6050653457641602
v 61.533187866210938 0 -10.733230590820312
v 60.766593933105469 0 -11.558864593505859
v 60 0 -10.733230590820312
v 60.766593933105469 0 -10.733230590820312
v 58.466812133789062 0 -11.558864593505859
v 60 0 -8.2563314437866211
v 61.533187866210938 0 -6.6050653457641602
v 61.533187866210938 0 -8.2563314437866211
v 58.950000762939453 0 -9.9393806457519531
v 59.233406066894531 0 -11.558864593505859
v 58.466812133789062 0 -10.733230590820312
v 59.233406066894531 0 -10.733230590820312
v 58.466812133789062 0 -6.6050653457641602
v 58.466812133789062 0 -8.2563314437866211
v 56.977455139160156 0 -13.49110221862793
v 60 0 -13.49110221862793
v 63.022544860839844 0 -13.49110221862793
v 63.022544860839844 0 -17.45423698425293
v 63.022544860839844 0 -21.417373657226562
v 63.722545623779297 0 -21.417373657226562
v 66.13275146484375 0 -19.815195083618164
v 53.86724853515625 0 -19.815195083618164
v 66.13275146484375 0 -21.466461181640625
v 64.599563598632812 0 -23.117729187011719
v 64.599563598632812 0 -19.815195083618164
v 64.599563598632812 0 -21.466461181640625
v 72.2655029296875 0 -19.815195083618164
v 69.199127197265625 0 -16.512662887573242
v 69.199127197265625 0 -19.815195083618164
v 63.722545623779297 0 -20.99110221862793
v 64.599563598632812 0 -20.640829086303711
v 63.832969665527344 0 -21.466461181640625
v 66.13275146484375 0 -18.163928985595703
v 64.599563598632812 0 -16.512662887573242
v 64.599563598632812 0 -18.163928985595703
v 63.872547149658203 0 -20.99110221862793
v 64.599563598632812 0 -22.292095184326172
v 63.832969665527344 0 -22.292095184326172
v 66.13275146484375 0 -24.76899528503418
v 64.599563598632812 0 -26.420261383056641
v 64.599563598632812 0 -24.76899528503418
v 62.299781799316406 0 -21.466461181640625
v 60 0 -18.163928985595703
v 61.533187866210938 0 -16.512662887573242
v 61.533187866210938 0 -18.163928985595703
v 64.599563598632812 0 -21.053646087646484
v 64.216262817382812 0 -21.466461181640625
v 64.216262817382812 0 -20.640829086303711
v 64.216262817382812 0 -21.053646087646484
v 66.13275146484375 0 -20.640829086303711
v 65.366157531738281 0 -21.466461181640625
v 65.366157531738281 0 -19.815195083618164
v 65.366157531738281 0 -20.640829086303711
v 69.199127197265625 0 -21.466461181640625
v 67.665939331054688 0 -23.117729187011719
v 67.665939331054688 0 -19.815195083618164
v 67.665939331054688 0 -21.466461181640625
v 63.872547149658203 0 -19.391101837158203
v 63.722545623779297 0 -19.391101837158203
v 64.599563598632812 0 -18.98956298828125
v 63.832969665527344 0 -18.163928985595703
v 63.832969665527344 0 -18.98956298828125
v 64.599563598632812 0 -19.402379989624023
v 64.216262817382812 0 -19.815195083618164
v 64.216262817382812 0 -18.98956298828125
v 64.216262817382812 0 -19.402379989624023
v 66.13275146484375 0 -18.98956298828125
v 65.366157531738281 0 -18.163928985595703
v 65.366157531738281 0 -18.98956298828125
v 69.199127197265625 0 -18.163928985595703
v 67.665939331054688 0 -16.512662887573242
v 67.665939331054688 0 -18.163928985595703
v 72.2655029296875 0 -13.21013069152832
v 69.199127197265625 0 -13.21013069152832
v 62.299781799316406 0 -18.163928985595703
v 63.722545623779297 0 -17.591102600097656
v 63.872547149658203 0 -17.591102600097656
v 64.599563598632812 0 -17.338296890258789
v 66.13275146484375 0 -14.861396789550781
v 64.599563598632812 0 -13.21013069152832
v 64.599563598632812 0 -14.861396789550781
v 63.832969665527344 0 -17.75111198425293
v 61.533187866210938 0 -17.338296890258789
v 62.299781799316406 0 -16.512662887573242
v 62.299781799316406 0 -17.338296890258789
v 60 0 -14.861396789550781
v 61.533187866210938 0 -14.861396789550781
v 64.599563598632812 0 -17.75111198425293
v 64.216262817382812 0 -18.163928985595703
v 64.216262817382812 0 -17.338296890258789
v 64.216262817382812 0 -17.75111198425293
v 66.13275146484375 0 -17.338296890258789
v 65.366157531738281 0 -16.512662887573242
v 65.366157531738281 0 -17.338296890258789
v 63.872547149658203 0 -15.99110221862793
v 63.722545623779297 0 -15.99110221862793
v 64.599563598632812 0 -15.687029838562012
v 63.832969665527344 0 -14.861396789550781
v 63.832969665527344 0 -15.687029838562012
v 64.599563598632812 0 -16.099845886230469
v 64.216262817382812 0 -16.512662887573242
v 64.216262817382812 0 -15.687029838562012
v 64.216262817382812 0 -16.099845886230469
v 66.13275146484375 0 -15.687029838562012
v 65.366157531738281 0 -14.861396789550781
v 65.366157531738281 0 -15.687029838562012
v 69.199127197265625 0 -14.861396789550781
v 67.665939331054688 0 -13.21013069152832
v 67.665939331054688 0 -14.861396789550781
v 61.533187866210938 0 -15.687029838562012
v 62.299781799316406 0 -14.861396789550781
v 62.299781799316406 0 -15.687029838562012
v 63.722545623779297 0 -14.391101837158203
v 63.872547149658203 0 -14.391101837158203
v 64.599563598632812 0 -14.035763740539551
v 66.13275146484375 0 -11.558864593505859
v 64.599563598632812 0 -11.558864593505859
v 61.533187866210938 0 -14.035763740539551
v 62.299781799316406 0 -14.035763740539551
v 64.599563598632812 0 -14.448579788208008
v 64.216262817382812 0 -14.861396789550781
v 64.216262817382812 0 -14.035763740539551
v 64.216262817382812 0 -14.448579788208008
v 66.13275146484375 0 -14.035763740539551
v 65.366157531738281 0 -13.21013069152832
v 65.366157531738281 0 -14.035763740539551
v 63.872547149658203 0 -12.791101455688477
v 63.722545623779297 0 -12.791101455688477
v 64.599563598632812 0 -12.38449764251709
v 63.832969665527344 0 -11.558864593505859
v 63.832969665527344 0 -12.38449764251709
v 64.599563598632812 0 -12.797313690185547
v 64.216262817382812 0 -13.21013069152832
v 64.216262817382812 0 -12.38449764251709
v 64.216262817382812 0 -12.797313690185547
v 66.13275146484375 0 -12.38449764251709
v 65.366157531738281 0 -11.558864593505859
v 65.366157531738281 0 -12.38449764251709
v 69.199127197265625 0 -11.558864593505859
v 67.665939331054688 0 -11.558864593505859
v 61.533187866210938 0 -12.38449764251709
v 62.299781799316406 0 -11.558864593505859
v 62.299781799316406 0 -12.38449764251709
v 63.722545623779297 0 -11.09110164642334
v 63.872547149658203 0 -11.09110164642334
v 64.599563598632812 0 -10.733230590820312
v 66.13275146484375 0 -8.2563314437866211
v 64.599563598632812 0 -8.2563314437866211
v 62.299781799316406 0 -10.733230590820312
v 64.599563598632812 0 -11.146047592163086
v 64.216262817382812 0 -11.558864593505859
v 64.216262817382812 0 -10.733230590820312
v 64.216262817382812 0 -11.146047592163086
v 66.13275146484375 0 -10.733230590820312
v 65.366157531738281 0 -10.733230590820312
v 63.872547149658203 0 -10.391101837158203
v 64.508354187011719 0 -10.391101837158203
v 64.508354187011719 0 -10.291101455688477
v 64.599563598632812 0 -9.0819644927978516
v 63.832969665527344 0 -8.2563314437866211
v 63.832969665527344 0 -9.0819644927978516
v 64.599563598632812 0 -10.526823043823242
v 64.407913208007812 0 -10.733230590820312
v 64.216262817382812 0 -10.526823043823242
v 64.407913208007812 0 -10.526823043823242
v 64.982856750488281 0 -10.733230590820312
v 66.13275146484375 0 -9.0819644927978516
v 65.366157531738281 0 -8.2563314437866211
v 65.366157531738281 0 -9.0819644927978516
v 67.665939331054688 0 -8.2563314437866211
v 64.599563598632812 0 -9.494781494140625
v 63.832969665527344 0 -9.494781494140625
v 64.216262817382812 0 -9.0819644927978516
v 64.216262817382812 0 -9.494781494140625
v 67.508354187011719 0 -10.291101455688477
v 67.508354187011719 0 -10.391101837158203
v 67.665939331054688 0 -10.733230590820312
v 66.899345397949219 0 -11.558864593505859
v 66.899345397949219 0 -10.733230590820312
v 67.282638549804688 0 -10.733230590820312
v 67.665939331054688 0 -9.0819644927978516
v 66.899345397949219 0 -8.2563314437866211
v 66.899345397949219 0 -9.0819644927978516
v 68.432533264160156 0 -11.558864593505859
v 68.432533264160156 0 -10.733230590820312
v 72.2655029296875 0 -11.558864593505859
v 70.732315063476562 0 -13.21013069152832
v 70.732315063476562 0 -11.558864593505859
v 78.398246765136719 0 -13.21013069152832
v 75.331878662109375 0 -16.512662887573242
v 75.331878662109375 0 -13.21013069152832
v 67.665939331054688 0 -9.494781494140625
v 66.899345397949219 0 -9.494781494140625
v 67.282638549804688 0 -9.0819644927978516
v 67.282638549804688 0 -9.494781494140625
v 72.2655029296875 0 -8.2563314437866211
v 78.398246765136719 0 -6.6050653457641602
v 68.049232482910156 0 -10.733230590820312
v 67.665939331054688 0 -10.526823043823242
v 67.474288940429688 0 -10.733230590820312
v 67.282638549804688 0 -10.526823043823242
v 67.474288940429688 0 -10.526823043823242
v 67.665939331054688 0 -11.146047592163086
v 67.282638549804688 0 -11.558864593505859
v 66.899345397949219 0 -11.146047592163086
v 67.282638549804688 0 -11.146047592163086
v 67.665939331054688 0 -12.38449764251709
v 66.899345397949219 0 -13.21013069152832
v 66.899345397949219 0 -12.38449764251709
v 68.208351135253906 0 -10.391101837158203
v 68.208351135253906 0 -10.541101455688477
v 69.008354187011719 0 -10.541101455688477
v 69.008354187011719 0 -9.8911018371582031
v 68.522544860839844 0 -9.8911018371582031
v 68.522544860839844 0 -8.8635730743408203
v 68.122543334960938 0 -8.8635730743408203
v 68.122543334960938 0 -9.8911018371582031
v 63.722545623779297 0 -9.8911018371582031
v 63.722545623779297 0 -6.9360437393188477
v 68.122543334960938 0 -6.9360437393188477
v 68.122543334960938 0 -7.9635729789733887
v 68.522544860839844 0 -7.9635729789733887
v 68.522544860839844 0 -6.9360437393188477
v 69.008354187011719 0 -6.9360437393188477
v 69.008354187011719 0 -6.339381217956543
v 66.015449523925781 0 -6.339381217956543
v 63.022544860839844 0 -6.339381217956543
v 63.022544860839844 0 -9.9393806457519531
v 61.950000762939453 0 -9.9393806457519531
v 61.950000762939453 0 -10.391101837158203
v 63.022544860839844 0 -10.391101837158203
v 63.022544860839844 0 -12.891101837158203
v 60 0 -12.891101837158203
v 56.977455139160156 0 -12.891101837158203
v 56.977455139160156 0 -10.391101837158203
v 58.049999237060547 0 -10.391101837158203
v 58.049999237060547 0 -9.9393806457519531
v 57.700218200683594 0 -11.558864593505859
v 57.700218200683594 0 -10.733230590820312
v 55.400436401367188 0 -13.21013069152832
v 53.86724853515625 0 -11.558864593505859
v 55.400436401367188 0 -11.558864593505859
v 50.800876617431641 0 -16.512662887573242
v 47.734500885009766 0 -13.21013069152832
v 50.800876617431641 0 -13.21013069152832
v 56.977455139160156 0 -9.9393806457519531
v 56.977455139160156 0 -6.339381217956543
v 53.984550476074219 0 -6.339381217956543
v 50.991645812988281 0 -6.339381217956543
v 50.991645812988281 0 -6.9360437393188477
v 53.86724853515625 0 -8.2563314437866211
v 52.334060668945312 0 -8.2563314437866211
v 51.477455139160156 0 -6.9360437393188477
v 47.734500885009766 0 -8.2563314437866211
v 41.601749420166016 0 -6.6050653457641602
v 51.477455139160156 0 -7.9635729789733887
v 51.877452850341797 0 -7.9635729789733887
v 51.877452850341797 0 -6.9360437393188477
v 56.277454376220703 0 -6.9360437393188477
v 56.277454376220703 0 -9.8911018371582031
v 51.877452850341797 0 -9.8911018371582031
v 51.877452850341797 0 -8.8635730743408203
v 51.477455139160156 0 -8.8635730743408203
v 52.334060668945312 0 -9.0819644927978516
v 52.334060668945312 0 -13.21013069152832
v 50.800876617431641 0 -11.558864593505859
v 52.334060668945312 0 -11.558864593505859
v 51.477455139160156 0 -9.8911018371582031
v 50.991645812988281 0 -9.8911018371582031
v 50.991645812988281 0 -10.541101455688477
v 51.791645050048828 0 -10.541101455688477
v 51.791645050048828 0 -10.391101837158203
v 52.334060668945312 0 -10.733230590820312
v 51.567470550537109 0 -11.558864593505859
v 51.567470550537109 0 -10.733230590820312
v 49.267688751220703 0 -13.21013069152832
v 47.734500885009766 0 -11.558864593505859
v 49.267688751220703 0 -11.558864593505859
v 44.668125152587891 0 -16.512662887573242
v 41.601749420166016 0 -13.21013069152832
v 44.668125152587891 0 -13.21013069152832
v 51.950767517089844 0 -10.733230590820312
v 53.86724853515625 0 -10.733230590820312
v 53.100654602050781 0 -11.558864593505859
v 53.100654602050781 0 -10.733230590820312
v 52.491645812988281 0 -10.391101837158203
v 52.491645812988281 0 -10.291101455688477
v 52.717357635498047 0 -10.733230590820312
v 53.86724853515625 0 -9.0819644927978516
v 53.100654602050781 0 -8.2563314437866211
v 53.100654602050781 0 -9.0819644927978516
v 55.400436401367188 0 -8.2563314437866211
v 52.717357635498047 0 -10.526823043823242
v 52.525711059570312 0 -10.733230590820312
v 52.334060668945312 0 -10.526823043823242
v 52.525711059570312 0 -10.526823043823242
v 53.100654602050781 0 -11.146047592163086
v 52.717357635498047 0 -11.558864593505859
v 52.334060668945312 0 -11.146047592163086
v 52.717357635498047 0 -11.146047592163086
v 53.86724853515625 0 -12.38449764251709
v 53.100654602050781 0 -13.21013069152832
v 52.334060668945312 0 -12.38449764251709
v 53.100654602050781 0 -12.38449764251709
v 53.86724853515625 0 -14.861396789550781
v 52.334060668945312 0 -16.512662887573242
v 50.800876617431641 0 -14.861396789550781
v 52.334060668945312 0 -14.861396789550781
v 47.734500885009766 0 -19.815195083618164
v 50.800876617431641 0 -19.815195083618164
v 53.100654602050781 0 -9.494781494140625
v 52.334060668945312 0 -9.494781494140625
v 52.717357635498047 0 -9.0819644927978516
v 52.717357635498047 0 -9.494781494140625
v 55.491645812988281 0 -10.291101455688477
v 55.491645812988281 0 -10.391101837158203
v 56.167030334472656 0 -11.558864593505859
v 55.400436401367188 0 -10.733230590820312
v 55.783733367919922 0 -10.733230590820312
v 54.633842468261719 0 -11.558864593505859
v 54.633842468261719 0 -10.733230590820312
v 55.400436401367188 0 -9.0819644927978516
v 56.167030334472656 0 -8.2563314437866211
v 56.167030334472656 0 -9.0819644927978516
v 55.017139434814453 0 -10.733230590820312
v 54.633842468261719 0 -8.2563314437866211
v 54.633842468261719 0 -9.0819644927978516
v 56.167030334472656 0 -9.494781494140625
v 55.400436401367188 0 -9.494781494140625
v 55.783733367919922 0 -9.0819644927978516
v 55.783733367919922 0 -9.494781494140625
v 55.783733367919922 0 -10.526823043823242
v 55.592086791992188 0 -10.733230590820312
v 55.400436401367188 0 -10.526823043823242
v 55.592086791992188 0 -10.526823043823242
v 55.783733367919922 0 -11.558864593505859
v 55.400436401367188 0 -11.146047592163086
v 55.783733367919922 0 -11.146047592163086
v 55.400436401367188 0 -12.38449764251709
v 56.167030334472656 0 -12.38449764251709
v 55.400436401367188 0 -16.512662887573242
v 55.400436401367188 0 -14.861396789550781
v 56.127452850341797 0 -10.391101837158203
v 56.127452850341797 0 -11.09110164642334
v 56.277454376220703 0 -11.09110164642334
v 56.277454376220703 0 -12.791101455688477
v 56.127452850341797 0 -12.791101455688477
v 58.466812133789062 0 -12.38449764251709
v 57.700218200683594 0 -12.38449764251709
v 58.466812133789062 0 -16.512662887573242
v 58.466812133789062 0 -14.861396789550781
v 56.167030334472656 0 -14.861396789550781
v 55.400436401367188 0 -14.035763740539551
v 55.783733367919922 0 -13.21013069152832
v 55.400436401367188 0 -12.797313690185547
v 55.783733367919922 0 -12.38449764251709
v 55.783733367919922 0 -12.797313690185547
v 54.633842468261719 0 -13.21013069152832
v 54.633842468261719 0 -12.38449764251709
v 56.127452850341797 0 -14.391101837158203
v 56.277454376220703 0 -14.391101837158203
v 55.783733367919922 0 -14.861396789550781
v 55.400436401367188 0 -14.448579788208008
v 55.783733367919922 0 -14.035763740539551
v 55.783733367919922 0 -14.448579788208008
v 55.400436401367188 0 -15.687029838562012
v 56.167030334472656 0 -15.687029838562012
v 55.400436401367188 0 -19.815195083618164
v 53.86724853515625 0 -18.163928985595703
v 55.400436401367188 0 -18.163928985595703
v 54.633842468261719 0 -14.861396789550781
v 53.86724853515625 0 -14.035763740539551
v 54.633842468261719 0 -14.035763740539551
v 58.466812133789062 0 -14.035763740539551
v 57.700218200683594 0 -14.861396789550781
v 57.700218200683594 0 -14.035763740539551
v 56.277454376220703 0 -15.99110221862793
v 56.127452850341797 0 -15.99110221862793
v 58.466812133789062 0 -15.687029838562012
v 57.700218200683594 0 -16.512662887573242
v 57.700218200683594 0 -15.687029838562012
v 58.466812133789062 0 -18.163928985595703
v 56.167030334472656 0 -18.163928985595703
v 55.400436401367188 0 -17.338296890258789
v 55.783733367919922 0 -16.512662887573242
v 55.400436401367188 0 -16.099845886230469
v 55.783733367919922 0 -15.687029838562012
v 55.783733367919922 0 -16.099845886230469
v 54.633842468261719 0 -16.512662887573242
v 53.86724853515625 0 -15.687029838562012
v 54.633842468261719 0 -15.687029838562012
v 56.127452850341797 0 -17.591102600097656
v 56.277454376220703 0 -17.591102600097656
v 56.167030334472656 0 -17.75111198425293
v 55.783733367919922 0 -18.163928985595703
v 55.400436401367188 0 -17.75111198425293
v 55.783733367919922 0 -17.338296890258789
v 55.783733367919922 0 -17.75111198425293
v 55.400436401367188 0 -18.98956298828125
v 56.167030334472656 0 -18.98956298828125
v 55.400436401367188 0 -23.117729187011719
v 53.86724853515625 0 -21.466461181640625
v 55.400436401367188 0 -21.466461181640625
v 54.633842468261719 0 -18.163928985595703
v 53.86724853515625 0 -17.338296890258789
v 54.633842468261719 0 -17.338296890258789
v 52.334060668945312 0 -19.815195083618164
v 50.800876617431641 0 -18.163928985595703
v 52.334060668945312 0 -18.163928985595703
v 58.466812133789062 0 -17.338296890258789
v 57.700218200683594 0 -18.163928985595703
v 57.700218200683594 0 -17.338296890258789
v 56.277454376220703 0 -19.391101837158203
v 56.127452850341797 0 -19.391101837158203
v 56.167030334472656 0 -21.466461181640625
v 55.400436401367188 0 -20.640829086303711
v 55.783733367919922 0 -19.815195083618164
v 55.400436401367188 0 -19.402379989624023
v 55.783733367919922 0 -18.98956298828125
v 55.783733367919922 0 -19.402379989624023
v 54.633842468261719 0 -19.815195083618164
v 53.86724853515625 0 -18.98956298828125
v 54.633842468261719 0 -18.98956298828125
v 56.127452850341797 0 -20.99110221862793
v 56.277454376220703 0 -20.99110221862793
v 55.783733367919922 0 -21.466461181640625
v 55.400436401367188 0 -21.053646087646484
v 55.783733367919922 0 -20.640829086303711
v 55.783733367919922 0 -21.053646087646484
v 55.400436401367188 0 -22.292095184326172
v 56.167030334472656 0 -22.292095184326172
v 55.400436401367188 0 -26.420261383056641
v 53.86724853515625 0 -24.76899528503418
v 55.400436401367188 0 -24.76899528503418
v 54.633842468261719 0 -21.466461181640625
v 53.86724853515625 0 -20.640829086303711
v 54.633842468261719 0 -20.640829086303711
v 52.334060668945312 0 -23.117729187011719
v 50.800876617431641 0 -21.466461181640625
v 52.334060668945312 0 -21.466461181640625
v 57.700218200683594 0 -21.466461181640625
v 56.277454376220703 0 -21.417373657226562
v 56.977455139160156 0 -21.417373657226562
v 56.977455139160156 0 -17.45423698425293
v 46.355838775634766 0 -29.49110221862793
v 45.655838012695312 0 -29.49110221862793
v 47.734500885009766 0 -28.071527481079102
v 44.668125152587891 0 -28.071527481079102
v 46.201313018798828 0 -26.420261383056641
v 46.201313018798828 0 -28.071527481079102
v 45.655838012695312 0 -29.591102600097656
v 46.201313018798828 0 -28.897159576416016
v 44.668125152587891 0 -28.897159576416016
v 45.434719085693359 0 -28.071527481079102
v 45.434719085693359 0 -28.897159576416016
v 41.601749420166016 0 -28.071527481079102
v 46.201313018798828 0 -29.309976577758789
v 45.434719085693359 0 -29.309976577758789
v 45.818016052246094 0 -28.897159576416016
v 45.818016052246094 0 -29.309976577758789
v 47.734500885009766 0 -28.897159576416016
v 46.967906951904297 0 -28.071527481079102
v 46.967906951904297 0 -28.897159576416016
v 50.800876617431641 0 -28.071527481079102
v 49.267688751220703 0 -26.420261383056641
v 49.267688751220703 0 -28.071527481079102
v 46.201313018798828 0 -30.548427581787109
v 44.668125152587891 0 -30.548427581787109
v 45.434719085693359 0 -30.548427581787109
v 45.434719085693359 0 -29.516386032104492
v 45.626365661621094 0 -29.309976577758789
v 45.818016052246094 0 -30.548427581787109
v 47.734500885009766 0 -30.548427581787109
v 46.967906951904297 0 -31.374059677124023
v 46.967906951904297 0 -30.548427581787109
v 49.267688751220703 0 -31.374059677124023
v 44.668125152587891 0 -29.309976577758789
v 45.051422119140625 0 -28.897159576416016
v 45.051422119140625 0 -29.309976577758789
v 43.134937286376953 0 -28.897159576416016
v 43.901531219482422 0 -28.897159576416016
v 43.855838775634766 0 -29.591102600097656
v 43.855838775634766 0 -29.44110107421875
v 43.901531219482422 0 -29.309976577758789
v 43.134937286376953 0 -29.309976577758789
v 43.518234252929688 0 -28.897159576416016
v 43.518234252929688 0 -29.309976577758789
v 43.901531219482422 0 -31.374059677124023
v 43.134937286376953 0 -30.548427581787109
v 43.901531219482422 0 -30.548427581787109
v 41.601749420166016 0 -28.897159576416016
v 42.368343353271484 0 -28.071527481079102
v 42.368343353271484 0 -28.897159576416016
v 40.068561553955078 0 -26.420261383056641
v 40.068561553955078 0 -28.071527481079102
v 43.005836486816406 0 -29.44110107421875
v 43.005836486816406 0 -29.69110107421875
v 42.368343353271484 0 -29.309976577758789
v 42.751640319824219 0 -28.897159576416016
v 42.751640319824219 0 -29.309976577758789
v 42.368343353271484 0 -30.548427581787109
v 39.75 0 -29.69110107421875
v 39.75 0 -29.091102600097656
v 39.349998474121094 0 -29.091102600097656
v 39.349998474121094 0 -30.091102600097656
v 41.450000762939453 0 -30.091102600097656
v 41.450000762939453 0 -30.49110221862793
v 40.068561553955078 0 -30.548427581787109
v 40.835155487060547 0 -30.548427581787109
v 41.849998474121094 0 -30.49110221862793
v 41.849998474121094 0 -30.091102600097656
v 46.225818634033203 0 -30.091102600097656
v 50.601634979248047 0 -30.091102600097656
v 54.977455139160156 0 -30.091102600097656
v 54.977455139160156 0 -29.591102600097656
v 55.400436401367188 0 -30.548427581787109
v 54.633842468261719 0 -31.374059677124023
v 53.86724853515625 0 -30.548427581787109
v 54.633842468261719 0 -30.548427581787109
v 53.86724853515625 0 -28.071527481079102
v 55.400436401367188 0 -28.071527481079102
v 55.400436401367188 0 -28.897159576416016
v 53.86724853515625 0 -28.897159576416016
v 54.633842468261719 0 -28.071527481079102
v 54.633842468261719 0 -28.897159576416016
v 52.334060668945312 0 -26.420261383056641
v 52.334060668945312 0 -28.071527481079102
v 54.32745361328125 0 -29.591102600097656
v 54.32745361328125 0 -29.49110221862793
v 54.633842468261719 0 -29.309976577758789
v 53.86724853515625 0 -29.309976577758789
v 54.250545501708984 0 -28.897159576416016
v 54.250545501708984 0 -29.309976577758789
v 52.334060668945312 0 -28.897159576416016
v 53.100654602050781 0 -28.071527481079102
v 53.100654602050781 0 -28.897159576416016
v 54.633842468261719 0 -29.516386032104492
v 54.442195892333984 0 -29.309976577758789
v 54.442195892333984 0 -29.516386032104492
v 55.400436401367188 0 -29.309976577758789
v 55.017139434814453 0 -28.897159576416016
v 55.017139434814453 0 -29.309976577758789
v 60 0 -28.071527481079102
v 58.466812133789062 0 -28.071527481079102
v 54.250545501708984 0 -30.548427581787109
v 52.334060668945312 0 -30.548427581787109
v 53.100654602050781 0 -30.548427581787109
v 53.627452850341797 0 -29.49110221862793
v 53.627452850341797 0 -29.391101837158203
v 53.100654602050781 0 -29.309976577758789
v 53.483951568603516 0 -28.897159576416016
v 53.483951568603516 0 -29.309976577758789
v 53.675601959228516 0 -29.309976577758789
v 53.483951568603516 0 -30.548427581787109
v 53.027454376220703 0 -29.391101837158203
v 53.027454376220703 0 -29.291101455688477
v 52.717357635498047 0 -28.897159576416016
v 50.800876617431641 0 -28.897159576416016
v 51.567470550537109 0 -28.071527481079102
v 51.567470550537109 0 -28.897159576416016
v 52.717357635498047 0 -30.548427581787109
v 51.567470550537109 0 -31.374059677124023
v 50.800876617431641 0 -30.548427581787109
v 51.567470550537109 0 -30.548427581787109
v 53.100654602050781 0 -29.103569030761719
v 52.717357635498047 0 -29.103569030761719
v 52.909008026123047 0 -28.897159576416016
v 52.909008026123047 0 -29.103569030761719
v 53.100654602050781 0 -28.484344482421875
v 52.334060668945312 0 -28.484344482421875
v 52.717357635498047 0 -28.071527481079102
v 52.717357635498047 0 -28.484344482421875
v 53.86724853515625 0 -27.245893478393555
v 52.334060668945312 0 -27.245893478393555
v 53.100654602050781 0 -26.420261383056641
v 53.100654602050781 0 -27.245893478393555
v 50.800876617431641 0 -24.76899528503418
v 52.334060668945312 0 -24.76899528503418
v 51.527454376220703 0 -29.291101455688477
v 51.527454376220703 0 -29.391101837158203
v 50.800876617431641 0 -29.309976577758789
v 51.184173583984375 0 -28.897159576416016
v 51.184173583984375 0 -29.309976577758789
v 49.267688751220703 0 -28.897159576416016
v 50.034282684326172 0 -28.071527481079102
v 50.034282684326172 0 -28.897159576416016
v 51.567470550537109 0 -29.103569030761719
v 51.375820159912109 0 -29.309976577758789
v 51.184173583984375 0 -29.103569030761719
v 51.375820159912109 0 -28.897159576416016
v 51.375820159912109 0 -29.103569030761719
v 51.567470550537109 0 -28.484344482421875
v 50.800876617431641 0 -28.484344482421875
v 51.184173583984375 0 -28.071527481079102
v 51.184173583984375 0 -28.484344482421875
v 50.800876617431641 0 -27.245893478393555
v 51.567470550537109 0 -26.420261383056641
v 51.567470550537109 0 -27.245893478393555
v 51.950767517089844 0 -28.897159576416016
v 51.184173583984375 0 -30.548427581787109
v 50.034282684326172 0 -31.374059677124023
v 49.267688751220703 0 -30.548427581787109
v 50.034282684326172 0 -30.548427581787109
v 51.227455139160156 0 -29.391101837158203
v 51.227455139160156 0 -29.49110221862793
v 50.927452087402344 0 -29.49110221862793
v 50.927452087402344 0 -29.591102600097656
v 50.992523193359375 0 -29.309976577758789
v 50.034282684326172 0 -29.309976577758789
v 50.417579650878906 0 -28.897159576416016
v 50.417579650878906 0 -29.309976577758789
v 49.055835723876953 0 -29.591102600097656
v 49.055835723876953 0 -29.49110221862793
v 48.501094818115234 0 -28.071527481079102
v 48.501094818115234 0 -28.897159576416016
v 49.267688751220703 0 -29.309976577758789
v 48.884391784667969 0 -28.897159576416016
v 48.884391784667969 0 -29.309976577758789
v 48.501094818115234 0 -31.374059677124023
v 48.501094818115234 0 -30.548427581787109
v 49.076038360595703 0 -29.309976577758789
v 49.650985717773438 0 -28.897159576416016
v 49.650985717773438 0 -29.309976577758789
v 48.884391784667969 0 -30.548427581787109
v 48.755836486816406 0 -29.49110221862793
v 48.755836486816406 0 -29.391101837158203
v 48.1177978515625 0 -28.897159576416016
v 48.455837249755859 0 -29.391101837158203
v 48.455837249755859 0 -29.291101455688477
v 48.1177978515625 0 -30.548427581787109
v 48.501094818115234 0 -29.103569030761719
v 48.1177978515625 0 -29.103569030761719
v 48.309444427490234 0 -28.897159576416016
v 48.309444427490234 0 -29.103569030761719
v 48.501094818115234 0 -28.484344482421875
v 47.734500885009766 0 -28.484344482421875
v 48.1177978515625 0 -28.071527481079102
v 48.1177978515625 0 -28.484344482421875
v 49.267688751220703 0 -27.245893478393555
v 47.734500885009766 0 -27.245893478393555
v 48.501094818115234 0 -26.420261383056641
v 48.501094818115234 0 -27.245893478393555
v 47.734500885009766 0 -24.76899528503418
v 49.267688751220703 0 -23.117729187011719
v 49.267688751220703 0 -24.76899528503418
v 46.955837249755859 0 -29.291101455688477
v 46.955837249755859 0 -29.391101837158203
v 46.584609985351562 0 -28.897159576416016
v 46.584609985351562 0 -29.309976577758789
v 46.967906951904297 0 -29.103569030761719
v 46.776256561279297 0 -29.309976577758789
v 46.584609985351562 0 -29.103569030761719
v 46.776256561279297 0 -28.897159576416016
v 46.776256561279297 0 -29.103569030761719
v 46.967906951904297 0 -28.484344482421875
v 46.201313018798828 0 -28.484344482421875
v 46.584609985351562 0 -28.071527481079102
v 46.584609985351562 0 -28.484344482421875
v 46.201313018798828 0 -27.245893478393555
v 46.967906951904297 0 -26.420261383056641
v 46.967906951904297 0 -27.245893478393555
v 44.668125152587891 0 -24.76899528503418
v 46.201313018798828 0 -23.117729187011719
v 46.201313018798828 0 -24.76899528503418
v 41.601749420166016 0 -19.815195083618164
v 44.668125152587891 0 -19.815195083618164
v 47.351203918457031 0 -28.897159576416016
v 46.584609985351562 0 -30.548427581787109
v 46.355838775634766 0 -29.391101837158203
v 46.392959594726562 0 -29.309976577758789
v 58.75 0 -22.917373657226562
v 61.25 0 -22.917373657226562
v 61.25 0 -25.917373657226562
v 60.450000762939453 0 -25.917373657226562
v 60 0 -24.76899528503418
v 60.450000762939453 0 -26.317373275756836
v 60 0 -25.594627380371094
v 60.766593933105469 0 -24.76899528503418
v 60.766593933105469 0 -25.594627380371094
v 61.533187866210938 0 -28.071527481079102
v 61.650001525878906 0 -26.317373275756836
v 61.650001525878906 0 -22.917373657226562
v 63.022544860839844 0 -22.917373657226562
v 63.022544860839844 0 -26.304237365722656
v 63.022544860839844 0 -29.69110107421875
v 60.450000762939453 0 -29.69110107421875
v 60.450000762939453 0 -30.091102600097656
v 61.533187866210938 0 -28.897159576416016
v 60 0 -28.897159576416016
v 60.766593933105469 0 -28.071527481079102
v 60.766593933105469 0 -28.897159576416016
v 60 0 -31.374059677124023
v 61.533187866210938 0 -31.374059677124023
v 61.533187866210938 0 -30.548427581787109
v 60.766593933105469 0 -31.374059677124023
v 60 0 -30.548427581787109
v 60.766593933105469 0 -30.548427581787109
v 58.466812133789062 0 -31.374059677124023
v 64.122543334960938 0 -30.091102600097656
v 64.122543334960938 0 -29.591102600097656
v 64.599563598632812 0 -30.548427581787109
v 63.832969665527344 0 -31.374059677124023
v 63.066375732421875 0 -30.548427581787109
v 63.832969665527344 0 -30.548427581787109
v 66.13275146484375 0 -28.071527481079102
v 64.599563598632812 0 -28.071527481079102
v 64.599563598632812 0 -28.897159576416016
v 63.872547149658203 0 -29.591102600097656
v 64.599563598632812 0 -29.309976577758789
v 64.216262817382812 0 -28.897159576416016
v 64.216262817382812 0 -29.309976577758789
v 66.13275146484375 0 -28.897159576416016
v 65.366157531738281 0 -28.071527481079102
v 65.366157531738281 0 -28.897159576416016
v 69.199127197265625 0 -28.071527481079102
v 67.665939331054688 0 -26.420261383056641
v 67.665939331054688 0 -28.071527481079102
v 63.872547149658203 0 -26.49110221862793
v 63.822547912597656 0 -26.49110221862793
v 64.599563598632812 0 -27.245893478393555
v 64.599563598632812 0 -26.833078384399414
v 64.216262817382812 0 -27.245893478393555
v 64.216262817382812 0 -26.420261383056641
v 64.216262817382812 0 -26.833078384399414
v 64.599563598632812 0 -25.594627380371094
v 63.832969665527344 0 -24.76899528503418
v 63.832969665527344 0 -25.594627380371094
v 66.13275146484375 0 -27.245893478393555
v 65.366157531738281 0 -26.420261383056641
v 65.366157531738281 0 -27.245893478393555
v 64.216262817382812 0 -26.626668930053711
v 64.024620056152344 0 -26.833078384399414
v 64.024620056152344 0 -26.420261383056641
v 64.024620056152344 0 -26.626668930053711
v 62.299781799316406 0 -28.071527481079102
v 61.533187866210938 0 -27.245893478393555
v 62.299781799316406 0 -27.245893478393555
v 64.599563598632812 0 -26.007444381713867
v 64.216262817382812 0 -25.594627380371094
v 64.216262817382812 0 -26.007444381713867
v 66.13275146484375 0 -25.594627380371094
v 65.366157531738281 0 -24.76899528503418
v 65.366157531738281 0 -25.594627380371094
v 69.199127197265625 0 -24.76899528503418
v 67.665939331054688 0 -24.76899528503418
v 64.024620056152344 0 -26.523464202880859
v 63.928794860839844 0 -26.626668930053711
v 63.928794860839844 0 -26.420261383056641
v 63.928794860839844 0 -26.523464202880859
v 64.216262817382812 0 -26.213851928710938
v 64.024620056152344 0 -26.007444381713867
v 64.024620056152344 0 -26.213851928710938
v 63.822547912597656 0 -25.791101455688477
v 63.722545623779297 0 -25.791101455688477
v 63.832969665527344 0 -25.18181037902832
v 64.599563598632812 0 -23.943361282348633
v 63.722545623779297 0 -24.19110107421875
v 63.872547149658203 0 -24.19110107421875
v 63.832969665527344 0 -24.356178283691406
v 64.599563598632812 0 -24.356178283691406
v 64.216262817382812 0 -24.76899528503418
v 64.216262817382812 0 -23.943361282348633
v 64.216262817382812 0 -24.356178283691406
v 66.13275146484375 0 -23.943361282348633
v 65.366157531738281 0 -23.117729187011719
v 65.366157531738281 0 -23.943361282348633
v 63.872547149658203 0 -22.591102600097656
v 63.722545623779297 0 -22.591102600097656
v 64.599563598632812 0 -22.704912185668945
v 64.216262817382812 0 -23.117729187011719
v 64.216262817382812 0 -22.292095184326172
v 64.216262817382812 0 -22.704912185668945
v 66.13275146484375 0 -22.292095184326172
v 65.366157531738281 0 -22.292095184326172
v 62.299781799316406 0 -22.292095184326172
v 63.722545623779297 0 -22.317373275756836
v 63.022544860839844 0 -22.317373275756836
v 63.022544860839844 0 -22.417373657226562
v 62.683078765869141 0 -22.292095184326172
v 62.299781799316406 0 -21.879278182983398
v 62.683078765869141 0 -21.466461181640625
v 62.683078765869141 0 -21.879278182983398
v 61.650001525878906 0 -22.417373657226562
v 61.650001525878906 0 -19.017374038696289
v 60.450000762939453 0 -19.017374038696289
v 60.450000762939453 0 -19.417373657226562
v 60.766593933105469 0 -18.163928985595703
v 61.25 0 -19.417373657226562
v 61.25 0 -22.417373657226562
v 58.75 0 -22.417373657226562
v 58.75 0 -19.417373657226562
v 59.549999237060547 0 -19.417373657226562
v 59.549999237060547 0 -19.017374038696289
v 59.233406066894531 0 -18.163928985595703
v 58.349998474121094 0 -19.017374038696289
v 58.349998474121094 0 -22.417373657226562
v 56.977455139160156 0 -22.417373657226562
v 56.977455139160156 0 -22.317373275756836
v 57.700218200683594 0 -22.292095184326172
v 57.316921234130859 0 -22.292095184326172
v 56.167030334472656 0 -24.76899528503418
v 55.400436401367188 0 -23.943361282348633
v 57.700218200683594 0 -21.879278182983398
v 57.316921234130859 0 -21.466461181640625
v 57.316921234130859 0 -21.879278182983398
v 56.277454376220703 0 -22.317373275756836
v 56.277454376220703 0 -22.591102600097656
v 56.127452850341797 0 -22.591102600097656
v 55.783733367919922 0 -23.117729187011719
v 55.400436401367188 0 -22.704912185668945
v 55.783733367919922 0 -22.292095184326172
v 55.783733367919922 0 -22.704912185668945
v 54.633842468261719 0 -23.117729187011719
v 53.86724853515625 0 -22.292095184326172
v 54.633842468261719 0 -22.292095184326172
v 56.127452850341797 0 -24.19110107421875
v 56.277454376220703 0 -24.19110107421875
v 56.167030334472656 0 -24.356178283691406
v 55.783733367919922 0 -24.76899528503418
v 55.400436401367188 0 -24.356178283691406
v 55.783733367919922 0 -23.943361282348633
v 55.783733367919922 0 -24.356178283691406
v 55.400436401367188 0 -25.594627380371094
v 56.167030334472656 0 -25.594627380371094
v 54.633842468261719 0 -24.76899528503418
v 53.86724853515625 0 -23.943361282348633
v 54.633842468261719 0 -23.943361282348633
v 56.277454376220703 0 -25.791101455688477
v 56.177452087402344 0 -25.791101455688477
v 55.400436401367188 0 -27.245893478393555
v 55.783733367919922 0 -26.420261383056641
v 55.400436401367188 0 -26.007444381713867
v 55.783733367919922 0 -25.594627380371094
v 55.783733367919922 0 -26.007444381713867
v 54.633842468261719 0 -26.420261383056641
v 53.86724853515625 0 -25.594627380371094
v 54.633842468261719 0 -25.594627380371094
v 56.167030334472656 0 -25.18181037902832
v 56.177452087402344 0 -26.49110221862793
v 56.127452850341797 0 -26.49110221862793
v 58.466812133789062 0 -27.245893478393555
v 57.700218200683594 0 -28.071527481079102
v 57.700218200683594 0 -27.245893478393555
v 55.783733367919922 0 -27.245893478393555
v 55.400436401367188 0 -26.833078384399414
v 55.783733367919922 0 -26.833078384399414
v 54.633842468261719 0 -27.245893478393555
v 55.975383758544922 0 -26.833078384399414
v 55.783733367919922 0 -26.626668930053711
v 55.975383758544922 0 -26.420261383056641
v 55.975383758544922 0 -26.626668930053711
v 56.071205139160156 0 -26.626668930053711
v 55.975383758544922 0 -26.523464202880859
v 56.071205139160156 0 -26.420261383056641
v 56.071205139160156 0 -26.523464202880859
v 55.783733367919922 0 -26.213851928710938
v 55.975383758544922 0 -26.007444381713867
v 55.975383758544922 0 -26.213851928710938
v 56.127452850341797 0 -29.591102600097656
v 55.877452850341797 0 -29.591102600097656
v 55.783733367919922 0 -28.897159576416016
v 55.783733367919922 0 -29.309976577758789
v 56.933624267578125 0 -30.548427581787109
v 56.167030334472656 0 -31.374059677124023
v 56.167030334472656 0 -30.548427581787109
v 55.877452850341797 0 -30.091102600097656
v 59.549999237060547 0 -30.091102600097656
v 59.549999237060547 0 -29.69110107421875
v 59.233406066894531 0 -31.374059677124023
v 58.466812133789062 0 -30.548427581787109
v 59.233406066894531 0 -30.548427581787109
v 58.466812133789062 0 -28.897159576416016
v 59.233406066894531 0 -28.071527481079102
v 59.233406066894531 0 -28.897159576416016
v 56.977455139160156 0 -29.69110107421875
v 56.977455139160156 0 -26.304237365722656
v 56.977455139160156 0 -22.917373657226562
v 58.349998474121094 0 -22.917373657226562
v 58.349998474121094 0 -26.317373275756836
v 59.549999237060547 0 -26.317373275756836
v 59.549999237060547 0 -25.917373657226562
v 59.233406066894531 0 -24.76899528503418
v 59.233406066894531 0 -25.594627380371094
v 58.75 0 -25.917373657226562
v 48.191646575927734 0 -10.541101455688477
v 48.991645812988281 0 -10.541101455688477
v 48.991645812988281 0 -9.8911018371582031
v 48.405838012695312 0 -9.8911018371582031
v 48.405838012695312 0 -8.8635730743408203
v 48.005836486816406 0 -8.8635730743408203
v 47.734500885009766 0 -9.0819644927978516
v 44.668125152587891 0 -8.2563314437866211
v 46.201313018798828 0 -8.2563314437866211
v 48.005836486816406 0 -9.8911018371582031
v 43.405838012695312 0 -9.8911018371582031
v 43.405838012695312 0 -6.9360437393188477
v 48.005836486816406 0 -6.9360437393188477
v 48.005836486816406 0 -7.9635729789733887
v 48.405838012695312 0 -7.9635729789733887
v 48.405838012695312 0 -6.9360437393188477
v 48.991645812988281 0 -6.9360437393188477
v 48.991645812988281 0 -6.339381217956543
v 45.998741149902344 0 -6.339381217956543
v 43.005836486816406 0 -6.339381217956543
v 43.005836486816406 0 -11.100000381469727
v 40.327919006347656 0 -11.100000381469727
v 37.650001525878906 0 -11.100000381469727
v 37.650001525878906 0 -12.44838809967041
v 38.535373687744141 0 -16.512662887573242
v 38.535373687744141 0 -9.907597541809082
v 38.535373687744141 0 -13.21013069152832
v 38.049999237060547 0 -12.44838809967041
v 38.535373687744141 0 -3.3025326728820801
v 38.535373687744141 0 -6.6050653457641602
v 40.068561553955078 0 -13.21013069152832
v 40.068561553955078 0 -9.907597541809082
v 38.535373687744141 0 -14.861396789550781
v 38.049999237060547 0 -11.5
v 40.527919769287109 0 -11.5
v 43.005836486816406 0 -11.5
v 43.005836486816406 0 -15.396777153015137
v 40.527919769287109 0 -15.396777153015137
v 38.049999237060547 0 -15.396777153015137
v 38.049999237060547 0 -13.348388671875
v 37.650001525878906 0 -13.348388671875
v 38.535373687744141 0 -14.035763740539551
v 41.601749420166016 0 -14.861396789550781
v 40.068561553955078 0 -16.512662887573242
v 40.068561553955078 0 -14.861396789550781
v 37.650001525878906 0 -18.29595947265625
v 37.650001525878906 0 -23.2435302734375
v 37.650001525878906 0 -28.19110107421875
v 39.75 0 -28.19110107421875
v 39.75 0 -27.791101455688477
v 40.068561553955078 0 -27.245893478393555
v 38.535373687744141 0 -27.245893478393555
v 39.301967620849609 0 -26.420261383056641
v 39.301967620849609 0 -27.245893478393555
v 41.601749420166016 0 -24.76899528503418
v 40.068561553955078 0 -23.117729187011719
v 40.068561553955078 0 -24.76899528503418
v 38.049999237060547 0 -27.791101455688477
v 38.049999237060547 0 -23.959659576416016
v 38.049999237060547 0 -20.128219604492188
v 38.049999237060547 0 -16.296777725219727
v 40.527919769287109 0 -16.296777725219727
v 43.005836486816406 0 -16.296777725219727
v 43.005836486816406 0 -20.378219604492188
v 43.005836486816406 0 -24.459659576416016
v 43.005836486816406 0 -28.541101455688477
v 43.855838775634766 0 -28.541101455688477
v 43.855838775634766 0 -26.49110221862793
v 43.805835723876953 0 -26.49110221862793
v 44.668125152587891 0 -27.245893478393555
v 43.901531219482422 0 -26.420261383056641
v 43.901531219482422 0 -26.833078384399414
v 41.601749420166016 0 -27.245893478393555
v 42.368343353271484 0 -26.420261383056641
v 42.368343353271484 0 -27.245893478393555
v 44.668125152587891 0 -25.594627380371094
v 43.901531219482422 0 -24.76899528503418
v 43.901531219482422 0 -25.594627380371094
v 43.901531219482422 0 -26.626668930053711
v 43.901531219482422 0 -26.007444381713867
v 41.601749420166016 0 -25.594627380371094
v 42.368343353271484 0 -24.76899528503418
v 42.368343353271484 0 -25.594627380371094
v 44.668125152587891 0 -26.833078384399414
v 44.284828186035156 0 -27.245893478393555
v 44.284828186035156 0 -26.420261383056641
v 44.284828186035156 0 -26.833078384399414
v 45.434719085693359 0 -26.420261383056641
v 45.434719085693359 0 -27.245893478393555
v 43.901531219482422 0 -26.523464202880859
v 43.901531219482422 0 -26.213851928710938
v 44.668125152587891 0 -26.007444381713867
v 44.284828186035156 0 -25.594627380371094
v 44.284828186035156 0 -26.007444381713867
v 46.201313018798828 0 -25.594627380371094
v 45.434719085693359 0 -24.76899528503418
v 45.434719085693359 0 -25.594627380371094
v 44.284828186035156 0 -26.626668930053711
v 44.093177795410156 0 -26.833078384399414
v 44.093177795410156 0 -26.420261383056641
v 44.093177795410156 0 -26.626668930053711
v 43.805835723876953 0 -25.791101455688477
v 43.705837249755859 0 -25.791101455688477
v 43.901531219482422 0 -25.801036834716797
v 43.901531219482422 0 -25.18181037902832
v 44.668125152587891 0 -23.943361282348633
v 44.668125152587891 0 -21.466461181640625
v 41.601749420166016 0 -21.466461181640625
v 43.705837249755859 0 -24.19110107421875
v 43.855838775634766 0 -24.19110107421875
v 41.601749420166016 0 -23.943361282348633
v 42.368343353271484 0 -23.117729187011719
v 42.368343353271484 0 -23.943361282348633
v 43.855838775634766 0 -22.591102600097656
v 43.705837249755859 0 -22.591102600097656
v 44.668125152587891 0 -22.292095184326172
v 43.901531219482422 0 -21.466461181640625
v 43.901531219482422 0 -22.292095184326172
v 47.734500885009766 0 -21.466461181640625
v 46.201313018798828 0 -19.815195083618164
v 46.201313018798828 0 -21.466461181640625
v 41.601749420166016 0 -22.292095184326172
v 42.368343353271484 0 -21.466461181640625
v 42.368343353271484 0 -22.292095184326172
v 38.535373687744141 0 -21.466461181640625
v 40.068561553955078 0 -19.815195083618164
v 40.068561553955078 0 -21.466461181640625
v 43.705837249755859 0 -20.99110221862793
v 43.855838775634766 0 -20.99110221862793
v 44.668125152587891 0 -20.640829086303711
v 44.668125152587891 0 -18.163928985595703
v 41.601749420166016 0 -18.163928985595703
v 41.601749420166016 0 -20.640829086303711
v 42.368343353271484 0 -19.815195083618164
v 42.368343353271484 0 -20.640829086303711
v 43.855838775634766 0 -19.391101837158203
v 43.705837249755859 0 -19.391101837158203
v 44.668125152587891 0 -18.98956298828125
v 43.901531219482422 0 -18.163928985595703
v 43.901531219482422 0 -18.98956298828125
v 47.734500885009766 0 -18.163928985595703
v 46.201313018798828 0 -16.512662887573242
v 46.201313018798828 0 -18.163928985595703
v 41.601749420166016 0 -18.98956298828125
v 42.368343353271484 0 -18.163928985595703
v 42.368343353271484 0 -18.98956298828125
v 38.535373687744141 0 -18.163928985595703
v 40.068561553955078 0 -18.163928985595703
v 43.705837249755859 0 -17.591102600097656
v 43.855838775634766 0 -17.591102600097656
v 44.668125152587891 0 -17.338296890258789
v 44.668125152587891 0 -14.861396789550781
v 41.601749420166016 0 -17.338296890258789
v 42.368343353271484 0 -16.512662887573242
v 42.368343353271484 0 -17.338296890258789
v 43.855838775634766 0 -15.99110221862793
v 43.705837249755859 0 -15.99110221862793
v 44.668125152587891 0 -15.687029838562012
v 43.901531219482422 0 -14.861396789550781
v 43.901531219482422 0 -15.687029838562012
v 47.734500885009766 0 -14.861396789550781
v 46.201313018798828 0 -13.21013069152832
v 46.201313018798828 0 -14.861396789550781
v 42.368343353271484 0 -14.861396789550781
v 43.705837249755859 0 -14.391101837158203
v 43.855838775634766 0 -14.391101837158203
v 44.668125152587891 0 -14.035763740539551
v 44.668125152587891 0 -11.558864593505859
v 41.601749420166016 0 -14.035763740539551
v 42.368343353271484 0 -13.21013069152832
v 42.368343353271484 0 -14.035763740539551
v 43.855838775634766 0 -12.791101455688477
v 43.705837249755859 0 -12.791101455688477
v 44.668125152587891 0 -12.38449764251709
v 43.901531219482422 0 -11.558864593505859
v 43.901531219482422 0 -12.38449764251709
v 46.201313018798828 0 -11.558864593505859
v 41.601749420166016 0 -12.38449764251709
v 42.368343353271484 0 -12.38449764251709
v 43.705837249755859 0 -11.09110164642334
v 43.855838775634766 0 -11.09110164642334
v 44.668125152587891 0 -10.733230590820312
v 41.601749420166016 0 -8.2563314437866211
v 41.601749420166016 0 -10.733230590820312
v 42.368343353271484 0 -9.907597541809082
v 42.368343353271484 0 -10.733230590820312
v 43.855838775634766 0 -10.391101837158203
v 44.491645812988281 0 -10.391101837158203
v 44.491645812988281 0 -10.291101455688477
v 44.284828186035156 0 -10.733230590820312
v 44.668125152587891 0 -9.0819644927978516
v 43.901531219482422 0 -8.2563314437866211
v 43.901531219482422 0 -9.0819644927978516
v 46.201313018798828 0 -10.733230590820312
v 45.434719085693359 0 -11.558864593505859
v 45.434719085693359 0 -10.733230590820312
v 44.668125152587891 0 -10.526823043823242
v 44.476474761962891 0 -10.733230590820312
v 44.284828186035156 0 -10.526823043823242
v 44.476474761962891 0 -10.526823043823242
v 45.051422119140625 0 -10.733230590820312
v 46.201313018798828 0 -9.0819644927978516
v 45.434719085693359 0 -8.2563314437866211
v 45.434719085693359 0 -9.0819644927978516
v 44.668125152587891 0 -11.146047592163086
v 44.284828186035156 0 -11.558864593505859
v 44.284828186035156 0 -11.146047592163086
v 44.668125152587891 0 -9.494781494140625
v 43.901531219482422 0 -9.494781494140625
v 44.284828186035156 0 -9.0819644927978516
v 44.284828186035156 0 -9.494781494140625
v 47.491645812988281 0 -10.291101455688477
v 47.491645812988281 0 -10.391101837158203
v 47.734500885009766 0 -10.733230590820312
v 46.967906951904297 0 -11.558864593505859
v 46.967906951904297 0 -10.733230590820312
v 47.351203918457031 0 -10.733230590820312
v 46.967906951904297 0 -8.2563314437866211
v 46.967906951904297 0 -9.0819644927978516
v 48.501094818115234 0 -11.558864593505859
v 48.501094818115234 0 -10.733230590820312
v 47.734500885009766 0 -9.494781494140625
v 46.967906951904297 0 -9.494781494140625
v 47.351203918457031 0 -9.0819644927978516
v 47.351203918457031 0 -9.494781494140625
v 48.1177978515625 0 -10.733230590820312
v 47.734500885009766 0 -10.526823043823242
v 47.542850494384766 0 -10.733230590820312
v 47.351203918457031 0 -10.526823043823242
v 47.542850494384766 0 -10.526823043823242
v 47.734500885009766 0 -11.146047592163086
v 47.351203918457031 0 -11.558864593505859
v 46.967906951904297 0 -11.146047592163086
v 47.351203918457031 0 -11.146047592163086
v 47.734500885009766 0 -12.38449764251709
v 46.967906951904297 0 -13.21013069152832
v 46.201313018798828 0 -12.38449764251709
v 46.967906951904297 0 -12.38449764251709
v 48.191646575927734 0 -10.391101837158203
v 71.150001525878906 0 -35.391101837158203
v 72.050003051757812 0 -35.391101837158203
v 72.050003051757812 0 -34.991100311279297
v 71.498908996582031 0 -34.676593780517578
v 68.349998474121094 0 -34.991100311279297
v 68.349998474121094 0 -32.291103363037109
v 72.949996948242188 0 -32.291103363037109
v 72.949996948242188 0 -35.69110107421875
v 73.349998474121094 0 -35.69110107421875
v 73.798690795898438 0 -35.502223968505859
v 73.349998474121094 0 -32.291103363037109
v 73.75 0 -32.291103363037109
v 73.032096862792969 0 -31.374059677124023
v 70.732315063476562 0 -31.374059677124023
v 73.75 0 -31.791101455688477
v 70.75 0 -31.791101455688477
v 67.75 0 -31.791101455688477
v 67.75 0 -32.291103363037109
v 68.432533264160156 0 -31.374059677124023
v 67.949996948242188 0 -32.291103363037109
v 69.199127197265625 0 -33.850959777832031
v 67.665939331054688 0 -33.850959777832031
v 67.949996948242188 0 -35.391101837158203
v 70.75 0 -35.391101837158203
v 70.75 0 -35.69110107421875
v 71.150001525878906 0 -35.69110107421875
v 73.6441650390625 0 -29.49110221862793
v 73.6441650390625 0 -29.391101837158203
v 75.331878662109375 0 -28.071527481079102
v 72.2655029296875 0 -28.071527481079102
v 73.798690795898438 0 -26.420261383056641
v 73.798690795898438 0 -28.071527481079102
v 73.798690795898438 0 -28.897159576416016
v 72.2655029296875 0 -28.897159576416016
v 73.032096862792969 0 -28.071527481079102
v 73.032096862792969 0 -28.897159576416016
v 70.732315063476562 0 -26.420261383056641
v 70.732315063476562 0 -28.071527481079102
v 73.798690795898438 0 -29.309976577758789
v 73.415390014648438 0 -28.897159576416016
v 73.415390014648438 0 -29.309976577758789
v 75.331878662109375 0 -28.897159576416016
v 74.565284729003906 0 -28.071527481079102
v 74.565284729003906 0 -28.897159576416016
v 78.398246765136719 0 -28.071527481079102
v 73.798690795898438 0 -30.548427581787109
v 72.2655029296875 0 -30.548427581787109
v 73.032096862792969 0 -30.548427581787109
v 73.607040405273438 0 -29.309976577758789
v 74.565284729003906 0 -29.309976577758789
v 74.181983947753906 0 -28.897159576416016
v 74.181983947753906 0 -29.309976577758789
v 75.331878662109375 0 -30.548427581787109
v 74.565284729003906 0 -30.548427581787109
v 73.415390014648438 0 -30.548427581787109
v 73.044166564941406 0 -29.391101837158203
v 73.044166564941406 0 -29.291101455688477
v 73.223739624023438 0 -29.309976577758789
v 72.648796081542969 0 -28.897159576416016
v 70.732315063476562 0 -28.897159576416016
v 71.498908996582031 0 -28.071527481079102
v 71.498908996582031 0 -28.897159576416016
v 73.415390014648438 0 -29.103569030761719
v 73.032096862792969 0 -29.103569030761719
v 73.223739624023438 0 -28.897159576416016
v 73.223739624023438 0 -29.103569030761719
v 73.798690795898438 0 -28.484344482421875
v 73.032096862792969 0 -28.484344482421875
v 73.415390014648438 0 -28.071527481079102
v 73.415390014648438 0 -28.484344482421875
v 73.798690795898438 0 -27.245893478393555
v 72.2655029296875 0 -27.245893478393555
v 73.032096862792969 0 -26.420261383056641
v 73.032096862792969 0 -27.245893478393555
v 75.331878662109375 0 -24.76899528503418
v 72.2655029296875 0 -24.76899528503418
v 73.798690795898438 0 -23.117729187011719
v 73.798690795898438 0 -24.76899528503418
v 78.398246765136719 0 -19.815195083618164
v 75.331878662109375 0 -19.815195083618164
v 71.544166564941406 0 -29.291101455688477
v 71.544166564941406 0 -29.391101837158203
v 71.8822021484375 0 -28.897159576416016
v 71.498908996582031 0 -31.374059677124023
v 70.732315063476562 0 -30.548427581787109
v 71.498908996582031 0 -30.548427581787109
v 71.8822021484375 0 -29.103569030761719
v 71.498908996582031 0 -29.103569030761719
v 71.6905517578125 0 -28.897159576416016
v 71.6905517578125 0 -29.103569030761719
v 70.732315063476562 0 -29.309976577758789
v 71.115608215332031 0 -28.897159576416016
v 71.115608215332031 0 -29.309976577758789
v 69.199127197265625 0 -28.897159576416016
v 69.965721130371094 0 -28.071527481079102
v 69.965721130371094 0 -28.897159576416016
v 72.2655029296875 0 -28.484344482421875
v 71.498908996582031 0 -28.484344482421875
v 71.8822021484375 0 -28.071527481079102
v 71.8822021484375 0 -28.484344482421875
v 70.732315063476562 0 -27.245893478393555
v 71.498908996582031 0 -26.420261383056641
v 71.498908996582031 0 -27.245893478393555
v 70.732315063476562 0 -23.117729187011719
v 70.732315063476562 0 -24.76899528503418
v 71.8822021484375 0 -30.548427581787109
v 71.244163513183594 0 -29.391101837158203
v 71.244163513183594 0 -29.49110221862793
v 71.115608215332031 0 -30.548427581787109
v 69.965721130371094 0 -31.374059677124023
v 69.199127197265625 0 -30.548427581787109
v 69.965721130371094 0 -30.548427581787109
v 70.944160461425781 0 -29.49110221862793
v 70.944160461425781 0 -29.591102600097656
v 70.923957824707031 0 -29.309976577758789
v 69.965721130371094 0 -29.309976577758789
v 70.349014282226562 0 -28.897159576416016
v 70.349014282226562 0 -29.309976577758789
v 69.072547912597656 0 -29.591102600097656
v 69.072547912597656 0 -29.49110221862793
v 67.665939331054688 0 -28.897159576416016
v 68.432533264160156 0 -28.071527481079102
v 68.432533264160156 0 -28.897159576416016
v 69.199127197265625 0 -29.309976577758789
v 68.815826416015625 0 -28.897159576416016
v 68.815826416015625 0 -29.309976577758789
v 67.665939331054688 0 -30.548427581787109
v 68.432533264160156 0 -30.548427581787109
v 69.007476806640625 0 -29.309976577758789
v 69.582420349121094 0 -28.897159576416016
v 69.582420349121094 0 -29.309976577758789
v 68.815826416015625 0 -30.548427581787109
v 68.772544860839844 0 -29.49110221862793
v 68.772544860839844 0 -29.391101837158203
v 68.624176025390625 0 -29.309976577758789
v 68.049232482910156 0 -28.897159576416016
v 66.899345397949219 0 -28.071527481079102
v 66.899345397949219 0 -28.897159576416016
v 68.472549438476562 0 -29.391101837158203
v 68.472549438476562 0 -29.291101455688477
v 68.815826416015625 0 -29.103569030761719
v 68.432533264160156 0 -29.103569030761719
v 68.624176025390625 0 -28.897159576416016
v 68.624176025390625 0 -29.103569030761719
v 69.199127197265625 0 -28.484344482421875
v 68.432533264160156 0 -28.484344482421875
v 68.815826416015625 0 -28.071527481079102
v 68.815826416015625 0 -28.484344482421875
v 69.199127197265625 0 -27.245893478393555
v 67.665939331054688 0 -27.245893478393555
v 68.432533264160156 0 -26.420261383056641
v 68.432533264160156 0 -27.245893478393555
v 66.972549438476562 0 -29.291101455688477
v 66.972549438476562 0 -29.391101837158203
v 66.899345397949219 0 -29.309976577758789
v 67.282638549804688 0 -28.897159576416016
v 66.13275146484375 0 -30.548427581787109
v 66.899345397949219 0 -30.548427581787109
v 67.282638549804688 0 -29.103569030761719
v 66.899345397949219 0 -29.103569030761719
v 67.090995788574219 0 -28.897159576416016
v 67.090995788574219 0 -29.103569030761719
v 66.13275146484375 0 -29.309976577758789
v 66.516044616699219 0 -28.897159576416016
v 66.516044616699219 0 -29.309976577758789
v 67.665939331054688 0 -28.484344482421875
v 66.899345397949219 0 -28.484344482421875
v 67.282638549804688 0 -28.071527481079102
v 67.282638549804688 0 -28.484344482421875
v 66.899345397949219 0 -26.420261383056641
v 66.899345397949219 0 -27.245893478393555
v 67.282638549804688 0 -30.548427581787109
v 66.372543334960938 0 -29.391101837158203
v 66.372543334960938 0 -29.49110221862793
v 66.32440185546875 0 -29.309976577758789
v 66.516044616699219 0 -30.548427581787109
v 65.366157531738281 0 -31.374059677124023
v 65.366157531738281 0 -30.548427581787109
v 65.366157531738281 0 -29.309976577758789
v 65.74945068359375 0 -28.897159576416016
v 65.74945068359375 0 -29.309976577758789
v 65.67254638671875 0 -29.49110221862793
v 65.67254638671875 0 -29.591102600097656
v 65.366157531738281 0 -29.516386032104492
v 65.557807922363281 0 -29.309976577758789
v 65.557807922363281 0 -29.516386032104492
v 65.74945068359375 0 -30.548427581787109
v 64.982856750488281 0 -28.897159576416016
v 64.982856750488281 0 -29.309976577758789
v 65.022544860839844 0 -29.591102600097656
v 65.022544860839844 0 -30.091102600097656
v 69.398361206054688 0 -30.091102600097656
v 73.774185180664062 0 -30.091102600097656
v 78.150001525878906 0 -30.091102600097656
v 78.150001525878906 0 -30.49110221862793
v 76.865058898925781 0 -30.548427581787109
v 77.63165283203125 0 -30.548427581787109
v 78.550003051757812 0 -30.49110221862793
v 79.931434631347656 0 -30.548427581787109
v 79.164840698242188 0 -30.548427581787109
v 79.931434631347656 0 -26.420261383056641
v 79.931434631347656 0 -28.071527481079102
v 78.550003051757812 0 -30.091102600097656
v 80.650001525878906 0 -30.091102600097656
v 80.650001525878906 0 -29.091102600097656
v 80.25 0 -29.091102600097656
v 80.25 0 -29.69110107421875
v 76.994163513183594 0 -29.69110107421875
v 76.994163513183594 0 -29.44110107421875
v 78.398246765136719 0 -28.897159576416016
v 76.865058898925781 0 -28.897159576416016
v 77.63165283203125 0 -28.071527481079102
v 77.63165283203125 0 -28.897159576416016
v 77.63165283203125 0 -29.309976577758789
v 76.865058898925781 0 -29.309976577758789
v 77.248359680175781 0 -28.897159576416016
v 77.248359680175781 0 -29.309976577758789
v 76.098464965820312 0 -28.897159576416016
v 76.1441650390625 0 -29.44110107421875
v 76.1441650390625 0 -29.591102600097656
v 76.098464965820312 0 -29.309976577758789
v 76.481765747070312 0 -28.897159576416016
v 76.481765747070312 0 -29.309976577758789
v 76.098464965820312 0 -31.374059677124023
v 76.098464965820312 0 -30.548427581787109
v 74.344161987304688 0 -29.591102600097656
v 74.344161987304688 0 -29.49110221862793
v 74.565284729003906 0 -29.516386032104492
v 74.373634338378906 0 -29.309976577758789
v 75.331878662109375 0 -29.309976577758789
v 74.948577880859375 0 -28.897159576416016
v 74.948577880859375 0 -29.309976577758789
v 74.181983947753906 0 -30.548427581787109
v 71.808357238769531 0 -10.541101455688477
v 71.808357238769531 0 -10.391101837158203
v 72.2655029296875 0 -10.733230590820312
v 71.498908996582031 0 -11.558864593505859
v 71.498908996582031 0 -10.733230590820312
v 75.331878662109375 0 -11.558864593505859
v 73.798690795898438 0 -13.21013069152832
v 73.798690795898438 0 -11.558864593505859
v 71.8822021484375 0 -10.733230590820312
v 72.2655029296875 0 -9.0819644927978516
v 75.331878662109375 0 -8.2563314437866211
v 73.798690795898438 0 -8.2563314437866211
v 73.798690795898438 0 -10.733230590820312
v 73.032096862792969 0 -11.558864593505859
v 73.032096862792969 0 -10.733230590820312
v 72.508354187011719 0 -10.391101837158203
v 72.508354187011719 0 -10.291101455688477
v 72.648796081542969 0 -10.733230590820312
v 73.798690795898438 0 -9.0819644927978516
v 73.032096862792969 0 -8.2563314437866211
v 73.032096862792969 0 -9.0819644927978516
v 72.648796081542969 0 -10.526823043823242
v 72.457145690917969 0 -10.733230590820312
v 72.2655029296875 0 -10.526823043823242
v 72.457145690917969 0 -10.526823043823242
v 73.032096862792969 0 -11.146047592163086
v 72.648796081542969 0 -11.558864593505859
v 72.2655029296875 0 -11.146047592163086
v 72.648796081542969 0 -11.146047592163086
v 73.798690795898438 0 -12.38449764251709
v 73.032096862792969 0 -13.21013069152832
v 72.2655029296875 0 -12.38449764251709
v 73.032096862792969 0 -12.38449764251709
v 75.331878662109375 0 -14.861396789550781
v 73.798690795898438 0 -16.512662887573242
v 72.2655029296875 0 -14.861396789550781
v 73.798690795898438 0 -14.861396789550781
v 73.032096862792969 0 -9.494781494140625
v 72.2655029296875 0 -9.494781494140625
v 72.648796081542969 0 -9.0819644927978516
v 72.648796081542969 0 -9.494781494140625
v 75.508354187011719 0 -10.291101455688477
v 75.508354187011719 0 -10.391101837158203
v 81.464622497558594 0 -16.512662887573242
v 81.464622497558594 0 -9.907597541809082
v 81.464622497558594 0 -13.21013069152832
v 76.098464965820312 0 -11.558864593505859
v 75.331878662109375 0 -10.733230590820312
v 78.398246765136719 0 -8.2563314437866211
v 81.464622497558594 0 -3.3025326728820801
v 81.464622497558594 0 -6.6050653457641602
v 75.715171813964844 0 -10.733230590820312
v 74.565284729003906 0 -11.558864593505859
v 74.565284729003906 0 -10.733230590820312
v 75.331878662109375 0 -9.0819644927978516
v 76.098464965820312 0 -8.2563314437866211
v 76.098464965820312 0 -9.0819644927978516
v 74.948577880859375 0 -10.733230590820312
v 74.565284729003906 0 -8.2563314437866211
v 74.565284729003906 0 -9.0819644927978516
v 76.098464965820312 0 -9.494781494140625
v 75.331878662109375 0 -9.494781494140625
v 75.715171813964844 0 -9.0819644927978516
v 75.715171813964844 0 -9.494781494140625
v 75.715171813964844 0 -10.526823043823242
v 75.523521423339844 0 -10.733230590820312
v 75.331878662109375 0 -10.526823043823242
v 75.523521423339844 0 -10.526823043823242
v 75.715171813964844 0 -11.558864593505859
v 75.331878662109375 0 -11.146047592163086
v 75.715171813964844 0 -11.146047592163086
v 75.331878662109375 0 -12.38449764251709
v 76.098464965820312 0 -12.38449764251709
v 78.398246765136719 0 -14.861396789550781
v 76.1441650390625 0 -10.391101837158203
v 76.1441650390625 0 -11.09110164642334
v 76.294166564941406 0 -11.09110164642334
v 78.398246765136719 0 -10.733230590820312
v 77.63165283203125 0 -9.907597541809082
v 77.63165283203125 0 -10.733230590820312
v 79.931434631347656 0 -13.21013069152832
v 79.931434631347656 0 -9.907597541809082
v 76.294166564941406 0 -12.791101455688477
v 76.1441650390625 0 -12.791101455688477
v 78.398246765136719 0 -12.38449764251709
v 77.63165283203125 0 -13.21013069152832
v 77.63165283203125 0 -12.38449764251709
v 76.098464965820312 0 -14.861396789550781
v 75.331878662109375 0 -14.035763740539551
v 76.1441650390625 0 -14.391101837158203
v 76.294166564941406 0 -14.391101837158203
v 78.398246765136719 0 -14.035763740539551
v 77.63165283203125 0 -14.861396789550781
v 77.63165283203125 0 -14.035763740539551
v 81.464622497558594 0 -14.861396789550781
v 79.931434631347656 0 -16.512662887573242
v 79.931434631347656 0 -14.861396789550781
v 75.331878662109375 0 -15.687029838562012
v 76.098464965820312 0 -15.687029838562012
v 78.398246765136719 0 -18.163928985595703
v 75.331878662109375 0 -18.163928985595703
v 76.294166564941406 0 -15.99110221862793
v 76.1441650390625 0 -15.99110221862793
v 77.63165283203125 0 -16.512662887573242
v 76.098464965820312 0 -18.163928985595703
v 75.331878662109375 0 -17.338296890258789
v 73.798690795898438 0 -19.815195083618164
v 72.2655029296875 0 -18.163928985595703
v 73.798690795898438 0 -18.163928985595703
v 76.1441650390625 0 -17.591102600097656
v 76.294166564941406 0 -17.591102600097656
v 78.398246765136719 0 -17.338296890258789
v 77.63165283203125 0 -18.163928985595703
v 77.63165283203125 0 -17.338296890258789
v 81.464622497558594 0 -18.163928985595703
v 79.931434631347656 0 -19.815195083618164
v 79.931434631347656 0 -18.163928985595703
v 75.331878662109375 0 -18.98956298828125
v 76.098464965820312 0 -18.98956298828125
v 78.398246765136719 0 -21.466461181640625
v 75.331878662109375 0 -21.466461181640625
v 76.294166564941406 0 -19.391101837158203
v 76.1441650390625 0 -19.391101837158203
v 78.398246765136719 0 -18.98956298828125
v 77.63165283203125 0 -19.815195083618164
v 77.63165283203125 0 -18.98956298828125
v 76.098464965820312 0 -21.466461181640625
v 75.331878662109375 0 -20.640829086303711
v 72.2655029296875 0 -21.466461181640625
v 73.798690795898438 0 -21.466461181640625
v 76.1441650390625 0 -20.99110221862793
v 76.294166564941406 0 -20.99110221862793
v 78.398246765136719 0 -20.640829086303711
v 77.63165283203125 0 -21.466461181640625
v 77.63165283203125 0 -20.640829086303711
v 81.464622497558594 0 -21.466461181640625
v 79.931434631347656 0 -23.117729187011719
v 79.931434631347656 0 -21.466461181640625
v 75.331878662109375 0 -22.292095184326172
v 76.098464965820312 0 -22.292095184326172
v 78.398246765136719 0 -24.76899528503418
v 76.294166564941406 0 -22.591102600097656
v 76.1441650390625 0 -22.591102600097656
v 78.398246765136719 0 -22.292095184326172
v 77.63165283203125 0 -23.117729187011719
v 77.63165283203125 0 -22.292095184326172
v 76.098464965820312 0 -24.76899528503418
v 75.331878662109375 0 -23.943361282348633
v 76.1441650390625 0 -24.19110107421875
v 76.294166564941406 0 -24.19110107421875
v 78.398246765136719 0 -23.943361282348633
v 77.63165283203125 0 -24.76899528503418
v 77.63165283203125 0 -23.943361282348633
v 79.931434631347656 0 -24.76899528503418
v 76.098464965820312 0 -26.420261383056641
v 75.331878662109375 0 -25.594627380371094
v 76.098464965820312 0 -25.594627380371094
v 76.294166564941406 0 -25.791101455688477
v 76.194160461425781 0 -25.791101455688477
v 76.098464965820312 0 -26.007444381713867
v 78.398246765136719 0 -25.594627380371094
v 77.63165283203125 0 -26.420261383056641
v 77.63165283203125 0 -25.594627380371094
v 75.331878662109375 0 -27.245893478393555
v 76.098464965820312 0 -25.801036834716797
v 75.715171813964844 0 -26.420261383056641
v 75.331878662109375 0 -26.007444381713867
v 75.715171813964844 0 -25.594627380371094
v 75.715171813964844 0 -26.007444381713867
v 74.565284729003906 0 -26.420261383056641
v 73.798690795898438 0 -25.594627380371094
v 74.565284729003906 0 -24.76899528503418
v 74.565284729003906 0 -25.594627380371094
v 76.098464965820312 0 -25.18181037902832
v 76.194160461425781 0 -26.49110221862793
v 76.1441650390625 0 -26.49110221862793
v 76.098464965820312 0 -26.833078384399414
v 78.398246765136719 0 -27.245893478393555
v 77.63165283203125 0 -27.245893478393555
v 76.098464965820312 0 -26.626668930053711
v 75.715171813964844 0 -27.245893478393555
v 75.331878662109375 0 -26.833078384399414
v 75.715171813964844 0 -26.833078384399414
v 74.565284729003906 0 -27.245893478393555
v 76.098464965820312 0 -26.523464202880859
v 75.906822204589844 0 -26.833078384399414
v 75.715171813964844 0 -26.626668930053711
v 75.906822204589844 0 -26.420261383056641
v 75.906822204589844 0 -26.626668930053711
v 76.098464965820312 0 -26.213851928710938
v 76.1441650390625 0 -28.541101455688477
v 76.994163513183594 0 -28.541101455688477
v 76.994163513183594 0 -24.459659576416016
v 76.994163513183594 0 -20.378219604492188
v 76.994163513183594 0 -16.296777725219727
v 79.472084045410156 0 -16.296777725219727
v 81.949996948242188 0 -16.296777725219727
v 81.949996948242188 0 -20.128219604492188
v 81.949996948242188 0 -23.959659576416016
v 81.949996948242188 0 -27.791101455688477
v 80.25 0 -27.791101455688477
v 80.25 0 -28.19110107421875
v 81.464622497558594 0 -27.245893478393555
v 79.931434631347656 0 -27.245893478393555
v 80.698028564453125 0 -26.420261383056641
v 80.698028564453125 0 -27.245893478393555
v 82.349998474121094 0 -28.19110107421875
v 82.349998474121094 0 -23.2435302734375
v 82.349998474121094 0 -18.29595947265625
v 82.349998474121094 0 -13.348388671875
v 81.949996948242188 0 -13.348388671875
v 81.464622497558594 0 -14.035763740539551
v 81.949996948242188 0 -15.396777153015137
v 79.472084045410156 0 -15.396777153015137
v 76.994163513183594 0 -15.396777153015137
v 76.994163513183594 0 -11.5
v 79.472084045410156 0 -11.5
v 81.949996948242188 0 -11.5
v 81.949996948242188 0 -12.44838809967041
v 82.349998474121094 0 -12.44838809967041
v 82.349998474121094 0 -11.100000381469727
v 79.672080993652344 0 -11.100000381469727
v 76.994163513183594 0 -11.100000381469727
v 76.994163513183594 0 -6.339381217956543
v 74.001258850097656 0 -6.339381217956543
v 71.008354187011719 0 -6.339381217956543
v 71.008354187011719 0 -6.9360437393188477
v 71.594161987304688 0 -6.9360437393188477
v 71.594161987304688 0 -7.9635729789733887
v 71.994163513183594 0 -7.9635729789733887
v 71.994163513183594 0 -6.9360437393188477
v 76.594161987304688 0 -6.9360437393188477
v 76.594161987304688 0 -9.8911018371582031
v 71.994163513183594 0 -9.8911018371582031
v 71.994163513183594 0 -8.8635730743408203
v 71.594161987304688 0 -8.8635730743408203
v 71.594161987304688 0 -9.8911018371582031
v 71.008354187011719 0 -9.8911018371582031
v 71.008354187011719 0 -10.541101455688477
v 58.950000762939453 0 10.391101837158203
v 58.950000762939453 0 9.9393806457519531
v 53.86724853515625 0 13.21013069152832
v 60 0 11.558864593505859
v 58.466812133789062 0 11.558864593505859
v 66.13275146484375 0 13.21013069152832
v 60 0 6.6050653457641602
v 60 0 10.733230590820312
v 58.466812133789062 0 10.733230590820312
v 59.233406066894531 0 11.558864593505859
v 59.233406066894531 0 10.733230590820312
v 61.533187866210938 0 11.558864593505859
v 60 0 8.2563314437866211
v 58.466812133789062 0 6.6050653457641602
v 58.466812133789062 0 8.2563314437866211
v 61.049999237060547 0 9.9393806457519531
v 61.049999237060547 0 10.391101837158203
v 61.533187866210938 0 10.733230590820312
v 60.766593933105469 0 11.558864593505859
v 60.766593933105469 0 10.733230590820312
v 61.533187866210938 0 6.6050653457641602
v 61.533187866210938 0 8.2563314437866211
v 56.977455139160156 0 13.49110221862793
v 56.977455139160156 0 17.45423698425293
v 56.977455139160156 0 21.417373657226562
v 56.277454376220703 0 21.417373657226562
v 53.86724853515625 0 19.815195083618164
v 66.13275146484375 0 19.815195083618164
v 55.400436401367188 0 19.815195083618164
v 53.86724853515625 0 21.466461181640625
v 55.400436401367188 0 23.117729187011719
v 55.400436401367188 0 21.466461181640625
v 50.800876617431641 0 16.512662887573242
v 47.734500885009766 0 19.815195083618164
v 50.800876617431641 0 19.815195083618164
v 56.277454376220703 0 20.99110221862793
v 55.400436401367188 0 20.640829086303711
v 56.167030334472656 0 21.466461181640625
v 55.400436401367188 0 16.512662887573242
v 53.86724853515625 0 18.163928985595703
v 55.400436401367188 0 18.163928985595703
v 56.127452850341797 0 20.99110221862793
v 55.400436401367188 0 22.292095184326172
v 56.167030334472656 0 22.292095184326172
v 53.86724853515625 0 24.76899528503418
v 55.400436401367188 0 26.420261383056641
v 55.400436401367188 0 24.76899528503418
v 57.700218200683594 0 21.466461181640625
v 60 0 18.163928985595703
v 58.466812133789062 0 16.512662887573242
v 58.466812133789062 0 18.163928985595703
v 55.783733367919922 0 20.640829086303711
v 55.400436401367188 0 21.053646087646484
v 55.783733367919922 0 21.466461181640625
v 55.783733367919922 0 21.053646087646484
v 54.633842468261719 0 19.815195083618164
v 53.86724853515625 0 20.640829086303711
v 54.633842468261719 0 21.466461181640625
v 54.633842468261719 0 20.640829086303711
v 52.334060668945312 0 19.815195083618164
v 50.800876617431641 0 21.466461181640625
v 52.334060668945312 0 23.117729187011719
v 52.334060668945312 0 21.466461181640625
v 56.127452850341797 0 19.391101837158203
v 56.277454376220703 0 19.391101837158203
v 56.167030334472656 0 18.163928985595703
v 55.400436401367188 0 18.98956298828125
v 56.167030334472656 0 18.98956298828125
v 55.783733367919922 0 18.98956298828125
v 55.400436401367188 0 19.402379989624023
v 55.783733367919922 0 19.815195083618164
v 55.783733367919922 0 19.402379989624023
v 54.633842468261719 0 18.163928985595703
v 53.86724853515625 0 18.98956298828125
v 54.633842468261719 0 18.98956298828125
v 52.334060668945312 0 16.512662887573242
v 50.800876617431641 0 18.163928985595703
v 52.334060668945312 0 18.163928985595703
v 47.734500885009766 0 13.21013069152832
v 50.800876617431641 0 13.21013069152832
v 57.700218200683594 0 18.163928985595703
v 56.277454376220703 0 17.591102600097656
v 56.127452850341797 0 17.591102600097656
v 55.400436401367188 0 17.338296890258789
v 55.400436401367188 0 13.21013069152832
v 53.86724853515625 0 14.861396789550781
v 55.400436401367188 0 14.861396789550781
v 56.167030334472656 0 17.75111198425293
v 58.466812133789062 0 17.338296890258789
v 57.700218200683594 0 16.512662887573242
v 57.700218200683594 0 17.338296890258789
v 60 0 14.861396789550781
v 58.466812133789062 0 14.861396789550781
v 55.783733367919922 0 17.338296890258789
v 55.400436401367188 0 17.75111198425293
v 55.783733367919922 0 18.163928985595703
v 55.783733367919922 0 17.75111198425293
v 54.633842468261719 0 16.512662887573242
v 53.86724853515625 0 17.338296890258789
v 54.633842468261719 0 17.338296890258789
v 56.127452850341797 0 15.99110221862793
v 56.277454376220703 0 15.99110221862793
v 56.167030334472656 0 14.861396789550781
v 55.400436401367188 0 15.687029838562012
v 56.167030334472656 0 15.687029838562012
v 55.783733367919922 0 15.687029838562012
v 55.400436401367188 0 16.099845886230469
v 55.783733367919922 0 16.512662887573242
v 55.783733367919922 0 16.099845886230469
v 54.633842468261719 0 14.861396789550781
v 53.86724853515625 0 15.687029838562012
v 54.633842468261719 0 15.687029838562012
v 52.334060668945312 0 13.21013069152832
v 50.800876617431641 0 14.861396789550781
v 52.334060668945312 0 14.861396789550781
v 58.466812133789062 0 15.687029838562012
v 57.700218200683594 0 14.861396789550781
v 57.700218200683594 0 15.687029838562012
v 56.277454376220703 0 14.391101837158203
v 56.127452850341797 0 14.391101837158203
v 55.400436401367188 0 14.035763740539551
v 53.86724853515625 0 11.558864593505859
v 55.400436401367188 0 11.558864593505859
v 58.466812133789062 0 14.035763740539551
v 57.700218200683594 0 14.035763740539551
v 55.783733367919922 0 14.035763740539551
v 55.400436401367188 0 14.448579788208008
v 55.783733367919922 0 14.861396789550781
v 55.783733367919922 0 14.448579788208008
v 54.633842468261719 0 13.21013069152832
v 53.86724853515625 0 14.035763740539551
v 54.633842468261719 0 14.035763740539551
v 56.127452850341797 0 12.791101455688477
v 56.277454376220703 0 12.791101455688477
v 56.167030334472656 0 11.558864593505859
v 55.400436401367188 0 12.38449764251709
v 56.167030334472656 0 12.38449764251709
v 55.783733367919922 0 12.38449764251709
v 55.400436401367188 0 12.797313690185547
v 55.783733367919922 0 13.21013069152832
v 55.783733367919922 0 12.797313690185547
v 54.633842468261719 0 11.558864593505859
v 53.86724853515625 0 12.38449764251709
v 54.633842468261719 0 12.38449764251709
v 50.800876617431641 0 11.558864593505859
v 52.334060668945312 0 11.558864593505859
v 58.466812133789062 0 12.38449764251709
v 57.700218200683594 0 11.558864593505859
v 57.700218200683594 0 12.38449764251709
v 56.277454376220703 0 11.09110164642334
v 56.127452850341797 0 11.09110164642334
v 55.400436401367188 0 10.733230590820312
v 53.86724853515625 0 8.2563314437866211
v 55.400436401367188 0 8.2563314437866211
v 57.700218200683594 0 10.733230590820312
v 55.783733367919922 0 10.733230590820312
v 55.400436401367188 0 11.146047592163086
v 55.783733367919922 0 11.558864593505859
v 55.783733367919922 0 11.146047592163086
v 53.86724853515625 0 10.733230590820312
v 54.633842468261719 0 10.733230590820312
v 56.127452850341797 0 10.391101837158203
v 55.491645812988281 0 10.391101837158203
v 55.491645812988281 0 10.291101455688477
v 56.167030334472656 0 8.2563314437866211
v 55.400436401367188 0 9.0819644927978516
v 56.167030334472656 0 9.0819644927978516
v 55.783733367919922 0 10.526823043823242
v 55.400436401367188 0 10.526823043823242
v 55.592086791992188 0 10.733230590820312
v 55.592086791992188 0 10.526823043823242
v 55.017139434814453 0 10.733230590820312
v 54.633842468261719 0 8.2563314437866211
v 53.86724853515625 0 9.0819644927978516
v 54.633842468261719 0 9.0819644927978516
v 52.334060668945312 0 8.2563314437866211
v 56.167030334472656 0 9.494781494140625
v 55.783733367919922 0 9.0819644927978516
v 55.400436401367188 0 9.494781494140625
v 55.783733367919922 0 9.494781494140625
v 52.491645812988281 0 10.291101455688477
v 52.491645812988281 0 10.391101837158203
v 52.334060668945312 0 10.733230590820312
v 53.100654602050781 0 11.558864593505859
v 53.100654602050781 0 10.733230590820312
v 52.717357635498047 0 10.733230590820312
v 53.100654602050781 0 8.2563314437866211
v 52.334060668945312 0 9.0819644927978516
v 53.100654602050781 0 9.0819644927978516
v 51.567470550537109 0 11.558864593505859
v 51.567470550537109 0 10.733230590820312
v 47.734500885009766 0 11.558864593505859
v 49.267688751220703 0 13.21013069152832
v 49.267688751220703 0 11.558864593505859
v 41.601749420166016 0 13.21013069152832
v 44.668125152587891 0 16.512662887573242
v 44.668125152587891 0 13.21013069152832
v 53.100654602050781 0 9.494781494140625
v 52.717357635498047 0 9.0819644927978516
v 52.334060668945312 0 9.494781494140625
v 52.717357635498047 0 9.494781494140625
v 47.734500885009766 0 8.2563314437866211
v 41.601749420166016 0 6.6050653457641602
v 51.950767517089844 0 10.733230590820312
v 52.717357635498047 0 10.526823043823242
v 52.334060668945312 0 10.526823043823242
v 52.525711059570312 0 10.733230590820312
v 52.525711059570312 0 10.526823043823242
v 53.100654602050781 0 11.146047592163086
v 52.334060668945312 0 11.146047592163086
v 52.717357635498047 0 11.558864593505859
v 52.717357635498047 0 11.146047592163086
v 52.334060668945312 0 12.38449764251709
v 53.100654602050781 0 13.21013069152832
v 53.100654602050781 0 12.38449764251709
v 51.791645050048828 0 10.391101837158203
v 51.791645050048828 0 10.541101455688477
v 50.991645812988281 0 10.541101455688477
v 50.991645812988281 0 9.8911018371582031
v 51.477455139160156 0 9.8911018371582031
v 51.477455139160156 0 8.8635730743408203
v 51.877452850341797 0 8.8635730743408203
v 51.877452850341797 0 9.8911018371582031
v 56.277454376220703 0 9.8911018371582031
v 56.277454376220703 0 6.9360437393188477
v 51.877452850341797 0 6.9360437393188477
v 51.877452850341797 0 7.9635729789733887
v 51.477455139160156 0 7.9635729789733887
v 51.477455139160156 0 6.9360437393188477
v 50.991645812988281 0 6.9360437393188477
v 50.991645812988281 0 6.339381217956543
v 53.984550476074219 0 6.339381217956543
v 56.977455139160156 0 6.339381217956543
v 56.977455139160156 0 9.9393806457519531
v 58.049999237060547 0 9.9393806457519531
v 58.049999237060547 0 10.391101837158203
v 56.977455139160156 0 10.391101837158203
v 56.977455139160156 0 12.891101837158203
v 60 0 12.891101837158203
v 63.022544860839844 0 12.891101837158203
v 63.022544860839844 0 10.391101837158203
v 61.950000762939453 0 10.391101837158203
v 61.950000762939453 0 9.9393806457519531
v 62.299781799316406 0 11.558864593505859
v 62.299781799316406 0 10.733230590820312
v 66.13275146484375 0 11.558864593505859
v 64.599563598632812 0 13.21013069152832
v 64.599563598632812 0 11.558864593505859
v 72.2655029296875 0 13.21013069152832
v 69.199127197265625 0 16.512662887573242
v 69.199127197265625 0 13.21013069152832
v 63.022544860839844 0 9.9393806457519531
v 63.022544860839844 0 6.339381217956543
v 66.015449523925781 0 6.339381217956543
v 69.008354187011719 0 6.339381217956543
v 69.008354187011719 0 6.9360437393188477
v 66.13275146484375 0 8.2563314437866211
v 67.665939331054688 0 8.2563314437866211
v 68.522544860839844 0 6.9360437393188477
v 72.2655029296875 0 8.2563314437866211
v 78.398246765136719 0 6.6050653457641602
v 68.522544860839844 0 7.9635729789733887
v 68.122543334960938 0 7.9635729789733887
v 68.122543334960938 0 6.9360437393188477
v 63.722545623779297 0 6.9360437393188477
v 63.722545623779297 0 9.8911018371582031
v 68.122543334960938 0 9.8911018371582031
v 68.122543334960938 0 8.8635730743408203
v 68.522544860839844 0 8.8635730743408203
v 67.665939331054688 0 9.0819644927978516
v 69.199127197265625 0 11.558864593505859
v 67.665939331054688 0 13.21013069152832
v 67.665939331054688 0 11.558864593505859
v 68.522544860839844 0 9.8911018371582031
v 69.008354187011719 0 9.8911018371582031
v 69.008354187011719 0 10.541101455688477
v 68.208351135253906 0 10.541101455688477
v 68.208351135253906 0 10.391101837158203
v 67.665939331054688 0 10.733230590820312
v 68.432533264160156 0 11.558864593505859
v 68.432533264160156 0 10.733230590820312
v 72.2655029296875 0 11.558864593505859
v 70.732315063476562 0 13.21013069152832
v 70.732315063476562 0 11.558864593505859
v 78.398246765136719 0 13.21013069152832
v 75.331878662109375 0 16.512662887573242
v 75.331878662109375 0 13.21013069152832
v 68.049232482910156 0 10.733230590820312
v 66.13275146484375 0 10.733230590820312
v 66.899345397949219 0 11.558864593505859
v 66.899345397949219 0 10.733230590820312
v 67.508354187011719 0 10.391101837158203
v 67.508354187011719 0 10.291101455688477
v 67.282638549804688 0 10.733230590820312
v 66.899345397949219 0 8.2563314437866211
v 66.13275146484375 0 9.0819644927978516
v 66.899345397949219 0 9.0819644927978516
v 64.599563598632812 0 8.2563314437866211
v 67.665939331054688 0 10.526823043823242
v 67.282638549804688 0 10.526823043823242
v 67.474288940429688 0 10.733230590820312
v 67.474288940429688 0 10.526823043823242
v 67.665939331054688 0 11.146047592163086
v 66.899345397949219 0 11.146047592163086
v 67.282638549804688 0 11.558864593505859
v 67.282638549804688 0 11.146047592163086
v 67.665939331054688 0 12.38449764251709
v 66.13275146484375 0 12.38449764251709
v 66.899345397949219 0 13.21013069152832
v 66.899345397949219 0 12.38449764251709
v 69.199127197265625 0 14.861396789550781
v 66.13275146484375 0 14.861396789550781
v 67.665939331054688 0 16.512662887573242
v 67.665939331054688 0 14.861396789550781
v 72.2655029296875 0 19.815195083618164
v 69.199127197265625 0 19.815195083618164
v 67.665939331054688 0 9.494781494140625
v 67.282638549804688 0 9.0819644927978516
v 66.899345397949219 0 9.494781494140625
v 67.282638549804688 0 9.494781494140625
v 64.508354187011719 0 10.291101455688477
v 64.508354187011719 0 10.391101837158203
v 64.599563598632812 0 10.733230590820312
v 63.832969665527344 0 11.558864593505859
v 64.216262817382812 0 10.733230590820312
v 65.366157531738281 0 11.558864593505859
v 65.366157531738281 0 10.733230590820312
v 64.599563598632812 0 9.0819644927978516
v 63.832969665527344 0 8.2563314437866211
v 63.832969665527344 0 9.0819644927978516
v 64.982856750488281 0 10.733230590820312
v 65.366157531738281 0 8.2563314437866211
v 65.366157531738281 0 9.0819644927978516
v 64.599563598632812 0 9.494781494140625
v 64.216262817382812 0 9.0819644927978516
v 63.832969665527344 0 9.494781494140625
v 64.216262817382812 0 9.494781494140625
v 64.599563598632812 0 10.526823043823242
v 64.216262817382812 0 10.526823043823242
v 64.407913208007812 0 10.733230590820312
v 64.407913208007812 0 10.526823043823242
v 64.599563598632812 0 11.146047592163086
v 64.216262817382812 0 11.558864593505859
v 64.216262817382812 0 11.146047592163086
v 64.599563598632812 0 12.38449764251709
v 63.832969665527344 0 12.38449764251709
v 64.599563598632812 0 16.512662887573242
v 64.599563598632812 0 14.861396789550781
v 63.872547149658203 0 10.391101837158203
v 63.872547149658203 0 11.09110164642334
v 63.722545623779297 0 11.09110164642334
v 63.722545623779297 0 12.791101455688477
v 63.872547149658203 0 12.791101455688477
v 61.533187866210938 0 12.38449764251709
v 62.299781799316406 0 12.38449764251709
v 61.533187866210938 0 16.512662887573242
v 61.533187866210938 0 14.861396789550781
v 64.599563598632812 0 14.035763740539551
v 63.832969665527344 0 14.861396789550781
v 64.599563598632812 0 12.797313690185547
v 64.216262817382812 0 12.38449764251709
v 64.216262817382812 0 13.21013069152832
v 64.216262817382812 0 12.797313690185547
v 65.366157531738281 0 13.21013069152832
v 65.366157531738281 0 12.38449764251709
v 63.872547149658203 0 14.391101837158203
v 63.722545623779297 0 14.391101837158203
v 64.599563598632812 0 14.448579788208008
v 64.216262817382812 0 14.035763740539551
v 64.216262817382812 0 14.861396789550781
v 64.216262817382812 0 14.448579788208008
v 64.599563598632812 0 15.687029838562012
v 63.832969665527344 0 15.687029838562012
v 66.13275146484375 0 18.163928985595703
v 64.599563598632812 0 19.815195083618164
v 64.599563598632812 0 18.163928985595703
v 66.13275146484375 0 14.035763740539551
v 65.366157531738281 0 14.861396789550781
v 65.366157531738281 0 14.035763740539551
v 61.533187866210938 0 14.035763740539551
v 62.299781799316406 0 14.861396789550781
v 62.299781799316406 0 14.035763740539551
v 63.722545623779297 0 15.99110221862793
v 63.872547149658203 0 15.99110221862793
v 61.533187866210938 0 15.687029838562012
v 62.299781799316406 0 16.512662887573242
v 62.299781799316406 0 15.687029838562012
v 61.533187866210938 0 18.163928985595703
v 64.599563598632812 0 17.338296890258789
v 63.832969665527344 0 18.163928985595703
v 64.599563598632812 0 16.099845886230469
v 64.216262817382812 0 15.687029838562012
v 64.216262817382812 0 16.512662887573242
v 64.216262817382812 0 16.099845886230469
v 66.13275146484375 0 15.687029838562012
v 65.366157531738281 0 16.512662887573242
v 65.366157531738281 0 15.687029838562012
v 63.872547149658203 0 17.591102600097656
v 63.722545623779297 0 17.591102600097656
v 64.599563598632812 0 17.75111198425293
v 64.216262817382812 0 17.338296890258789
v 63.832969665527344 0 17.75111198425293
v 64.216262817382812 0 18.163928985595703
v 64.216262817382812 0 17.75111198425293
v 64.599563598632812 0 18.98956298828125
v 63.832969665527344 0 18.98956298828125
v 66.13275146484375 0 21.466461181640625
v 64.599563598632812 0 23.117729187011719
v 64.599563598632812 0 21.466461181640625
v 66.13275146484375 0 17.338296890258789
v 65.366157531738281 0 18.163928985595703
v 65.366157531738281 0 17.338296890258789
v 69.199127197265625 0 18.163928985595703
v 67.665939331054688 0 19.815195083618164
v 67.665939331054688 0 18.163928985595703
v 61.533187866210938 0 17.338296890258789
v 62.299781799316406 0 18.163928985595703
v 62.299781799316406 0 17.338296890258789
v 63.722545623779297 0 19.391101837158203
v 63.872547149658203 0 19.391101837158203
v 64.599563598632812 0 20.640829086303711
v 63.832969665527344 0 21.466461181640625
v 64.599563598632812 0 19.402379989624023
v 64.216262817382812 0 18.98956298828125
v 64.216262817382812 0 19.815195083618164
v 64.216262817382812 0 19.402379989624023
v 66.13275146484375 0 18.98956298828125
v 65.366157531738281 0 19.815195083618164
v 65.366157531738281 0 18.98956298828125
v 63.872547149658203 0 20.99110221862793
v 63.722545623779297 0 20.99110221862793
v 64.599563598632812 0 21.053646087646484
v 64.216262817382812 0 20.640829086303711
v 64.216262817382812 0 21.466461181640625
v 64.216262817382812 0 21.053646087646484
v 64.599563598632812 0 22.292095184326172
v 63.832969665527344 0 22.292095184326172
v 66.13275146484375 0 24.76899528503418
v 64.599563598632812 0 26.420261383056641
v 64.599563598632812 0 24.76899528503418
v 66.13275146484375 0 20.640829086303711
v 65.366157531738281 0 21.466461181640625
v 65.366157531738281 0 20.640829086303711
v 69.199127197265625 0 21.466461181640625
v 67.665939331054688 0 23.117729187011719
v 67.665939331054688 0 21.466461181640625
v 62.299781799316406 0 21.466461181640625
v 63.722545623779297 0 21.417373657226562
v 63.022544860839844 0 21.417373657226562
v 63.022544860839844 0 17.45423698425293
v 63.022544860839844 0 13.49110221862793
v 60 0 13.49110221862793
v 46.355838775634766 0 29.49110221862793
v 46.355838775634766 0 29.391101837158203
v 47.734500885009766 0 28.071527481079102
v 46.201313018798828 0 26.420261383056641
v 44.668125152587891 0 28.071527481079102
v 46.201313018798828 0 28.071527481079102
v 47.734500885009766 0 28.897159576416016
v 46.967906951904297 0 28.071527481079102
v 46.201313018798828 0 28.897159576416016
v 46.967906951904297 0 28.897159576416016
v 50.800876617431641 0 28.071527481079102
v 49.267688751220703 0 26.420261383056641
v 49.267688751220703 0 28.071527481079102
v 46.584609985351562 0 28.897159576416016
v 46.201313018798828 0 29.309976577758789
v 46.584609985351562 0 29.309976577758789
v 45.434719085693359 0 28.071527481079102
v 44.668125152587891 0 28.897159576416016
v 45.434719085693359 0 28.897159576416016
v 41.601749420166016 0 28.071527481079102
v 47.734500885009766 0 30.548427581787109
v 46.201313018798828 0 30.548427581787109
v 46.967906951904297 0 31.374059677124023
v 46.967906951904297 0 30.548427581787109
v 49.267688751220703 0 31.374059677124023
v 46.392959594726562 0 29.309976577758789
v 45.818016052246094 0 28.897159576416016
v 45.434719085693359 0 29.309976577758789
v 45.818016052246094 0 29.309976577758789
v 44.668125152587891 0 30.548427581787109
v 45.434719085693359 0 30.548427581787109
v 46.584609985351562 0 30.548427581787109
v 46.955837249755859 0 29.391101837158203
v 46.955837249755859 0 29.291101455688477
v 46.776256561279297 0 29.309976577758789
v 47.351203918457031 0 28.897159576416016
v 49.267688751220703 0 28.897159576416016
v 48.501094818115234 0 28.071527481079102
v 48.501094818115234 0 28.897159576416016
v 46.967906951904297 0 29.103569030761719
v 46.776256561279297 0 28.897159576416016
v 46.584609985351562 0 29.103569030761719
v 46.776256561279297 0 29.103569030761719
v 46.967906951904297 0 28.484344482421875
v 46.584609985351562 0 28.071527481079102
v 46.201313018798828 0 28.484344482421875
v 46.584609985351562 0 28.484344482421875
v 47.734500885009766 0 27.245893478393555
v 46.967906951904297 0 26.420261383056641
v 46.201313018798828 0 27.245893478393555
v 46.967906951904297 0 27.245893478393555
v 47.734500885009766 0 24.76899528503418
v 46.201313018798828 0 23.117729187011719
v 44.668125152587891 0 24.76899528503418
v 46.201313018798828 0 24.76899528503418
v 41.601749420166016 0 19.815195083618164
v 44.668125152587891 0 19.815195083618164
v 48.455837249755859 0 29.291101455688477
v 48.455837249755859 0 29.391101837158203
v 48.1177978515625 0 28.897159576416016
v 49.267688751220703 0 30.548427581787109
v 48.501094818115234 0 31.374059677124023
v 48.501094818115234 0 30.548427581787109
v 48.501094818115234 0 29.103569030761719
v 48.309444427490234 0 28.897159576416016
v 48.1177978515625 0 29.103569030761719
v 48.309444427490234 0 29.103569030761719
v 49.267688751220703 0 29.309976577758789
v 48.884391784667969 0 28.897159576416016
v 48.884391784667969 0 29.309976577758789
v 50.800876617431641 0 28.897159576416016
v 50.034282684326172 0 28.071527481079102
v 50.034282684326172 0 28.897159576416016
v 53.86724853515625 0 28.071527481079102
v 52.334060668945312 0 26.420261383056641
v 52.334060668945312 0 28.071527481079102
v 48.501094818115234 0 28.484344482421875
v 48.1177978515625 0 28.071527481079102
v 47.734500885009766 0 28.484344482421875
v 48.1177978515625 0 28.484344482421875
v 49.267688751220703 0 27.245893478393555
v 48.501094818115234 0 26.420261383056641
v 48.501094818115234 0 27.245893478393555
v 50.800876617431641 0 24.76899528503418
v 49.267688751220703 0 23.117729187011719
v 49.267688751220703 0 24.76899528503418
v 48.1177978515625 0 30.548427581787109
v 48.755836486816406 0 29.391101837158203
v 48.755836486816406 0 29.49110221862793
v 48.884391784667969 0 30.548427581787109
v 50.800876617431641 0 30.548427581787109
v 50.034282684326172 0 31.374059677124023
v 50.034282684326172 0 30.548427581787109
v 49.055835723876953 0 29.49110221862793
v 49.055835723876953 0 29.591102600097656
v 49.076038360595703 0 29.309976577758789
v 50.034282684326172 0 29.309976577758789
v 49.650985717773438 0 28.897159576416016
v 49.650985717773438 0 29.309976577758789
v 50.927452087402344 0 29.591102600097656
v 50.927452087402344 0 29.49110221862793
v 52.334060668945312 0 28.897159576416016
v 51.567470550537109 0 28.071527481079102
v 51.567470550537109 0 28.897159576416016
v 51.184173583984375 0 28.897159576416016
v 50.800876617431641 0 29.309976577758789
v 51.184173583984375 0 29.309976577758789
v 52.334060668945312 0 30.548427581787109
v 51.567470550537109 0 31.374059677124023
v 51.567470550537109 0 30.548427581787109
v 50.992523193359375 0 29.309976577758789
v 50.417579650878906 0 28.897159576416016
v 50.417579650878906 0 29.309976577758789
v 51.184173583984375 0 30.548427581787109
v 51.227455139160156 0 29.49110221862793
v 51.227455139160156 0 29.391101837158203
v 51.375820159912109 0 29.309976577758789
v 51.950767517089844 0 28.897159576416016
v 53.86724853515625 0 28.897159576416016
v 53.100654602050781 0 28.071527481079102
v 53.100654602050781 0 28.897159576416016
v 55.400436401367188 0 28.071527481079102
v 51.527454376220703 0 29.391101837158203
v 51.527454376220703 0 29.291101455688477
v 51.567470550537109 0 29.103569030761719
v 51.375820159912109 0 28.897159576416016
v 51.184173583984375 0 29.103569030761719
v 51.375820159912109 0 29.103569030761719
v 51.567470550537109 0 28.484344482421875
v 51.184173583984375 0 28.071527481079102
v 50.800876617431641 0 28.484344482421875
v 51.184173583984375 0 28.484344482421875
v 52.334060668945312 0 27.245893478393555
v 51.567470550537109 0 26.420261383056641
v 50.800876617431641 0 27.245893478393555
v 51.567470550537109 0 27.245893478393555
v 52.334060668945312 0 24.76899528503418
v 53.027454376220703 0 29.291101455688477
v 53.027454376220703 0 29.391101837158203
v 53.100654602050781 0 29.309976577758789
v 52.717357635498047 0 28.897159576416016
v 53.86724853515625 0 30.548427581787109
v 53.100654602050781 0 30.548427581787109
v 53.100654602050781 0 29.103569030761719
v 52.909008026123047 0 28.897159576416016
v 52.717357635498047 0 29.103569030761719
v 52.909008026123047 0 29.103569030761719
v 53.86724853515625 0 29.309976577758789
v 53.483951568603516 0 28.897159576416016
v 53.483951568603516 0 29.309976577758789
v 55.400436401367188 0 28.897159576416016
v 54.633842468261719 0 28.071527481079102
v 54.633842468261719 0 28.897159576416016
v 53.100654602050781 0 28.484344482421875
v 52.717357635498047 0 28.071527481079102
v 52.334060668945312 0 28.484344482421875
v 52.717357635498047 0 28.484344482421875
v 53.86724853515625 0 27.245893478393555
v 53.100654602050781 0 26.420261383056641
v 53.100654602050781 0 27.245893478393555
v 52.717357635498047 0 30.548427581787109
v 53.627452850341797 0 29.391101837158203
v 53.627452850341797 0 29.49110221862793
v 53.675601959228516 0 29.309976577758789
v 53.483951568603516 0 30.548427581787109
v 55.400436401367188 0 30.548427581787109
v 54.633842468261719 0 31.374059677124023
v 54.633842468261719 0 30.548427581787109
v 54.633842468261719 0 29.309976577758789
v 54.250545501708984 0 28.897159576416016
v 54.250545501708984 0 29.309976577758789
v 54.32745361328125 0 29.49110221862793
v 54.32745361328125 0 29.591102600097656
v 54.633842468261719 0 29.516386032104492
v 54.442195892333984 0 29.309976577758789
v 54.442195892333984 0 29.516386032104492
v 54.250545501708984 0 30.548427581787109
v 55.400436401367188 0 29.309976577758789
v 55.017139434814453 0 28.897159576416016
v 55.017139434814453 0 29.309976577758789
v 60 0 28.071527481079102
v 58.466812133789062 0 28.071527481079102
v 54.977455139160156 0 29.591102600097656
v 54.977455139160156 0 30.091102600097656
v 50.601634979248047 0 30.091102600097656
v 46.225818634033203 0 30.091102600097656
v 41.849998474121094 0 30.091102600097656
v 41.849998474121094 0 30.49110221862793
v 43.134937286376953 0 30.548427581787109
v 42.368343353271484 0 30.548427581787109
v 41.450000762939453 0 30.49110221862793
v 40.068561553955078 0 30.548427581787109
v 40.835155487060547 0 30.548427581787109
v 40.068561553955078 0 26.420261383056641
v 40.068561553955078 0 28.071527481079102
v 41.450000762939453 0 30.091102600097656
v 39.349998474121094 0 30.091102600097656
v 39.349998474121094 0 29.091102600097656
v 39.75 0 29.091102600097656
v 39.75 0 29.69110107421875
v 43.005836486816406 0 29.69110107421875
v 43.005836486816406 0 29.44110107421875
v 43.134937286376953 0 28.897159576416016
v 42.368343353271484 0 28.071527481079102
v 41.601749420166016 0 28.897159576416016
v 42.368343353271484 0 28.897159576416016
v 43.134937286376953 0 29.309976577758789
v 42.751640319824219 0 28.897159576416016
v 42.368343353271484 0 29.309976577758789
v 42.751640319824219 0 29.309976577758789
v 43.901531219482422 0 28.897159576416016
v 43.855838775634766 0 29.44110107421875
v 43.855838775634766 0 29.591102600097656
v 43.901531219482422 0 29.309976577758789
v 43.518234252929688 0 28.897159576416016
v 43.518234252929688 0 29.309976577758789
v 43.901531219482422 0 31.374059677124023
v 43.901531219482422 0 30.548427581787109
v 45.655838012695312 0 29.591102600097656
v 45.655838012695312 0 29.49110221862793
v 45.626365661621094 0 29.309976577758789
v 45.434719085693359 0 29.516386032104492
v 45.051422119140625 0 28.897159576416016
v 44.668125152587891 0 29.309976577758789
v 45.051422119140625 0 29.309976577758789
v 45.818016052246094 0 30.548427581787109
v 58.75 0 22.917373657226562
v 58.75 0 25.917373657226562
v 59.549999237060547 0 25.917373657226562
v 60 0 24.76899528503418
v 59.549999237060547 0 26.317373275756836
v 60 0 25.594627380371094
v 59.233406066894531 0 24.76899528503418
v 59.233406066894531 0 25.594627380371094
v 58.349998474121094 0 26.317373275756836
v 58.349998474121094 0 22.917373657226562
v 56.977455139160156 0 22.917373657226562
v 56.977455139160156 0 26.304237365722656
v 56.977455139160156 0 29.69110107421875
v 59.549999237060547 0 29.69110107421875
v 59.549999237060547 0 30.091102600097656
v 60 0 28.897159576416016
v 59.233406066894531 0 28.071527481079102
v 58.466812133789062 0 28.897159576416016
v 59.233406066894531 0 28.897159576416016
v 60 0 31.374059677124023
v 58.466812133789062 0 31.374059677124023
v 61.533187866210938 0 28.071527481079102
v 60 0 30.548427581787109
v 58.466812133789062 0 30.548427581787109
v 59.233406066894531 0 31.374059677124023
v 59.233406066894531 0 30.548427581787109
v 61.533187866210938 0 31.374059677124023
v 55.877452850341797 0 30.091102600097656
v 55.877452850341797 0 29.591102600097656
v 56.933624267578125 0 30.548427581787109
v 56.167030334472656 0 31.374059677124023
v 56.167030334472656 0 30.548427581787109
v 56.127452850341797 0 29.591102600097656
v 55.783733367919922 0 28.897159576416016
v 55.783733367919922 0 29.309976577758789
v 56.127452850341797 0 26.49110221862793
v 56.177452087402344 0 26.49110221862793
v 55.400436401367188 0 27.245893478393555
v 55.783733367919922 0 26.420261383056641
v 55.400436401367188 0 26.833078384399414
v 55.783733367919922 0 27.245893478393555
v 55.783733367919922 0 26.833078384399414
v 56.167030334472656 0 24.76899528503418
v 55.400436401367188 0 25.594627380371094
v 56.167030334472656 0 25.594627380371094
v 54.633842468261719 0 26.420261383056641
v 54.633842468261719 0 27.245893478393555
v 55.975383758544922 0 26.420261383056641
v 55.783733367919922 0 26.626668930053711
v 55.975383758544922 0 26.833078384399414
v 55.975383758544922 0 26.626668930053711
v 58.466812133789062 0 27.245893478393555
v 57.700218200683594 0 28.071527481079102
v 57.700218200683594 0 27.245893478393555
v 55.783733367919922 0 25.594627380371094
v 55.400436401367188 0 26.007444381713867
v 55.783733367919922 0 26.007444381713867
v 54.633842468261719 0 24.76899528503418
v 53.86724853515625 0 25.594627380371094
v 54.633842468261719 0 25.594627380371094
v 56.071205139160156 0 26.420261383056641
v 55.975383758544922 0 26.523464202880859
v 56.071205139160156 0 26.626668930053711
v 56.071205139160156 0 26.523464202880859
v 55.975383758544922 0 26.007444381713867
v 55.783733367919922 0 26.213851928710938
v 55.975383758544922 0 26.213851928710938
v 56.177452087402344 0 25.791101455688477
v 56.277454376220703 0 25.791101455688477
v 56.167030334472656 0 25.18181037902832
v 55.400436401367188 0 23.943361282348633
v 56.277454376220703 0 24.19110107421875
v 56.127452850341797 0 24.19110107421875
v 56.167030334472656 0 24.356178283691406
v 55.783733367919922 0 23.943361282348633
v 55.400436401367188 0 24.356178283691406
v 55.783733367919922 0 24.76899528503418
v 55.783733367919922 0 24.356178283691406
v 54.633842468261719 0 23.117729187011719
v 53.86724853515625 0 23.943361282348633
v 54.633842468261719 0 23.943361282348633
v 56.127452850341797 0 22.591102600097656
v 56.277454376220703 0 22.591102600097656
v 55.783733367919922 0 22.292095184326172
v 55.400436401367188 0 22.704912185668945
v 55.783733367919922 0 23.117729187011719
v 55.783733367919922 0 22.704912185668945
v 53.86724853515625 0 22.292095184326172
v 54.633842468261719 0 22.292095184326172
v 57.700218200683594 0 22.292095184326172
v 56.277454376220703 0 22.317373275756836
v 56.977455139160156 0 22.317373275756836
v 56.977455139160156 0 22.417373657226562
v 57.316921234130859 0 22.292095184326172
v 57.700218200683594 0 21.879278182983398
v 57.316921234130859 0 21.466461181640625
v 57.316921234130859 0 21.879278182983398
v 58.349998474121094 0 22.417373657226562
v 58.349998474121094 0 19.017374038696289
v 59.549999237060547 0 19.017374038696289
v 59.549999237060547 0 19.417373657226562
v 59.233406066894531 0 18.163928985595703
v 58.75 0 19.417373657226562
v 58.75 0 22.417373657226562
v 61.25 0 22.417373657226562
v 61.25 0 19.417373657226562
v 60.450000762939453 0 19.417373657226562
v 60.450000762939453 0 19.017374038696289
v 60.766593933105469 0 18.163928985595703
v 61.650001525878906 0 19.017374038696289
v 61.650001525878906 0 22.417373657226562
v 63.022544860839844 0 22.417373657226562
v 63.022544860839844 0 22.317373275756836
v 62.299781799316406 0 22.292095184326172
v 62.683078765869141 0 22.292095184326172
v 64.599563598632812 0 23.943361282348633
v 63.832969665527344 0 24.76899528503418
v 62.683078765869141 0 21.466461181640625
v 62.299781799316406 0 21.879278182983398
v 62.683078765869141 0 21.879278182983398
v 63.722545623779297 0 22.317373275756836
v 63.722545623779297 0 22.591102600097656
v 63.872547149658203 0 22.591102600097656
v 64.599563598632812 0 22.704912185668945
v 64.216262817382812 0 22.292095184326172
v 64.216262817382812 0 23.117729187011719
v 64.216262817382812 0 22.704912185668945
v 66.13275146484375 0 22.292095184326172
v 65.366157531738281 0 23.117729187011719
v 65.366157531738281 0 22.292095184326172
v 63.872547149658203 0 24.19110107421875
v 63.722545623779297 0 24.19110107421875
v 64.599563598632812 0 24.356178283691406
v 64.216262817382812 0 23.943361282348633
v 63.832969665527344 0 24.356178283691406
v 64.216262817382812 0 24.76899528503418
v 64.216262817382812 0 24.356178283691406
v 64.599563598632812 0 25.594627380371094
v 63.832969665527344 0 25.594627380371094
v 66.13275146484375 0 28.071527481079102
v 64.599563598632812 0 28.071527481079102
v 66.13275146484375 0 23.943361282348633
v 65.366157531738281 0 24.76899528503418
v 65.366157531738281 0 23.943361282348633
v 69.199127197265625 0 24.76899528503418
v 67.665939331054688 0 26.420261383056641
v 67.665939331054688 0 24.76899528503418
v 63.722545623779297 0 25.791101455688477
v 63.822547912597656 0 25.791101455688477
v 64.599563598632812 0 27.245893478393555
v 64.599563598632812 0 26.007444381713867
v 64.216262817382812 0 25.594627380371094
v 64.216262817382812 0 26.420261383056641
v 64.216262817382812 0 26.007444381713867
v 66.13275146484375 0 25.594627380371094
v 65.366157531738281 0 26.420261383056641
v 65.366157531738281 0 25.594627380371094
v 63.832969665527344 0 25.18181037902832
v 63.822547912597656 0 26.49110221862793
v 63.872547149658203 0 26.49110221862793
v 61.533187866210938 0 27.245893478393555
v 62.299781799316406 0 28.071527481079102
v 62.299781799316406 0 27.245893478393555
v 64.599563598632812 0 26.833078384399414
v 64.216262817382812 0 27.245893478393555
v 64.216262817382812 0 26.833078384399414
v 66.13275146484375 0 27.245893478393555
v 65.366157531738281 0 28.071527481079102
v 65.366157531738281 0 27.245893478393555
v 69.199127197265625 0 28.071527481079102
v 67.665939331054688 0 28.071527481079102
v 64.216262817382812 0 26.626668930053711
v 64.024620056152344 0 26.420261383056641
v 64.024620056152344 0 26.833078384399414
v 64.024620056152344 0 26.626668930053711
v 64.024620056152344 0 26.523464202880859
v 63.928794860839844 0 26.420261383056641
v 63.928794860839844 0 26.626668930053711
v 63.928794860839844 0 26.523464202880859
v 64.216262817382812 0 26.213851928710938
v 64.024620056152344 0 26.007444381713867
v 64.024620056152344 0 26.213851928710938
v 63.872547149658203 0 29.591102600097656
v 64.122543334960938 0 29.591102600097656
v 64.599563598632812 0 28.897159576416016
v 64.599563598632812 0 29.309976577758789
v 64.216262817382812 0 28.897159576416016
v 64.216262817382812 0 29.309976577758789
v 64.599563598632812 0 30.548427581787109
v 63.066375732421875 0 30.548427581787109
v 63.832969665527344 0 31.374059677124023
v 63.832969665527344 0 30.548427581787109
v 66.13275146484375 0 28.897159576416016
v 65.366157531738281 0 28.897159576416016
v 64.122543334960938 0 30.091102600097656
v 60.450000762939453 0 30.091102600097656
v 60.450000762939453 0 29.69110107421875
v 61.533187866210938 0 30.548427581787109
v 60.766593933105469 0 31.374059677124023
v 60.766593933105469 0 30.548427581787109
v 61.533187866210938 0 28.897159576416016
v 60.766593933105469 0 28.071527481079102
v 60.766593933105469 0 28.897159576416016
v 63.022544860839844 0 29.69110107421875
v 63.022544860839844 0 26.304237365722656
v 63.022544860839844 0 22.917373657226562
v 61.650001525878906 0 22.917373657226562
v 61.650001525878906 0 26.317373275756836
v 60.450000762939453 0 26.317373275756836
v 60.450000762939453 0 25.917373657226562
v 60.766593933105469 0 24.76899528503418
v 60.766593933105469 0 25.594627380371094
v 61.25 0 25.917373657226562
v 61.25 0 22.917373657226562
v 48.191646575927734 0 10.541101455688477
v 48.191646575927734 0 10.391101837158203
v 47.734500885009766 0 10.733230590820312
v 48.501094818115234 0 11.558864593505859
v 48.501094818115234 0 10.733230590820312
v 44.668125152587891 0 11.558864593505859
v 46.201313018798828 0 13.21013069152832
v 46.201313018798828 0 11.558864593505859
v 48.1177978515625 0 10.733230590820312
v 47.734500885009766 0 9.0819644927978516
v 44.668125152587891 0 8.2563314437866211
v 46.201313018798828 0 8.2563314437866211
v 46.201313018798828 0 10.733230590820312
v 46.967906951904297 0 11.558864593505859
v 46.967906951904297 0 10.733230590820312
v 47.491645812988281 0 10.391101837158203
v 47.491645812988281 0 10.291101455688477
v 47.351203918457031 0 10.733230590820312
v 46.967906951904297 0 8.2563314437866211
v 46.201313018798828 0 9.0819644927978516
v 46.967906951904297 0 9.0819644927978516
v 47.734500885009766 0 10.526823043823242
v 47.351203918457031 0 10.526823043823242
v 47.542850494384766 0 10.733230590820312
v 47.542850494384766 0 10.526823043823242
v 47.734500885009766 0 11.146047592163086
v 46.967906951904297 0 11.146047592163086
v 47.351203918457031 0 11.558864593505859
v 47.351203918457031 0 11.146047592163086
v 47.734500885009766 0 12.38449764251709
v 46.201313018798828 0 12.38449764251709
v 46.967906951904297 0 13.21013069152832
v 46.967906951904297 0 12.38449764251709
v 47.734500885009766 0 14.861396789550781
v 44.668125152587891 0 14.861396789550781
v 46.201313018798828 0 16.512662887573242
v 46.201313018798828 0 14.861396789550781
v 47.734500885009766 0 9.494781494140625
v 47.351203918457031 0 9.0819644927978516
v 46.967906951904297 0 9.494781494140625
v 47.351203918457031 0 9.494781494140625
v 44.491645812988281 0 10.291101455688477
v 44.491645812988281 0 10.391101837158203
v 38.535373687744141 0 9.907597541809082
v 38.535373687744141 0 16.512662887573242
v 38.535373687744141 0 13.21013069152832
v 44.668125152587891 0 10.733230590820312
v 43.901531219482422 0 11.558864593505859
v 41.601749420166016 0 8.2563314437866211
v 38.535373687744141 0 3.3025326728820801
v 38.535373687744141 0 6.6050653457641602
v 44.284828186035156 0 10.733230590820312
v 45.434719085693359 0 11.558864593505859
v 45.434719085693359 0 10.733230590820312
v 44.668125152587891 0 9.0819644927978516
v 43.901531219482422 0 8.2563314437866211
v 43.901531219482422 0 9.0819644927978516
v 45.051422119140625 0 10.733230590820312
v 45.434719085693359 0 8.2563314437866211
v 45.434719085693359 0 9.0819644927978516
v 44.668125152587891 0 9.494781494140625
v 44.284828186035156 0 9.0819644927978516
v 43.901531219482422 0 9.494781494140625
v 44.284828186035156 0 9.494781494140625
v 44.668125152587891 0 10.526823043823242
v 44.284828186035156 0 10.526823043823242
v 44.476474761962891 0 10.733230590820312
v 44.476474761962891 0 10.526823043823242
v 44.668125152587891 0 11.146047592163086
v 44.284828186035156 0 11.558864593505859
v 44.284828186035156 0 11.146047592163086
v 44.668125152587891 0 12.38449764251709
v 43.901531219482422 0 12.38449764251709
v 41.601749420166016 0 14.861396789550781
v 43.855838775634766 0 10.391101837158203
v 43.855838775634766 0 11.09110164642334
v 43.705837249755859 0 11.09110164642334
v 42.368343353271484 0 9.907597541809082
v 41.601749420166016 0 10.733230590820312
v 42.368343353271484 0 10.733230590820312
v 40.068561553955078 0 9.907597541809082
v 40.068561553955078 0 13.21013069152832
v 43.705837249755859 0 12.791101455688477
v 43.855838775634766 0 12.791101455688477
v 41.601749420166016 0 12.38449764251709
v 42.368343353271484 0 13.21013069152832
v 42.368343353271484 0 12.38449764251709
v 44.668125152587891 0 14.035763740539551
v 43.901531219482422 0 14.861396789550781
v 43.855838775634766 0 14.391101837158203
v 43.705837249755859 0 14.391101837158203
v 41.601749420166016 0 14.035763740539551
v 42.368343353271484 0 14.861396789550781
v 42.368343353271484 0 14.035763740539551
v 38.535373687744141 0 14.861396789550781
v 40.068561553955078 0 16.512662887573242
v 40.068561553955078 0 14.861396789550781
v 44.668125152587891 0 15.687029838562012
v 43.901531219482422 0 15.687029838562012
v 44.668125152587891 0 18.163928985595703
v 41.601749420166016 0 18.163928985595703
v 43.705837249755859 0 15.99110221862793
v 43.855838775634766 0 15.99110221862793
v 42.368343353271484 0 16.512662887573242
v 44.668125152587891 0 17.338296890258789
v 43.901531219482422 0 18.163928985595703
v 47.734500885009766 0 18.163928985595703
v 46.201313018798828 0 19.815195083618164
v 46.201313018798828 0 18.163928985595703
v 43.855838775634766 0 17.591102600097656
v 43.705837249755859 0 17.591102600097656
v 41.601749420166016 0 17.338296890258789
v 42.368343353271484 0 18.163928985595703
v 42.368343353271484 0 17.338296890258789
v 38.535373687744141 0 18.163928985595703
v 40.068561553955078 0 19.815195083618164
v 40.068561553955078 0 18.163928985595703
v 44.668125152587891 0 18.98956298828125
v 43.901531219482422 0 18.98956298828125
v 44.668125152587891 0 21.466461181640625
v 41.601749420166016 0 21.466461181640625
v 43.705837249755859 0 19.391101837158203
v 43.855838775634766 0 19.391101837158203
v 41.601749420166016 0 18.98956298828125
v 42.368343353271484 0 19.815195083618164
v 42.368343353271484 0 18.98956298828125
v 44.668125152587891 0 20.640829086303711
v 43.901531219482422 0 21.466461181640625
v 47.734500885009766 0 21.466461181640625
v 46.201313018798828 0 21.466461181640625
v 43.855838775634766 0 20.99110221862793
v 43.705837249755859 0 20.99110221862793
v 41.601749420166016 0 20.640829086303711
v 42.368343353271484 0 21.466461181640625
v 42.368343353271484 0 20.640829086303711
v 38.535373687744141 0 21.466461181640625
v 40.068561553955078 0 23.117729187011719
v 40.068561553955078 0 21.466461181640625
v 44.668125152587891 0 22.292095184326172
v 43.901531219482422 0 22.292095184326172
v 41.601749420166016 0 24.76899528503418
v 43.705837249755859 0 22.591102600097656
v 43.855838775634766 0 22.591102600097656
v 41.601749420166016 0 22.292095184326172
v 42.368343353271484 0 23.117729187011719
v 42.368343353271484 0 22.292095184326172
v 44.668125152587891 0 23.943361282348633
v 43.901531219482422 0 24.76899528503418
v 43.855838775634766 0 24.19110107421875
v 43.705837249755859 0 24.19110107421875
v 41.601749420166016 0 23.943361282348633
v 42.368343353271484 0 24.76899528503418
v 42.368343353271484 0 23.943361282348633
v 40.068561553955078 0 24.76899528503418
v 44.668125152587891 0 25.594627380371094
v 43.901531219482422 0 26.420261383056641
v 43.901531219482422 0 25.594627380371094
v 43.705837249755859 0 25.791101455688477
v 43.805835723876953 0 25.791101455688477
v 43.901531219482422 0 26.007444381713867
v 41.601749420166016 0 25.594627380371094
v 42.368343353271484 0 26.420261383056641
v 42.368343353271484 0 25.594627380371094
v 44.668125152587891 0 27.245893478393555
v 43.901531219482422 0 25.801036834716797
v 44.668125152587891 0 26.007444381713867
v 44.284828186035156 0 25.594627380371094
v 44.284828186035156 0 26.420261383056641
v 44.284828186035156 0 26.007444381713867
v 46.201313018798828 0 25.594627380371094
v 45.434719085693359 0 24.76899528503418
v 45.434719085693359 0 26.420261383056641
v 45.434719085693359 0 25.594627380371094
v 43.901531219482422 0 25.18181037902832
v 43.805835723876953 0 26.49110221862793
v 43.855838775634766 0 26.49110221862793
v 43.901531219482422 0 26.833078384399414
v 41.601749420166016 0 27.245893478393555
v 42.368343353271484 0 27.245893478393555
v 43.901531219482422 0 26.626668930053711
v 44.668125152587891 0 26.833078384399414
v 44.284828186035156 0 27.245893478393555
v 44.284828186035156 0 26.833078384399414
v 45.434719085693359 0 27.245893478393555
v 43.901531219482422 0 26.523464202880859
v 44.284828186035156 0 26.626668930053711
v 44.093177795410156 0 26.420261383056641
v 44.093177795410156 0 26.833078384399414
v 44.093177795410156 0 26.626668930053711
v 43.901531219482422 0 26.213851928710938
v 43.855838775634766 0 28.541101455688477
v 43.005836486816406 0 28.541101455688477
v 43.005836486816406 0 24.459659576416016
v 43.005836486816406 0 20.378219604492188
v 43.005836486816406 0 16.296777725219727
v 40.527919769287109 0 16.296777725219727
v 38.049999237060547 0 16.296777725219727
v 38.049999237060547 0 20.128219604492188
v 38.049999237060547 0 23.959659576416016
v 38.049999237060547 0 27.791101455688477
v 39.75 0 27.791101455688477
v 39.75 0 28.19110107421875
v 40.068561553955078 0 27.245893478393555
v 39.301967620849609 0 26.420261383056641
v 38.535373687744141 0 27.245893478393555
v 39.301967620849609 0 27.245893478393555
v 37.650001525878906 0 28.19110107421875
v 37.650001525878906 0 23.2435302734375
v 37.650001525878906 0 18.29595947265625
v 37.650001525878906 0 13.348388671875
v 38.049999237060547 0 13.348388671875
v 38.535373687744141 0 14.035763740539551
v 38.049999237060547 0 15.396777153015137
v 40.527919769287109 0 15.396777153015137
v 43.005836486816406 0 15.396777153015137
v 43.005836486816406 0 11.5
v 40.527919769287109 0 11.5
v 38.049999237060547 0 11.5
v 38.049999237060547 0 12.44838809967041
v 37.650001525878906 0 12.44838809967041
v 37.650001525878906 0 11.100000381469727
v 40.327919006347656 0 11.100000381469727
v 43.005836486816406 0 11.100000381469727
v 43.005836486816406 0 6.339381217956543
v 45.998741149902344 0 6.339381217956543
v 48.991645812988281 0 6.339381217956543
v 48.991645812988281 0 6.9360437393188477
v 48.405838012695312 0 6.9360437393188477
v 48.405838012695312 0 7.9635729789733887
v 48.005836486816406 0 7.9635729789733887
v 48.005836486816406 0 6.9360437393188477
v 43.405838012695312 0 6.9360437393188477
v 43.405838012695312 0 9.8911018371582031
v 48.005836486816406 0 9.8911018371582031
v 48.005836486816406 0 8.8635730743408203
v 48.405838012695312 0 8.8635730743408203
v 48.405838012695312 0 9.8911018371582031
v 48.991645812988281 0 9.8911018371582031
v 48.991645812988281 0 10.541101455688477
v 73.6441650390625 0 29.49110221862793
v 74.344161987304688 0 29.49110221862793
v 75.331878662109375 0 28.071527481079102
v 73.798690795898438 0 26.420261383056641
v 72.2655029296875 0 28.071527481079102
v 73.798690795898438 0 28.071527481079102
v 74.344161987304688 0 29.591102600097656
v 75.331878662109375 0 28.897159576416016
v 74.565284729003906 0 28.071527481079102
v 73.798690795898438 0 28.897159576416016
v 74.565284729003906 0 28.897159576416016
v 78.398246765136719 0 28.071527481079102
v 74.565284729003906 0 29.309976577758789
v 74.181983947753906 0 28.897159576416016
v 73.798690795898438 0 29.309976577758789
v 74.181983947753906 0 29.309976577758789
v 73.032096862792969 0 28.071527481079102
v 72.2655029296875 0 28.897159576416016
v 73.032096862792969 0 28.897159576416016
v 70.732315063476562 0 26.420261383056641
v 70.732315063476562 0 28.071527481079102
v 75.331878662109375 0 30.548427581787109
v 73.798690795898438 0 30.548427581787109
v 74.565284729003906 0 30.548427581787109
v 74.565284729003906 0 29.516386032104492
v 74.373634338378906 0 29.309976577758789
v 74.181983947753906 0 30.548427581787109
v 72.2655029296875 0 30.548427581787109
v 73.032096862792969 0 31.374059677124023
v 73.032096862792969 0 30.548427581787109
v 70.732315063476562 0 31.374059677124023
v 75.331878662109375 0 29.309976577758789
v 74.948577880859375 0 28.897159576416016
v 74.948577880859375 0 29.309976577758789
v 76.865058898925781 0 28.897159576416016
v 76.098464965820312 0 28.897159576416016
v 76.1441650390625 0 29.591102600097656
v 76.1441650390625 0 29.44110107421875
v 76.865058898925781 0 29.309976577758789
v 76.481765747070312 0 28.897159576416016
v 76.098464965820312 0 29.309976577758789
v 76.481765747070312 0 29.309976577758789
v 76.865058898925781 0 30.548427581787109
v 76.098464965820312 0 31.374059677124023
v 76.098464965820312 0 30.548427581787109
v 78.398246765136719 0 28.897159576416016
v 77.63165283203125 0 28.071527481079102
v 77.63165283203125 0 28.897159576416016
v 79.931434631347656 0 26.420261383056641
v 79.931434631347656 0 28.071527481079102
v 76.994163513183594 0 29.44110107421875
v 76.994163513183594 0 29.69110107421875
v 77.63165283203125 0 29.309976577758789
v 77.248359680175781 0 28.897159576416016
v 77.248359680175781 0 29.309976577758789
v 77.63165283203125 0 30.548427581787109
v 80.25 0 29.69110107421875
v 80.25 0 29.091102600097656
v 80.650001525878906 0 29.091102600097656
v 80.650001525878906 0 30.091102600097656
v 78.550003051757812 0 30.091102600097656
v 78.550003051757812 0 30.49110221862793
v 79.931434631347656 0 30.548427581787109
v 79.164840698242188 0 30.548427581787109
v 78.150001525878906 0 30.49110221862793
v 78.150001525878906 0 30.091102600097656
v 73.774185180664062 0 30.091102600097656
v 69.398361206054688 0 30.091102600097656
v 65.022544860839844 0 30.091102600097656
v 65.022544860839844 0 29.591102600097656
v 66.13275146484375 0 30.548427581787109
v 65.366157531738281 0 31.374059677124023
v 65.366157531738281 0 30.548427581787109
v 65.67254638671875 0 29.591102600097656
v 65.67254638671875 0 29.49110221862793
v 66.13275146484375 0 29.309976577758789
v 65.74945068359375 0 28.897159576416016
v 65.366157531738281 0 29.309976577758789
v 65.74945068359375 0 29.309976577758789
v 67.665939331054688 0 28.897159576416016
v 66.899345397949219 0 28.071527481079102
v 66.899345397949219 0 28.897159576416016
v 65.557807922363281 0 29.309976577758789
v 65.366157531738281 0 29.516386032104492
v 65.557807922363281 0 29.516386032104492
v 64.982856750488281 0 28.897159576416016
v 64.982856750488281 0 29.309976577758789
v 65.74945068359375 0 30.548427581787109
v 67.665939331054688 0 30.548427581787109
v 66.899345397949219 0 30.548427581787109
v 66.372543334960938 0 29.49110221862793
v 66.372543334960938 0 29.391101837158203
v 66.899345397949219 0 29.309976577758789
v 66.516044616699219 0 28.897159576416016
v 66.516044616699219 0 29.309976577758789
v 66.32440185546875 0 29.309976577758789
v 66.516044616699219 0 30.548427581787109
v 66.972549438476562 0 29.391101837158203
v 66.972549438476562 0 29.291101455688477
v 67.282638549804688 0 28.897159576416016
v 69.199127197265625 0 28.897159576416016
v 68.432533264160156 0 28.071527481079102
v 68.432533264160156 0 28.897159576416016
v 67.282638549804688 0 30.548427581787109
v 69.199127197265625 0 30.548427581787109
v 68.432533264160156 0 31.374059677124023
v 68.432533264160156 0 30.548427581787109
v 67.282638549804688 0 29.103569030761719
v 67.090995788574219 0 28.897159576416016
v 66.899345397949219 0 29.103569030761719
v 67.090995788574219 0 29.103569030761719
v 67.665939331054688 0 28.484344482421875
v 67.282638549804688 0 28.071527481079102
v 66.899345397949219 0 28.484344482421875
v 67.282638549804688 0 28.484344482421875
v 67.665939331054688 0 27.245893478393555
v 66.899345397949219 0 26.420261383056641
v 66.899345397949219 0 27.245893478393555
v 68.472549438476562 0 29.291101455688477
v 68.472549438476562 0 29.391101837158203
v 69.199127197265625 0 29.309976577758789
v 68.815826416015625 0 28.897159576416016
v 68.815826416015625 0 29.309976577758789
v 70.732315063476562 0 28.897159576416016
v 69.965721130371094 0 28.071527481079102
v 69.965721130371094 0 28.897159576416016
v 68.815826416015625 0 29.103569030761719
v 68.624176025390625 0 28.897159576416016
v 68.432533264160156 0 29.103569030761719
v 68.624176025390625 0 29.309976577758789
v 68.624176025390625 0 29.103569030761719
v 69.199127197265625 0 28.484344482421875
v 68.815826416015625 0 28.071527481079102
v 68.432533264160156 0 28.484344482421875
v 68.815826416015625 0 28.484344482421875
v 69.199127197265625 0 27.245893478393555
v 68.432533264160156 0 26.420261383056641
v 68.432533264160156 0 27.245893478393555
v 68.049232482910156 0 28.897159576416016
v 68.815826416015625 0 30.548427581787109
v 70.732315063476562 0 30.548427581787109
v 69.965721130371094 0 31.374059677124023
v 69.965721130371094 0 30.548427581787109
v 68.772544860839844 0 29.391101837158203
v 68.772544860839844 0 29.49110221862793
v 69.072547912597656 0 29.49110221862793
v 69.072547912597656 0 29.591102600097656
v 69.007476806640625 0 29.309976577758789
v 69.965721130371094 0 29.309976577758789
v 69.582420349121094 0 28.897159576416016
v 69.582420349121094 0 29.309976577758789
v 70.944160461425781 0 29.591102600097656
v 70.944160461425781 0 29.49110221862793
v 71.498908996582031 0 28.071527481079102
v 71.498908996582031 0 28.897159576416016
v 71.115608215332031 0 28.897159576416016
v 70.732315063476562 0 29.309976577758789
v 71.115608215332031 0 29.309976577758789
v 71.498908996582031 0 31.374059677124023
v 71.498908996582031 0 30.548427581787109
v 70.923957824707031 0 29.309976577758789
v 70.349014282226562 0 28.897159576416016
v 70.349014282226562 0 29.309976577758789
v 71.115608215332031 0 30.548427581787109
v 71.244163513183594 0 29.49110221862793
v 71.244163513183594 0 29.391101837158203
v 71.8822021484375 0 28.897159576416016
v 71.544166564941406 0 29.391101837158203
v 71.544166564941406 0 29.291101455688477
v 71.8822021484375 0 30.548427581787109
v 71.8822021484375 0 29.103569030761719
v 71.6905517578125 0 28.897159576416016
v 71.498908996582031 0 29.103569030761719
v 71.6905517578125 0 29.103569030761719
v 72.2655029296875 0 28.484344482421875
v 71.8822021484375 0 28.071527481079102
v 71.498908996582031 0 28.484344482421875
v 71.8822021484375 0 28.484344482421875
v 72.2655029296875 0 27.245893478393555
v 71.498908996582031 0 26.420261383056641
v 70.732315063476562 0 27.245893478393555
v 71.498908996582031 0 27.245893478393555
v 72.2655029296875 0 24.76899528503418
v 70.732315063476562 0 23.117729187011719
v 70.732315063476562 0 24.76899528503418
v 73.044166564941406 0 29.291101455688477
v 73.044166564941406 0 29.391101837158203
v 73.415390014648438 0 28.897159576416016
v 73.415390014648438 0 29.309976577758789
v 73.415390014648438 0 29.103569030761719
v 73.223739624023438 0 28.897159576416016
v 73.032096862792969 0 29.103569030761719
v 73.223739624023438 0 29.309976577758789
v 73.223739624023438 0 29.103569030761719
v 73.798690795898438 0 28.484344482421875
v 73.415390014648438 0 28.071527481079102
v 73.032096862792969 0 28.484344482421875
v 73.415390014648438 0 28.484344482421875
v 73.798690795898438 0 27.245893478393555
v 73.032096862792969 0 26.420261383056641
v 73.032096862792969 0 27.245893478393555
v 75.331878662109375 0 24.76899528503418
v 73.798690795898438 0 23.117729187011719
v 73.798690795898438 0 24.76899528503418
v 78.398246765136719 0 19.815195083618164
v 75.331878662109375 0 19.815195083618164
v 72.648796081542969 0 28.897159576416016
v 73.415390014648438 0 30.548427581787109
v 73.6441650390625 0 29.391101837158203
v 73.607040405273438 0 29.309976577758789
v 71.808357238769531 0 10.541101455688477
v 71.008354187011719 0 10.541101455688477
v 71.008354187011719 0 9.8911018371582031
v 71.594161987304688 0 9.8911018371582031
v 71.594161987304688 0 8.8635730743408203
v 71.994163513183594 0 8.8635730743408203
v 72.2655029296875 0 9.0819644927978516
v 75.331878662109375 0 8.2563314437866211
v 73.798690795898438 0 8.2563314437866211
v 71.994163513183594 0 9.8911018371582031
v 76.594161987304688 0 9.8911018371582031
v 76.594161987304688 0 6.9360437393188477
v 71.994163513183594 0 6.9360437393188477
v 71.994163513183594 0 7.9635729789733887
v 71.594161987304688 0 7.9635729789733887
v 71.594161987304688 0 6.9360437393188477
v 71.008354187011719 0 6.9360437393188477
v 71.008354187011719 0 6.339381217956543
v 74.001258850097656 0 6.339381217956543
v 76.994163513183594 0 6.339381217956543
v 76.994163513183594 0 11.100000381469727
v 79.672080993652344 0 11.100000381469727
v 82.349998474121094 0 11.100000381469727
v 82.349998474121094 0 12.44838809967041
v 81.464622497558594 0 9.907597541809082
v 81.464622497558594 0 16.512662887573242
v 81.464622497558594 0 13.21013069152832
v 81.949996948242188 0 12.44838809967041
v 81.464622497558594 0 3.3025326728820801
v 81.464622497558594 0 6.6050653457641602
v 79.931434631347656 0 9.907597541809082
v 79.931434631347656 0 13.21013069152832
v 81.464622497558594 0 14.861396789550781
v 81.949996948242188 0 11.5
v 79.472084045410156 0 11.5
v 76.994163513183594 0 11.5
v 76.994163513183594 0 15.396777153015137
v 79.472084045410156 0 15.396777153015137
v 81.949996948242188 0 15.396777153015137
v 81.949996948242188 0 13.348388671875
v 82.349998474121094 0 13.348388671875
v 81.464622497558594 0 14.035763740539551
v 78.398246765136719 0 14.861396789550781
v 79.931434631347656 0 16.512662887573242
v 79.931434631347656 0 14.861396789550781
v 82.349998474121094 0 18.29595947265625
v 82.349998474121094 0 23.2435302734375
v 82.349998474121094 0 28.19110107421875
v 80.25 0 28.19110107421875
v 80.25 0 27.791101455688477
v 81.464622497558594 0 27.245893478393555
v 80.698028564453125 0 26.420261383056641
v 79.931434631347656 0 27.245893478393555
v 80.698028564453125 0 27.245893478393555
v 79.931434631347656 0 23.117729187011719
v 78.398246765136719 0 24.76899528503418
v 79.931434631347656 0 24.76899528503418
v 81.949996948242188 0 27.791101455688477
v 81.949996948242188 0 23.959659576416016
v 81.949996948242188 0 20.128219604492188
v 81.949996948242188 0 16.296777725219727
v 79.472084045410156 0 16.296777725219727
v 76.994163513183594 0 16.296777725219727
v 76.994163513183594 0 20.378219604492188
v 76.994163513183594 0 24.459659576416016
v 76.994163513183594 0 28.541101455688477
v 76.1441650390625 0 28.541101455688477
v 76.1441650390625 0 26.49110221862793
v 76.194160461425781 0 26.49110221862793
v 76.098464965820312 0 26.420261383056641
v 75.331878662109375 0 27.245893478393555
v 76.098464965820312 0 26.833078384399414
v 78.398246765136719 0 27.245893478393555
v 77.63165283203125 0 26.420261383056641
v 77.63165283203125 0 27.245893478393555
v 76.098464965820312 0 24.76899528503418
v 75.331878662109375 0 25.594627380371094
v 76.098464965820312 0 25.594627380371094
v 76.098464965820312 0 26.626668930053711
v 76.098464965820312 0 26.007444381713867
v 78.398246765136719 0 25.594627380371094
v 77.63165283203125 0 24.76899528503418
v 77.63165283203125 0 25.594627380371094
v 75.715171813964844 0 26.420261383056641
v 75.331878662109375 0 26.833078384399414
v 75.715171813964844 0 27.245893478393555
v 75.715171813964844 0 26.833078384399414
v 74.565284729003906 0 26.420261383056641
v 74.565284729003906 0 27.245893478393555
v 76.098464965820312 0 26.523464202880859
v 76.098464965820312 0 26.213851928710938
v 75.715171813964844 0 25.594627380371094
v 75.331878662109375 0 26.007444381713867
v 75.715171813964844 0 26.007444381713867
v 74.565284729003906 0 24.76899528503418
v 73.798690795898438 0 25.594627380371094
v 74.565284729003906 0 25.594627380371094
v 75.906822204589844 0 26.420261383056641
v 75.715171813964844 0 26.626668930053711
v 75.906822204589844 0 26.833078384399414
v 75.906822204589844 0 26.626668930053711
v 76.194160461425781 0 25.791101455688477
v 76.294166564941406 0 25.791101455688477
v 76.098464965820312 0 25.801036834716797
v 76.098464965820312 0 25.18181037902832
v 75.331878662109375 0 23.943361282348633
v 78.398246765136719 0 21.466461181640625
v 75.331878662109375 0 21.466461181640625
v 76.294166564941406 0 24.19110107421875
v 76.1441650390625 0 24.19110107421875
v 78.398246765136719 0 23.943361282348633
v 77.63165283203125 0 23.117729187011719
v 77.63165283203125 0 23.943361282348633
v 76.1441650390625 0 22.591102600097656
v 76.294166564941406 0 22.591102600097656
v 76.098464965820312 0 21.466461181640625
v 75.331878662109375 0 22.292095184326172
v 76.098464965820312 0 22.292095184326172
v 73.798690795898438 0 19.815195083618164
v 72.2655029296875 0 21.466461181640625
v 73.798690795898438 0 21.466461181640625
v 78.398246765136719 0 22.292095184326172
v 77.63165283203125 0 21.466461181640625
v 77.63165283203125 0 22.292095184326172
v 81.464622497558594 0 21.466461181640625
v 79.931434631347656 0 19.815195083618164
v 79.931434631347656 0 21.466461181640625
v 76.294166564941406 0 20.99110221862793
v 76.1441650390625 0 20.99110221862793
v 75.331878662109375 0 20.640829086303711
v 78.398246765136719 0 18.163928985595703
v 75.331878662109375 0 18.163928985595703
v 78.398246765136719 0 20.640829086303711
v 77.63165283203125 0 19.815195083618164
v 77.63165283203125 0 20.640829086303711
v 76.1441650390625 0 19.391101837158203
v 76.294166564941406 0 19.391101837158203
v 76.098464965820312 0 18.163928985595703
v 75.331878662109375 0 18.98956298828125
v 76.098464965820312 0 18.98956298828125
v 73.798690795898438 0 16.512662887573242
v 72.2655029296875 0 18.163928985595703
v 73.798690795898438 0 18.163928985595703
v 78.398246765136719 0 18.98956298828125
v 77.63165283203125 0 18.163928985595703
v 77.63165283203125 0 18.98956298828125
v 81.464622497558594 0 18.163928985595703
v 79.931434631347656 0 18.163928985595703
v 76.294166564941406 0 17.591102600097656
v 76.1441650390625 0 17.591102600097656
v 75.331878662109375 0 17.338296890258789
v 75.331878662109375 0 14.861396789550781
v 78.398246765136719 0 17.338296890258789
v 77.63165283203125 0 16.512662887573242
v 77.63165283203125 0 17.338296890258789
v 76.1441650390625 0 15.99110221862793
v 76.294166564941406 0 15.99110221862793
v 76.098464965820312 0 14.861396789550781
v 75.331878662109375 0 15.687029838562012
v 76.098464965820312 0 15.687029838562012
v 73.798690795898438 0 13.21013069152832
v 72.2655029296875 0 14.861396789550781
v 73.798690795898438 0 14.861396789550781
v 77.63165283203125 0 14.861396789550781
v 76.294166564941406 0 14.391101837158203
v 76.1441650390625 0 14.391101837158203
v 75.331878662109375 0 14.035763740539551
v 75.331878662109375 0 11.558864593505859
v 78.398246765136719 0 14.035763740539551
v 77.63165283203125 0 13.21013069152832
v 77.63165283203125 0 14.035763740539551
v 76.1441650390625 0 12.791101455688477
v 76.294166564941406 0 12.791101455688477
v 76.098464965820312 0 11.558864593505859
v 75.331878662109375 0 12.38449764251709
v 76.098464965820312 0 12.38449764251709
v 73.798690795898438 0 11.558864593505859
v 78.398246765136719 0 12.38449764251709
v 77.63165283203125 0 12.38449764251709
v 76.294166564941406 0 11.09110164642334
v 76.1441650390625 0 11.09110164642334
v 75.331878662109375 0 10.733230590820312
v 78.398246765136719 0 8.2563314437866211
v 78.398246765136719 0 10.733230590820312
v 77.63165283203125 0 9.907597541809082
v 77.63165283203125 0 10.733230590820312
v 76.1441650390625 0 10.391101837158203
v 75.508354187011719 0 10.391101837158203
v 75.508354187011719 0 10.291101455688477
v 75.715171813964844 0 10.733230590820312
v 76.098464965820312 0 8.2563314437866211
v 75.331878662109375 0 9.0819644927978516
v 76.098464965820312 0 9.0819644927978516
v 73.798690795898438 0 10.733230590820312
v 74.565284729003906 0 11.558864593505859
v 74.565284729003906 0 10.733230590820312
v 75.715171813964844 0 10.526823043823242
v 75.331878662109375 0 10.526823043823242
v 75.523521423339844 0 10.733230590820312
v 75.523521423339844 0 10.526823043823242
v 74.948577880859375 0 10.733230590820312
v 74.565284729003906 0 8.2563314437866211
v 73.798690795898438 0 9.0819644927978516
v 74.565284729003906 0 9.0819644927978516
v 75.331878662109375 0 11.146047592163086
v 75.715171813964844 0 11.558864593505859
v 75.715171813964844 0 11.146047592163086
v 76.098464965820312 0 9.494781494140625
v 75.715171813964844 0 9.0819644927978516
v 75.331878662109375 0 9.494781494140625
v 75.715171813964844 0 9.494781494140625
v 72.508354187011719 0 10.291101455688477
v 72.508354187011719 0 10.391101837158203
v 72.2655029296875 0 10.733230590820312
v 73.032096862792969 0 11.558864593505859
v 73.032096862792969 0 10.733230590820312
v 72.648796081542969 0 10.733230590820312
v 73.032096862792969 0 8.2563314437866211
v 73.032096862792969 0 9.0819644927978516
v 71.498908996582031 0 11.558864593505859
v 71.498908996582031 0 10.733230590820312
v 73.032096862792969 0 9.494781494140625
v 72.648796081542969 0 9.0819644927978516
v 72.2655029296875 0 9.494781494140625
v 72.648796081542969 0 9.494781494140625
v 71.8822021484375 0 10.733230590820312
v 72.648796081542969 0 10.526823043823242
v 72.2655029296875 0 10.526823043823242
v 72.457145690917969 0 10.733230590820312
v 72.457145690917969 0 10.526823043823242
v 73.032096862792969 0 11.146047592163086
v 72.2655029296875 0 11.146047592163086
v 72.648796081542969 0 11.558864593505859
v 72.648796081542969 0 11.146047592163086
v 73.798690795898438 0 12.38449764251709
v 72.2655029296875 0 12.38449764251709
v 73.032096862792969 0 13.21013069152832
v 73.032096862792969 0 12.38449764251709
v 71.808357238769531 0 10.391101837158203
v 47.049999237060547 0 35.69110107421875
v 46.650001525878906 0 35.69110107421875
v 46.201313018798828 0 35.502223968505859
v 46.650001525878906 0 32.291103363037109
v 46.25 0 32.291103363037109
v 46.25 0 31.791101455688477
v 49.25 0 31.791101455688477
v 52.25 0 31.791101455688477
v 52.25 0 32.291103363037109
v 52.049999237060547 0 32.291103363037109
v 52.334060668945312 0 33.850959777832031
v 50.800876617431641 0 33.850959777832031
v 52.049999237060547 0 35.391101837158203
v 49.25 0 35.391101837158203
v 49.25 0 35.69110107421875
v 48.501094818115234 0 34.676593780517578
v 48.849998474121094 0 35.69110107421875
v 48.849998474121094 0 35.391101837158203
v 47.950000762939453 0 35.391101837158203
v 47.950000762939453 0 34.991100311279297
v 51.650001525878906 0 34.991100311279297
v 51.650001525878906 0 32.291103363037109
v 47.049999237060547 0 32.291103363037109
v 47.049999237060547 0 -35.69110107421875
v 47.049999237060547 0 -32.291103363037109
v 51.650001525878906 0 -32.291103363037109
v 51.650001525878906 0 -34.991100311279297
v 47.950000762939453 0 -34.991100311279297
v 47.950000762939453 0 -35.391101837158203
v 48.501094818115234 0 -34.676593780517578
v 48.849998474121094 0 -35.391101837158203
v 48.849998474121094 0 -35.69110107421875
v 49.25 0 -35.69110107421875
v 49.25 0 -35.391101837158203
v 52.049999237060547 0 -35.391101837158203
v 52.049999237060547 0 -32.291103363037109
v 52.25 0 -32.291103363037109
v 52.334060668945312 0 -33.850959777832031
v 50.800876617431641 0 -33.850959777832031
v 52.25 0 -31.791101455688477
v 49.25 0 -31.791101455688477
v 46.25 0 -31.791101455688477
v 46.25 0 -32.291103363037109
v 46.650001525878906 0 -32.291103363037109
v 46.650001525878906 0 -35.69110107421875
v 46.201313018798828 0 -35.502223968505859
v 72.050003051757812 0 34.991100311279297
v 72.050003051757812 0 35.391101837158203
v 71.498908996582031 0 34.676593780517578
v 71.150001525878906 0 35.391101837158203
v 71.150001525878906 0 35.69110107421875
v 70.75 0 35.69110107421875
v 70.75 0 35.391101837158203
v 67.949996948242188 0 35.391101837158203
v 67.949996948242188 0 32.291103363037109
v 67.75 0 32.291103363037109
v 69.199127197265625 0 33.850959777832031
v 67.665939331054688 0 33.850959777832031
v 67.75 0 31.791101455688477
v 70.75 0 31.791101455688477
v 73.75 0 31.791101455688477
v 73.75 0 32.291103363037109
v 73.349998474121094 0 32.291103363037109
v 73.349998474121094 0 35.69110107421875
v 72.949996948242188 0 35.69110107421875
v 73.798690795898438 0 35.502223968505859
v 72.949996948242188 0 32.291103363037109
v 68.349998474121094 0 32.291103363037109
v 68.349998474121094 0 34.991100311279297
f 3070 3069 56 63
f 64 55 67
f 65 54 64
f 67 65 64
f 65 67 66 1
f 3468 2 3454
f 3471 3458 3468
f 3454 3471 3468
f 3471 3454 61
f 62 3521 3471
f 3521 3071 3471
f 3478 3458 3471
f 3071 60 3478
f 3471 3071 3478
f 3495 60 3071 3520
f 3520 3072 2897 3495
f 3071 3521 3523 3520
f 3521 62 3522 3523
f 3413 3362 3432 3434
f 3433 3434 3432
f 3441 3418 3434
f 3433 2933 3441
f 3434 3433 3441
f 3450 2933 3433
f 3455 3438 3450
f 3433 3455 3450
f 3453 3455 3433
f 3455 3453 61 3454
f 3461 3438 3455
f 3454 2 3461
f 3455 3454 3461
f 3409 2620 3399
f 3414 3391 3409
f 3399 3414 3409
f 3529 3412 3414
f 3399 3363 3529
f 3414 3399 3529
f 5 3367 3368 2628
f 3398 4 3366
f 3366 2628 3368
f 3368 3361 3398
f 3398 3366 3368
f 1897 7 1746
f 1746 1740 1744
f 1744 1085 1897
f 1897 1746 1744
f 1085 1744 1743 6
f 1756 1741 1745
f 1759 1747 1756
f 1745 1759 1756
f 1883 1757 1759
f 1745 1110 1883
f 1759 1745 1883
f 1836 9 1770
f 1841 1822 1836
f 1770 1841 1836
f 1770 787 1839 1841
f 1840 1841 1839
f 1847 1822 1841
f 1840 1495 1847
f 1841 1840 1847
f 1858 1495 1840
f 1862 1846 1858
f 1840 1862 1858
f 1861 1862 1840
f 1862 1861 1739 1758
f 1768 1766 788 1767
f 1765 1768 1767 1324
f 1787 1286 1325 1765
f 1765 1324 775 1787
f 1795 775 1324
f 1771 1769 1795
f 1324 1771 1795
f 1771 1324 1767
f 1767 788 1771
f 787 1770 1771
f 1825 1769 1771
f 1770 9 1825
f 1771 1770 1825
f 10 792 793 732
f 790 706 732
f 793 785 790
f 732 793 790
f 791 786 1338 1339
f 109 101 82 108
f 119 107 152
f 152 109 108
f 108 81 119
f 119 152 108
f 104 102 68 103
f 106 104 103
f 82 101 106
f 103 82 106
f 125 81 108
f 127 120 125
f 108 127 125
f 108 82 126 127
f 2909 2899 88
f 2900 2901 2909
f 88 2900 2909
f 2898 2901 2900 86
f 2908 2907 69 91
f 3103 2908 91
f 88 2899 3103
f 91 88 3103
f 3095 3066 71 3094
f 2907 3095 3094 69
f 3066 3067 76 71
f 59 70 80 78
f 77 54 65
f 80 70 77
f 65 80 77
f 80 65 1 79
f 105 58 78
f 80 79 105
f 78 80 105
f 92 59 78
f 95 87 92
f 78 95 92
f 4008 95 78
f 58 94 4008
f 78 58 4008
f 11 2930 2932 2929
f 3464 2931 3488
f 3488 2932 2930
f 2930 73 3464
f 3464 3488 2930
f 2932 3488 3490 3487
f 3488 2931 3472 3490
f 3483 74 3489
f 3490 3472 3483
f 3489 3490 3483
f 3487 3490 3489 2881
f 3487 2881 2926
f 2926 72 2929
f 2929 2932 3487
f 3487 2926 2929
f 3462 2 3468 3470
f 3470 3468 3458 3469
f 3469 3458 3478 3480
f 3480 3478 60 3479
f 3491 3474 3484
f 3484 3472 2931
f 2931 3465 3491
f 3491 3484 2931
f 3472 3484 3486 3483
f 3482 3477 3486
f 3484 3474 3482
f 3486 3484 3482
f 3507 3473 3504
f 3504 3485 3486
f 3486 3477 3507
f 3507 3504 3486
f 3483 3486 3485 74
f 3503 3500 3498
f 74 3485 3503
f 3498 74 3503
f 3485 3504 3506 3503
f 3502 3497 3506
f 3504 3473 3502
f 3506 3504 3502
f 3506 3497 3494 3505
f 3503 3506 3505 3500
f 3498 3500 3499 3481
f 3479 60 3495 3496
f 3496 3495 2897 3081
f 3081 2897 3082 3083
f 3080 3085 3087 3084
f 3085 3083 3086 3087
f 3088 3092 3093 3091
f 3092 3080 3084 3093
f 72 2926 2928 2925
f 2926 2881 2927 2928
f 2922 2885 2928
f 2927 2883 2922
f 2928 2927 2922
f 2925 2928 2885 2880
f 2881 3489 3501 2927
f 3498 3481 3501
f 3489 74 3498
f 3501 3489 3498
f 3501 3481 2882 2894
f 2927 3501 2894 2883
f 2904 2886 2923
f 2923 2883 2894
f 2894 2896 2904
f 2904 2923 2894
f 3100 2896 2894
f 2882 2895 3100
f 2894 2882 3100
f 2896 3100 3102 2905
f 3100 2895 3101 3102
f 2886 2904 2906 2892
f 3098 2906 2904
f 2896 2905 3098
f 2904 2896 3098
f 3098 2905 3099
f 2956 2921 2913
f 2921 2887 2913
f 2913 2884 2956
f 2956 2880 2885 2921
f 2885 2922 2924 2921
f 2922 2883 2923 2924
f 2924 2923 2886 2891
f 2918 2887 2921
f 2924 2891 2918
f 2921 2924 2918
f 2887 2918 2920 2917
f 2918 2891 2919 2920
f 2920 2919 2893 2912
f 2903 2893 2919
f 2919 2891 2886
f 2886 2892 2903
f 2903 2919 2886
f 12 3353 3426 3424
f 3422 3417 3426
f 3353 2621 3422
f 3426 3353 3422
f 3435 2934 3425
f 3426 3417 3435
f 3425 3426 3435
f 3424 3426 3425 2459
f 3421 3 3429 3431
f 3431 3429 3418 3430
f 3430 3418 3441 3443
f 3443 3441 2933 3442
f 3417 3423 3436 3435
f 3442 2933 3450 3452
f 3452 3450 3438 3451
f 3451 3438 3461 3463
f 3463 3461 2 3462
f 3437 3445 3457 3456
f 2459 3425 3447 3446
f 3444 3437 3447
f 3425 2934 3444
f 3447 3425 3444
f 3456 73 2930
f 3447 3437 3456
f 2930 3447 3456
f 3446 3447 2930 11
f 3342 3340 3335 3341
f 3339 3342 3341 3320
f 3344 3332 3330
f 3325 3331 3344
f 3330 3325 3344
f 3341 3335 3346
f 3343 3320 3341
f 3346 3343 3341
f 3335 3332 3344 3346
f 3346 3344 3331 3345
f 3343 3346 3345 2617
f 3375 3364 3386
f 3386 3323 3370
f 3370 3371 3375
f 3375 3386 3370
f 3330 3371 3370 3325
f 3389 3348 3370
f 3348 3325 3370
f 3370 3323 3389
f 3389 2622 3324 3348
f 3345 3331 3350
f 3347 2617 3345
f 3350 3347 3345
f 3331 3325 3348 3350
f 3350 3348 3324 3349
f 3347 3350 3349 2504
f 3385 3383 3369 3384
f 3382 3385 3384 3364
f 3384 3369 3388
f 3386 3364 3384
f 3388 3386 3384
f 3365 3387 3388
f 3386 3388 3387 3323
f 3395 4 3396 3397
f 3404 3402 2620 3403
f 3387 3365 3390
f 3389 3323 3387
f 3390 3389 3387
f 3403 2620 3409 3411
f 3411 3409 3391 3410
f 3352 3406 3416 3415
f 3349 3324 3354
f 3351 2504 3349
f 3354 3351 3349
f 3405 3352 3354
f 3324 2622 3405
f 3354 3324 3405
f 3415 2621 3353
f 3354 3352 3415
f 3353 3354 3415
f 3351 3354 3353 12
f 3379 3372 3328
f 3373 3374 3379
f 3328 3373 3379
f 3372 3379 3381 3378
f 3379 3374 3380 3381
f 3329 3376 3377 3337
f 3376 3328 3372 3377
f 3356 3327 2627
f 3336 3338 3356
f 2627 3336 3356
f 3336 3329 3337 3338
f 3327 3356 3358 3355
f 3356 3338 3357 3358
f 1939 1937 1933 1938
f 1936 1939 1938 1721
f 1933 1916 1723 1932
f 1938 1933 1932
f 1084 1721 1938
f 1932 1084 1938
f 1918 1905 1722 1917
f 1916 1918 1917 1723
f 1925 1923 1907 1924
f 1922 1925 1924 1905
f 1924 1907 1906
f 1722 1905 1924
f 1906 1722 1924
f 13 1856 1877 1875
f 1872 1866 1877
f 1856 1109 1872
f 1877 1856 1872
f 1881 1111 1876
f 1877 1866 1881
f 1876 1877 1881
f 1950 1074 1875
f 1877 1876 1950
f 1875 1877 1950
f 1872 1874 1873 1866
f 1878 1757 1883 1885
f 1885 1883 1110 1884
f 1920 1882 1888
f 1890 1889 1920
f 1888 1890 1920
f 1884 1110 1892 1893
f 1900 1898 7 1899
f 1882 1920 1921 1919
f 1921 1920 1889
f 1912 1896 1919
f 1921 1904 1912
f 1919 1921 1912
f 1896 1912 1914 1911
f 1912 1904 1913 1914
f 1074 1950 1952 1949
f 1950 1876 1951 1952
f 1952 1951 1891 1929
f 1946 1107 1949
f 1952 1929 1946
f 1949 1952 1946
f 1951 1888 1909
f 1888 1882 1909
f 1909 1891 1951
f 1951 1876 1111 1888
f 1891 1909 1910 1908
f 1919 1896 1915
f 1915 1910 1909
f 1909 1882 1919
f 1919 1915 1909
f 1107 1946 1948 1945
f 1946 1929 1947 1948
f 1948 1947 1930 1931
f 1942 1928 1945
f 1948 1931 1942
f 1945 1948 1942
f 1947 1929 1891
f 1908 1930 1947
f 1891 1908 1947
f 1928 1942 1944 1941
f 1942 1931 1943 1944
f 14 1493 1835 1833
f 1830 1821 1835
f 1493 776 1830
f 1835 1493 1830
f 1844 1496 1834
f 1835 1821 1844
f 1834 1835 1844
f 1833 1835 1834 1139
f 1830 1832 1831 1821
f 1826 9 1836 1838
f 1838 1836 1822 1837
f 1837 1822 1847 1849
f 1849 1847 1495 1848
f 1852 1854 1853 1845
f 1848 1495 1858 1860
f 1860 1858 1846 1859
f 1859 1846 1867 1869
f 1869 1867 8 1868
f 1139 1834 1857 1855
f 1852 1845 1857
f 1834 1496 1852
f 1857 1834 1852
f 1865 1109 1856
f 1857 1845 1865
f 1856 1857 1865
f 1855 1857 1856 13
f 1482 1479 1500
f 1500 1287 1282
f 1282 1478 1482
f 1482 1500 1282
f 1481 1479 1482 1484
f 1484 1482 1478 1483
f 1480 1484 1483 1293
f 1483 1478 1488
f 1485 1293 1483
f 1488 1485 1483
f 1478 1282 1486 1488
f 1488 1486 1280 1487
f 1485 1488 1487 1292
f 1485 1466 1497
f 1466 1291 1497
f 1497 1293 1485
f 1485 1292 1277 1466
f 1300 1288 1301
f 1301 1288 1285
f 1289 1290 1301
f 1285 1289 1301
f 1287 1290 1289 1282
f 1309 1307 1283 1308
f 1288 1309 1308 1285
f 1308 1283 1278
f 1284 1285 1308
f 1278 1284 1308
f 1486 1282 1289
f 1289 1285 1284
f 1284 1280 1486
f 1486 1289 1284
f 1280 1284 1803 1489
f 1284 1278 1784 1803
f 1798 777 1802
f 1803 1784 1798
f 1802 1803 1798
f 1489 1803 1802 1279
f 1277 1292 1491 1470
f 1487 1280 1489
f 1491 1292 1487
f 1489 1491 1487
f 1491 1489 1279 1490
f 1470 1491 1490 628
f 1317 1315 1310 1316
f 1314 1317 1316 1311
f 1330 1328 1323 1329
f 1315 1330 1329 1310
f 1323 1321 1286 1322
f 1322 1286 1787 1789
f 1789 1787 775 1788
f 1784 1799 1801 1798
f 1801 1813 1815 1812
f 1813 1786 1793 1815
f 1804 1785 1814
f 1815 1793 1804
f 1814 1815 1804
f 1812 1815 1814 1800
f 1812 1800 777
f 1798 1801 1812
f 777 1798 1812
f 777 1800 1808 1806
f 1814 1785 1805
f 1805 1794 1808
f 1808 1800 1814
f 1814 1805 1808
f 1818 1792 1807
f 1808 1794 1818
f 1807 1808 1818
f 1806 1808 1807 1790
f 1807 1792 1819
f 1819 1791 1492
f 1492 1790 1807
f 1807 1819 1492
f 1788 775 1795 1797
f 1797 1795 1769 1796
f 1796 1769 1825 1827
f 1827 1825 9 1826
f 1490 1279 1809
f 1809 1494 1473
f 1473 628 1490
f 1490 1809 1473
f 1279 1802 1811 1809
f 1806 1790 1811
f 1802 777 1806
f 1811 1802 1806
f 1811 1790 1492 1810
f 1809 1811 1810 1494
f 1810 1492 1820
f 1820 776 1493
f 1493 1494 1810
f 1810 1820 1493
f 1473 1494 1493 14
f 4051 712 695
f 719 721 4051
f 695 719 4051
f 778 720 721
f 719 707 778
f 721 719 778
f 731 728 734
f 719 695 731
f 734 719 731
f 728 10 732 734
f 783 733 734
f 732 706 783
f 734 732 783
f 719 734 733 707
f 780 784 1331 1319
f 773 1318 1320 1298
f 1318 780 1319 1320
f 1302 1297 774
f 779 1299 1302
f 774 779 1302
f 779 773 1298 1299
f 772 1304 1305 1303
f 1498 1305 1304
f 774 1297 1498
f 1304 774 1498
f 757 756 696 710
f 755 745 757
f 710 638 755
f 757 710 755
f 730 711 696
f 726 729 730
f 696 726 730
f 726 694 727 729
f 718 692 758
f 758 638 710
f 710 713 718
f 718 758 710
f 710 696 711 713
f 136 117 118 137
f 134 124 121 133
f 3038 2985 231
f 234 3020 3038
f 231 234 3038
f 3042 3020 234
f 216 3019 3042
f 234 216 3042
f 2991 2968 230
f 2986 2987 2991
f 230 2986 2991
f 2985 2987 2986 231
f 2970 2938 2902 2969
f 2968 2970 2969 230
f 2964 2898 86
f 2939 2940 2964
f 86 2939 2964
f 2967 2940 2939
f 2902 2938 2967
f 2939 2902 2967
f 4017 90 145
f 146 144 4017
f 145 146 4017
f 4021 146 145
f 57 93 4021
f 145 57 4021
f 235 167 4016
f 4016 168 166
f 166 89 235
f 235 4016 166
f 3183 16 2487
f 3014 2470 3183
f 2487 3014 3183
f 2487 232 2961 3014
f 3011 2952 3014
f 2961 233 3011
f 3014 2961 3011
f 3036 218 3162
f 3162 2470 3014
f 3014 2952 3036
f 3036 3162 3014
f 232 2962 2963 2961
f 2962 11 2929 2963
f 2959 2889 2963
f 2929 72 2959
f 2963 2929 2959
f 2961 2963 2889 233
f 3012 2958 2949
f 2958 2890 2949
f 2949 2888 3012
f 3012 233 2889 2958
f 2889 2959 2960 2958
f 2959 72 2925 2960
f 2955 2915 2960
f 2925 2880 2955
f 2960 2925 2955
f 2958 2960 2915 2890
f 2954 2916 2946
f 2946 2914 2890
f 2890 2915 2954
f 2954 2946 2890
f 2915 2955 2957 2954
f 2955 2880 2956 2957
f 2957 2956 2884 2937
f 2942 2916 2954
f 2957 2937 2942
f 2954 2957 2942
f 2916 2942 2944 2941
f 2942 2937 2943 2944
f 2973 2945 2914
f 2946 2947 2973
f 2914 2946 2973
f 2989 2948 3008
f 3008 2888 2949
f 2949 2950 2989
f 2989 3008 2949
f 2975 2950 2949
f 2890 2914 2975
f 2949 2890 2975
f 2950 2975 2976 2974
f 2975 2914 2945 2976
f 2948 2989 2990 2983
f 2989 2950 2974 2990
f 218 3036 3037 3035
f 3036 2952 3010 3037
f 3032 2997 3037
f 3010 2953 3032
f 3037 3010 3032
f 3035 3037 2997 2951
f 2952 3011 3013 3010
f 3011 233 3012 3013
f 3007 2980 3013
f 3012 2888 3007
f 3013 3012 3007
f 3010 3013 2980 2953
f 3033 3006 2995
f 3006 2981 2995
f 2995 2979 3033
f 3033 2953 2980 3006
f 2980 3007 3009 3006
f 3007 2888 3008 3009
f 3009 3008 2948 2982
f 3003 2981 3006
f 3009 2982 3003
f 3006 3009 3003
f 2981 3003 3005 3002
f 3003 2982 3004 3005
f 3005 3004 2984 2994
f 2988 2984 3004
f 3004 2982 2948
f 2948 2983 2988
f 2988 3004 2948
f 3031 2998 3026
f 3026 2996 2951
f 2951 2997 3031
f 3031 3026 2951
f 2997 3032 3034 3031
f 3032 2953 3033 3034
f 3034 3033 2979 3018
f 3022 2998 3031
f 3034 3018 3022
f 3031 3034 3022
f 2998 3022 3024 3021
f 3022 3018 3023 3024
f 3041 3025 2996
f 3026 3027 3041
f 2996 3026 3041
f 3021 3017 3027
f 3026 2998 3021
f 3027 3026 3021
f 2524 17 2501
f 2503 2465 2524
f 2501 2503 2524
f 2501 2458 2502 2503
f 2503 2502 2460 2485
f 2499 2465 2503
f 2485 2452 2499
f 2503 2485 2499
f 2502 2458 12 3424
f 3424 2459 2460 2502
f 2486 3446 2962
f 3446 11 2962
f 2962 232 2486
f 2486 2460 2459 3446
f 2482 2452 2485
f 2488 2455 2482
f 2485 2488 2482
f 2485 2460 2486 2488
f 2488 2486 232 2487
f 3191 2455 2488
f 2487 16 3191
f 2488 2487 3191
f 2633 2631 2608 2632
f 2630 2633 2632 2611
f 2610 2611 2637 2634
f 2632 2608 2635
f 2637 2611 2632
f 2635 2637 2632
f 2637 2635 2571 2636
f 2634 2637 2636 2609
f 2634 2609 2547
f 2585 2610 2634
f 2547 2585 2634
f 2570 2615 2616
f 2635 2608 2629
f 2629 2616 2615
f 2615 2571 2635
f 2635 2629 2615
f 2638 2571 2615
f 2615 2570 2505
f 2505 2538 2638
f 2638 2615 2505
f 2547 2609 2640 2568
f 2636 2571 2638
f 2640 2609 2636
f 2638 2640 2636
f 2640 2638 2538 2639
f 2568 2640 2639 2428
f 3326 3320 3343
f 3343 2617 3321
f 3321 3322 3326
f 3326 3343 3321
f 3321 2617 3347
f 3347 2504 2618
f 2618 2619 3321
f 3321 3347 2618
f 2570 2619 2618 2505
f 3351 2539 2618
f 2539 2505 2618
f 2618 2504 3351
f 3351 12 2458 2539
f 2556 2428 2639
f 2639 2538 2540
f 2540 2511 2556
f 2556 2639 2540
f 2538 2505 2539 2540
f 2540 2539 2458 2501
f 2536 2511 2540
f 2501 17 2536
f 2540 2501 2536
f 2578 2612 2614 2599
f 2624 2614 2612
f 2601 2613 2624
f 2612 2601 2624
f 2614 2624 2626 2623
f 2624 2613 2625 2626
f 1144 1142 1094 1143
f 1141 1144 1143 1121
f 1143 1094 1082
f 1120 1121 1143
f 1082 1120 1143
f 1119 1121 1120 1081
f 1220 18 1136
f 1138 1135 1220
f 1136 1138 1220
f 1136 1073 1137 1138
f 1138 1137 1075 1095
f 1132 825 1202
f 1202 1135 1138
f 1138 1095 1132
f 1132 1202 1138
f 1137 1875 1106
f 1875 1074 1106
f 1106 1075 1137
f 1137 1073 13 1875
f 1075 1106 1108 1096
f 1949 1107 1934
f 1934 1108 1106
f 1106 1074 1949
f 1949 1934 1106
f 1945 1928 1940
f 1940 1935 1934
f 1934 1107 1945
f 1945 1940 1934
f 825 1132 1134 1131
f 1132 1095 1133 1134
f 1128 1114 1134
f 1133 1097 1128
f 1134 1133 1128
f 1131 1134 1114 1071
f 1104 1097 1133
f 1133 1095 1075
f 1075 1096 1104
f 1104 1133 1075
f 1112 1103 1129
f 1129 1097 1104
f 1104 1105 1112
f 1112 1129 1104
f 1105 1104 1096
f 1127 1115 1113
f 1071 1114 1127
f 1113 1071 1127
f 1114 1128 1130 1127
f 1128 1097 1129 1130
f 1124 1118 1130
f 1129 1103 1124
f 1130 1129 1124
f 1127 1130 1118 1115
f 1118 1124 1126 1123
f 1124 1103 1125 1126
f 1644 19 1268
f 1270 1232 1644
f 1268 1270 1644
f 1268 629 1269 1270
f 1270 1269 1140 1237
f 1266 1232 1270
f 1237 852 1266
f 1270 1237 1266
f 1833 1269 1474
f 1269 629 1474
f 1474 14 1833
f 1833 1139 1140 1269
f 1238 1140 1139 1855
f 1855 13 1073 1238
f 1252 852 1237
f 1239 1199 1252
f 1237 1239 1252
f 1237 1140 1238 1239
f 1239 1238 1073 1136
f 1235 1199 1239
f 1136 18 1235
f 1239 1136 1235
f 1395 1366 1381
f 1382 1380 1395
f 1381 1382 1395
f 1383 1382 1381
f 1353 1361 1383
f 1381 1353 1383
f 1398 1396 1387 1397
f 1395 1398 1397 1366
f 1397 1387 1402
f 1399 1366 1397
f 1402 1399 1397
f 1387 1364 1400 1402
f 1402 1400 1357 1401
f 1399 1402 1401 1365
f 1381 1366 1399
f 1399 1365 1350
f 1350 1353 1381
f 1381 1399 1350
f 1419 1413 1438
f 1438 1411 1388
f 1388 1412 1419
f 1419 1438 1388
f 1418 1413 1419 1421
f 1421 1419 1412 1420
f 1417 1421 1420 1390
f 1420 1412 1425
f 1422 1390 1420
f 1425 1422 1420
f 1412 1388 1423 1425
f 1425 1423 1294 1424
f 1422 1425 1424 1389
f 1422 1400 1429
f 1400 1364 1429
f 1429 1390 1422
f 1422 1389 1357 1400
f 1357 1389 1428 1404
f 1424 1294 1426
f 1428 1389 1424
f 1426 1428 1424
f 1428 1426 630 1427
f 1404 1428 1427 1356
f 1350 1365 1406 1403
f 1401 1357 1404
f 1406 1365 1401
f 1404 1406 1401
f 1406 1404 1356 1405
f 1403 1406 1405 627
f 1441 1439 1416 1440
f 1411 1441 1440 1388
f 1453 1446 1414 1452
f 1439 1453 1452 1416
f 1452 1414 1296
f 1415 1416 1452
f 1296 1415 1452
f 1423 1388 1440
f 1440 1416 1415
f 1415 1294 1423
f 1423 1440 1415
f 1451 1448 1447
f 1414 1446 1451
f 1447 1414 1451
f 1464 1462 1457 1463
f 1461 1464 1463 1445
f 1463 1457 1468
f 1465 1445 1463
f 1468 1465 1463
f 1457 1291 1466 1468
f 1468 1466 1277 1467
f 1465 1468 1467 1444
f 1447 1445 1465
f 1465 1444 1296
f 1296 1414 1447
f 1447 1465 1296
f 1296 1444 1472 1469
f 1467 1277 1470
f 1472 1444 1467
f 1470 1472 1467
f 1472 1470 628 1471
f 1469 1472 1471 1295
f 1469 1426 1415
f 1426 1294 1415
f 1415 1296 1469
f 1469 1295 630 1426
f 630 1295 1475 1407
f 1471 628 1473
f 1475 1295 1471
f 1473 1475 1471
f 1475 1473 14 1474
f 1407 1475 1474 629
f 1666 627 1405
f 1405 1356 1408
f 1408 1263 1666
f 1666 1405 1408
f 1427 630 1407
f 1408 1356 1427
f 1407 1408 1427
f 1408 1407 629 1268
f 1656 1263 1408
f 1268 19 1656
f 1408 1268 1656
f 4043 624 631
f 631 584 635
f 635 637 4043
f 4043 631 635
f 4035 703 621
f 704 705 4035
f 621 704 4035
f 4044 636 705
f 704 622 4044
f 705 704 4044
f 1454 1432 1306
f 1449 1450 1454
f 1306 1449 1454
f 1460 1450 1449
f 772 1303 1460
f 1449 772 1460
f 625 1431 1433 1393
f 1431 1306 1432 1433
f 626 1392 1394 1376
f 1430 1394 1392
f 625 1393 1430
f 1392 625 1430
f 1384 1348 623
f 632 1377 1384
f 623 632 1384
f 1391 1377 632
f 626 1376 1391
f 632 626 1391
f 747 746 748 749
f 744 743 693 702
f 186 172 189
f 187 135 186
f 189 187 186
f 188 189 172
f 182 138 110
f 174 175 182
f 110 174 182
f 3129 3127 3124 3128
f 3126 3129 3128 3123
f 3135 3043 217 3134
f 3133 3135 3134 215
f 3054 3019 216
f 3044 3045 3054
f 216 3044 3054
f 3043 3045 3044 217
f 169 213 214 212
f 212 214 200 183
f 219 166 220 221
f 221 220 15 181
f 201 221 181 173
f 212 183 203
f 202 169 212
f 203 202 212
f 3107 3110 3111 3109
f 3178 3174 3179 3181
f 3181 3179 2472 3180
f 3177 3181 3180 3146
f 2456 3182 3184 3174
f 3182 16 3183 3184
f 3184 3183 2470 3161
f 3179 3174 3184
f 3161 2472 3179
f 3184 3161 3179
f 2472 3161 3163 3147
f 3161 2470 3162 3163
f 3163 3162 218 3149
f 3159 3147 3163
f 3149 2471 3159
f 3163 3149 3159
f 3180 3158 3173
f 3158 3148 3173
f 3173 3146 3180
f 3180 2472 3147 3158
f 3158 3147 3159 3160
f 3169 3160 3159
f 2471 3142 3169
f 3159 2471 3169
f 3168 3160 3169 3170
f 3170 3169 3142 3151
f 3164 3151 3165 3167
f 3167 3165 3154 3166
f 3165 3151 3142
f 3152 3154 3165
f 3142 3152 3165
f 3154 3152 3145 3153
f 3152 3142 2471
f 3143 3145 3152
f 2471 3143 3152
f 3145 3143 3141 3144
f 3143 2471 3149
f 3150 3141 3143
f 3149 3150 3143
f 3149 218 3035 3150
f 3150 3035 2951 3029
f 3141 3150 3029 2999
f 3056 3028 2999
f 3029 3030 3056
f 2999 3029 3056
f 3047 3030 3029
f 2951 2996 3047
f 3029 2951 3047
f 3052 3046 3030
f 3047 3048 3052
f 3030 3047 3052
f 3047 2996 3025 3048
f 3046 3052 3053 3051
f 3028 3056 3057 3055
f 3056 3030 3046 3057
f 3137 3028 3055 3138
f 3155 3157 3156 3059
f 3058 3120 3122 3119
f 3120 3059 3121 3122
f 2514 2476 3205
f 3205 2474 21
f 21 2475 2514
f 2514 3205 21
f 2475 2515 2516 2514
f 2514 2516 2506 2476
f 2519 2509 2520 2522
f 2522 2520 2466 2521
f 2513 2522 2521 2491
f 2464 2523 2525 2509
f 2523 17 2524 2525
f 2525 2524 2465 2498
f 2520 2509 2525
f 2498 2466 2520
f 2525 2498 2520
f 2466 2498 2500 2492
f 2498 2465 2499 2500
f 2500 2499 2452 2481
f 2495 2492 2500
f 2481 2454 2495
f 2500 2481 2495
f 2521 2466 2492 2494
f 2494 2493 2491 2521
f 2494 2492 2495 2497
f 2497 2495 2454 2496
f 2477 2462 2478 2480
f 2480 2478 2457 2479
f 2480 2479 2463
f 2454 2481 2484 2462
f 2481 2452 2482 2484
f 2484 2482 2455 2483
f 2478 2462 2484
f 2483 2457 2478
f 2484 2483 2478
f 2457 2483 3192 2468
f 2483 2455 3191 3192
f 3192 3191 16 3182
f 3188 2468 3192
f 3182 2456 3188
f 3192 3182 3188
f 2479 2457 2468 3187
f 3187 2469 2463 2479
f 3187 2468 3188 3190
f 3190 3188 2456 3189
f 2473 3199 3200 3198
f 3198 3200 3197 3193
f 2436 2434 2430 2435
f 2433 2436 2435 2429
f 2434 2580 2573 2430
f 2430 2573 2574 2572
f 2596 2594 2577 2595
f 2593 2596 2595 2581
f 2595 2577 2582
f 2584 2581 2595
f 2582 2584 2595
f 2584 2582 2548 2583
f 2584 2583 2560
f 2586 2585 2547 2567
f 2582 2577 2597
f 2597 2586 2567
f 2567 2548 2582
f 2582 2597 2567
f 2548 2567 2569 2561
f 2567 2547 2568 2569
f 2569 2568 2428 2555
f 2564 2561 2569
f 2555 2510 2564
f 2569 2555 2564
f 2583 2548 2561 2563
f 2563 2562 2560 2583
f 2563 2561 2564 2566
f 2566 2564 2510 2565
f 2551 2546 2552 2554
f 2554 2552 2512 2553
f 2554 2553 2528
f 2510 2555 2557 2546
f 2555 2428 2556 2557
f 2557 2556 2511 2535
f 2552 2546 2557
f 2535 2512 2552
f 2557 2535 2552
f 2512 2535 2537 2529
f 2535 2511 2536 2537
f 2537 2536 17 2523
f 2532 2529 2537
f 2523 2464 2532
f 2537 2523 2532
f 2553 2512 2529 2531
f 2531 2530 2528 2553
f 2531 2529 2532 2534
f 2534 2532 2464 2533
f 2549 2550 2542 2518
f 2518 2542 2543 2541
f 2541 2543 2515 2475
f 2541 2475 21
f 2517 2518 2541
f 21 2517 2541
f 2579 2598 2600 2591
f 2598 2578 2599 2600
f 2603 2592 2590
f 2579 2591 2603
f 2590 2579 2603
f 2592 2603 2605 2602
f 2603 2591 2604 2605
f 2432 2439 2440 2438
f 836 844 843 830
f 1161 1159 1152 1160
f 1158 1161 1160 1154
f 1160 1152 1122
f 1153 1154 1160
f 1122 1153 1160
f 1157 1119 1081 1156
f 1152 1157 1156 1122
f 1209 1181 916
f 22 1180 1209
f 916 22 1209
f 1180 1210 1211 1209
f 1209 1211 1205 1181
f 1181 1205 1206 1204
f 1215 1171 1216 1218
f 1218 1216 1196 1217
f 1217 1196 1172 1192
f 1192 1182 1197 1217
f 1216 1171 1219
f 1221 1196 1216
f 1219 1221 1216
f 1219 18 1220 1221
f 1221 1220 1135 1201
f 1196 1221 1201 1172
f 1193 1172 1201
f 1203 1183 1193
f 1201 1203 1193
f 1201 1135 1202 1203
f 1203 1202 825 1188
f 1183 1203 1188 1070
f 1182 1192 1195
f 1192 1172 1193 1195
f 1195 1193 1183 1194
f 1184 1070 1185 1187
f 1187 1185 1169 1186
f 1186 1169 1072 1166
f 1166 1147 1170 1186
f 1185 1070 1188
f 1189 1169 1185
f 1188 1189 1185
f 1188 825 1131 1189
f 1189 1131 1071 1150
f 1169 1189 1150 1072
f 1155 1148 1167
f 1167 1072 1150
f 1150 1151 1155
f 1155 1167 1150
f 1150 1071 1113 1151
f 1147 1166 1168
f 1166 1072 1167 1168
f 1163 1149 1168
f 1167 1148 1163
f 1168 1167 1163
f 1149 1163 1165 1162
f 1163 1148 1164 1165
f 1178 1179 1068 835
f 835 1068 1069 841
f 828 840 842 833
f 840 835 841 842
f 1629 1630 1635 1633
f 1633 1635 1634 1271
f 1639 1231 1640 1642
f 1642 1640 1260 1641
f 1641 1260 1233 1256
f 1256 1245 1261 1641
f 1640 1231 1643
f 1645 1260 1640
f 1643 1645 1640
f 1643 19 1644 1645
f 1645 1644 1232 1265
f 1260 1645 1265 1233
f 1257 1233 1265
f 1267 1246 1257
f 1265 1267 1257
f 1265 1232 1266 1267
f 1267 1266 852 1251
f 1246 1267 1251 1198
f 1245 1256 1259
f 1256 1233 1257 1259
f 1259 1257 1246 1258
f 1247 1198 1248 1250
f 1250 1248 1229 1249
f 1249 1229 1200 1225
f 1225 1213 1230 1249
f 1248 1198 1251
f 1253 1229 1248
f 1251 1253 1248
f 1251 852 1252 1253
f 1253 1252 1199 1234
f 1229 1253 1234 1200
f 1226 1200 1234
f 1236 1214 1226
f 1234 1236 1226
f 1234 1199 1235 1236
f 1236 1235 18 1219
f 1214 1236 1219 1171
f 1213 1225 1228 1224
f 1225 1200 1226 1228
f 1228 1226 1214 1227
f 1212 1241 1242 1240
f 1240 1242 1210 1180
f 1624 1212 1240
f 1240 1180 22
f 22 873 1624
f 1624 1240 22
f 1704 1702 1374 1703
f 1519 1704 1703 1373
f 1374 1672 1673 1671
f 1692 1370 1352 1691
f 1372 1360 1355 1371
f 1370 1372 1371 1352
f 1367 1369 1368 1360
f 1363 1361 1353 1362
f 1368 1363 1362
f 1355 1360 1368
f 1362 1355 1368
f 1362 1353 1350
f 1354 1355 1362
f 1350 1354 1362
f 1371 1355 1354
f 1351 1352 1371
f 1354 1351 1371
f 1351 1354 1677 1660
f 1354 1350 1403 1677
f 1677 1403 627 1665
f 1675 1660 1677
f 1665 1262 1675
f 1677 1665 1675
f 1674 1660 1675 1676
f 1679 1676 1675
f 1262 1661 1679
f 1675 1262 1679
f 1678 1676 1679 1681
f 1683 1681 1679
f 1661 1680 1683
f 1679 1661 1683
f 1682 1681 1683 1685
f 1685 1683 1680 1684
f 1680 1661 1686 1688
f 1688 1686 1664 1687
f 1686 1661 1262
f 1662 1664 1686
f 1262 1662 1686
f 1664 1662 1653 1663
f 1663 1649 1668
f 1649 1631 1668
f 1668 1654 1663
f 1663 1653 1264 1649
f 1662 1262 1665
f 1667 1653 1662
f 1665 1667 1662
f 1665 627 1666 1667
f 1667 1666 1263 1655
f 1653 1667 1655 1264
f 1650 1264 1655
f 1657 1632 1650
f 1655 1657 1650
f 1655 1263 1656 1657
f 1657 1656 19 1643
f 1632 1657 1643 1231
f 1631 1649 1652 1648
f 1649 1264 1650 1652
f 1652 1650 1632 1651
f 1507 1713 1712 1505
f 644 585 649
f 650 642 644
f 649 650 644
f 643 661 664 656
f 661 20 662 664
f 664 662 635 663
f 642 645 647 644
f 644 647 646 585
f 634 1347 1349 1346
f 1375 1349 1347
f 623 1348 1375
f 1347 623 1375
f 633 1694 1695 1693
f 1694 634 1346 1695
f 1522 1699 1701 1526
f 1699 1528 1700 1701
f 684 660 658
f 570 659 684
f 658 570 684
f 657 680 679
f 678 571 648
f 680 657 678
f 648 680 678
f 304 280 279
f 190 277 304
f 279 190 304
f 298 191 269
f 300 278 298
f 269 300 298
f 278 300 299
f 3629 3292 254 3628
f 3644 3629 3628
f 244 3627 3644
f 3628 244 3644
f 3295 3293 253 3294
f 3292 3295 3294 254
f 3303 3126 3123 3302
f 3301 3303 3302 3130
f 265 205 268
f 270 262 265
f 268 270 265
f 264 205 265 267
f 267 265 262 266
f 256 282 284 281
f 284 276 263 283
f 281 284 283 23
f 24 3232 3247 3245
f 3232 2833 3219 3247
f 3236 2865 3246
f 3247 3219 3236
f 3246 3247 3236
f 3245 3247 3246 2863
f 3219 3237 3240 3236
f 3240 3238 3220 3239
f 3236 3240 3239 2865
f 3255 3239 3261
f 3239 3220 3261
f 3261 3242 3255
f 3255 3241 2865 3239
f 3241 3255 3257 3254
f 3257 3284 3285 3283
f 3283 3285 3276 3256
f 3283 3256 2864
f 3254 3257 3283
f 2864 3254 3283
f 2863 3246 3260 3258
f 3246 2865 3241 3260
f 3254 2864 3259
f 3260 3241 3254
f 3259 3260 3254
f 3258 3260 3259 249
f 3314 3107 3109 3315
f 3266 3264 3125 3265
f 3125 3305 3306 3304
f 3305 3058 3119 3306
f 249 3259 3272 3270
f 3267 3253 3272
f 3259 2864 3267
f 3272 3259 3267
f 3272 3253 3244 3271
f 3270 3272 3271 3243
f 3275 3269 3267
f 2864 3256 3275
f 3267 2864 3275
f 3279 3278 3275
f 3256 3276 3279
f 3275 3256 3279
f 3276 3280 3282 3279
f 3279 3282 3281 3278
f 3275 3278 3277 3269
f 3267 3269 3268 3253
f 3288 3290 3291 3289
f 3633 3296 3243
f 3271 3297 3633
f 3243 3271 3633
f 3642 3297 3271
f 3244 3288 3642
f 3271 3244 3642
f 3297 3642 3643 3634
f 3642 3288 3289 3643
f 3296 3633 3635 3632
f 3639 3635 3633
f 3297 3634 3639
f 3633 3297 3639
f 3639 3634 3640 3641
f 25 2821 2837 2835
f 2821 2772 2814 2837
f 2825 2801 2836
f 2837 2814 2825
f 2836 2837 2825
f 2835 2837 2836 2799
f 2814 2826 2829 2825
f 2829 2827 2815 2828
f 2825 2829 2828 2801
f 2828 2815 2831 2849
f 2849 2830 2801 2828
f 2830 2849 2851 2848
f 2848 2851 2850 2800
f 2799 2836 2854 2852
f 2836 2801 2830 2854
f 2848 2800 2853
f 2854 2830 2848
f 2853 2854 2848
f 2852 2854 2853 2453
f 2811 2781 2841 2843
f 2843 2841 2813 2842
f 3212 2813 2841
f 2841 2781 21
f 21 2474 3212
f 3212 2841 21
f 3221 2872 3222 3223
f 3223 3222 3217 3218
f 2453 2853 2868 2866
f 2853 2800 2846 2868
f 2857 2834 2867
f 2868 2846 2857
f 2867 2868 2857
f 2866 2868 2867 2832
f 2846 2858 2860 2857
f 2847 2859 2860
f 2857 2860 2859 2834
f 2859 2847 2862 3228
f 3228 2861 2834 2859
f 2861 3228 3230 3227
f 3227 3230 3229 2833
f 2832 2867 3233 3231
f 2867 2834 2861 3233
f 3227 2833 3232
f 3233 2861 3227
f 3232 3233 3227
f 3231 3233 3232 24
f 2756 2748 2767
f 2767 2673 2751
f 2751 2752 2756
f 2756 2767 2751
f 2714 2752 2751 2671
f 2766 2764 2750 2765
f 2763 2766 2765 2748
f 2765 2750 2769
f 2767 2748 2765
f 2769 2767 2765
f 2749 2768 2769
f 2767 2769 2768 2673
f 2768 2749 2771 2786
f 2786 2770 2673 2768
f 2770 2786 2788 2785
f 2785 2788 2787 2672
f 2671 2751 2790 2733
f 2751 2673 2770 2790
f 2785 2672 2789
f 2790 2770 2785
f 2789 2790 2785
f 2733 2790 2789 2431
f 2670 2443 2437 2669
f 2445 2433 2429 2444
f 2443 2445 2444 2437
f 2669 2437 2779 2780
f 2807 2805 2782 2806
f 2810 2782 2517
f 21 2781 2810
f 2517 21 2810
f 2806 2782 2810 2812
f 2812 2810 2781 2811
f 2431 2789 2804 2802
f 2789 2672 2783 2804
f 2793 2773 2803
f 2804 2783 2793
f 2803 2804 2793
f 2802 2804 2803 2737
f 2783 2794 2796 2793
f 2784 2795 2796
f 2793 2796 2795 2773
f 2795 2784 2798 2817
f 2817 2797 2773 2795
f 2797 2817 2819 2816
f 2816 2819 2818 2772
f 2737 2803 2822 2820
f 2803 2773 2797 2822
f 2816 2772 2821
f 2822 2797 2816
f 2821 2822 2816
f 2820 2822 2821 25
f 2446 2432 2438 2447
f 2760 2753 2723
f 2754 2755 2760
f 2723 2754 2760
f 2753 2760 2762 2759
f 2760 2755 2761 2762
f 2682 2757 2758 2721
f 2757 2723 2753 2758
f 999 989 978 998
f 997 999 998 977
f 1004 1002 991 1003
f 1001 1004 1003 989
f 1003 991 990
f 978 989 1003
f 990 978 1003
f 838 836 830 837
f 26 923 936 934
f 930 927 936
f 923 864 930
f 936 923 930
f 936 927 911 935
f 934 936 935 909
f 864 931 933 930
f 930 933 932 927
f 932 929 928 951
f 951 911 927 932
f 911 951 953 950
f 953 951 928
f 950 953 952 945
f 909 935 956 954
f 950 945 956
f 935 911 950
f 956 935 950
f 956 945 910 955
f 954 956 955 826
f 914 874 940 942
f 942 940 917 941
f 940 874 22
f 916 917 940
f 22 916 940
f 941 917 948 949
f 973 971 829 972
f 829 832 834 831
f 832 828 833 834
f 972 829 831 979
f 826 955 968 966
f 962 959 968
f 955 910 962
f 968 955 962
f 968 959 947 967
f 966 968 967 946
f 910 963 965 962
f 962 965 964 959
f 964 961 960 981
f 981 947 959 964
f 947 981 983 980
f 983 981 960
f 993 976 980
f 983 982 993
f 980 983 993
f 976 993 995 992
f 993 982 994 995
f 946 967 985 984
f 980 976 996
f 996 985 967
f 967 947 980
f 980 996 967
f 27 1595 1604 1603
f 1599 867 1604
f 1595 854 1599
f 1604 1595 1599
f 1604 867 856 881
f 1603 1604 881 853
f 854 1600 1602 1599
f 1599 1602 1601 867
f 1601 868 862 877
f 877 856 867 1601
f 856 877 879 876
f 879 877 862
f 876 879 878 861
f 853 881 883 880
f 876 861 883
f 881 856 876
f 883 881 876
f 883 861 855 882
f 880 883 882 851
f 1609 1605 1610 1612
f 1612 1610 872 1611
f 913 875 1617
f 1617 873 22
f 22 874 913
f 913 1617 22
f 905 875 913 915
f 915 913 874 914
f 851 882 899 897
f 893 890 899
f 882 855 893
f 899 882 893
f 899 890 865 898
f 897 899 898 863
f 855 894 896 893
f 893 896 895 890
f 895 892 891 919
f 919 865 890 895
f 865 919 921 918
f 919 891 912 921
f 918 921 920 908
f 863 898 924 922
f 918 908 924
f 898 865 918
f 924 898 918
f 924 908 864 923
f 922 924 923 26
f 2139 2137 2132 2138
f 2138 2132 1544
f 2133 2134 2138
f 1544 2133 2138
f 2116 2134 2133 1542
f 2142 1539 1537 2141
f 2132 2142 2141 1544
f 2141 1537 1536
f 1543 1544 2141
f 1536 1543 2141
f 2133 1544 1543
f 1535 1542 2133
f 1543 1535 2133
f 1539 1541 1540 1537
f 1550 1552 1554 1551
f 1554 1562 1564 1561
f 1564 1577 1579 1576
f 1576 1579 1578 1563
f 1576 1563 1553
f 1561 1564 1576
f 1553 1561 1576
f 1561 1553 870
f 1551 1554 1561
f 870 1551 1561
f 1535 1543 1560 1558
f 1543 1536 1550 1560
f 1551 870 1559
f 1560 1550 1551
f 1559 1560 1551
f 1558 1560 1559 598
f 1521 1519 1373 1520
f 1518 1521 1520 1510
f 1565 1510 1566 1567
f 1509 1507 1505 1508
f 598 1559 1573 1571
f 1568 1555 1573
f 1559 870 1568
f 1573 1559 1568
f 1573 1555 871 1572
f 1571 1573 1572 869
f 1580 1570 1568
f 870 1553 1580
f 1568 870 1580
f 1553 1563 1582 1580
f 1580 1582 1581 1570
f 1568 1570 1569 1555
f 1591 1569 1585
f 1569 1557 1585
f 1585 1556 1591
f 1591 871 1555 1569
f 871 1591 1593 1590
f 1591 1556 1589 1593
f 1590 1593 1592 1586
f 869 1572 1596 1594
f 1590 1586 1596
f 1572 871 1590
f 1596 1572 1590
f 1596 1586 854 1595
f 1594 1596 1595 27
f 28 562 601 599
f 562 554 580 601
f 599 601 600 546
f 581 563 592 594
f 594 592 549 593
f 592 563 583
f 582 549 592
f 583 582 592
f 1523 1525 1527 1524
f 1525 1522 1526 1527
f 597 1532 1534 1531
f 1532 596 1533 1534
f 2140 2110 595
f 2130 2131 2140
f 595 2130 2140
f 2130 597 1531 2131
f 567 569 553
f 566 553 569
f 568 515 566
f 569 568 566
f 561 518 490
f 552 555 561
f 490 552 561
f 313 322 364 363
f 367 369 368 366
f 3720 3697 3587
f 3715 3716 3720
f 3587 3715 3720
f 3726 3716 3715
f 393 3584 3726
f 3715 393 3726
f 3699 3661 243 3698
f 3697 3699 3698 3587
f 3663 3645 246 3662
f 3696 3663 3662
f 243 3661 3696
f 3662 243 3696
f 3653 3627 244
f 251 3646 3653
f 244 251 3653
f 3660 3646 251
f 246 3645 3660
f 251 246 3660
f 4063 245 252
f 252 204 256
f 256 257 4063
f 4063 252 256
f 4054 323 241
f 324 325 4054
f 241 324 4054
f 4062 255 325
f 324 242 4062
f 325 324 4062
f 29 3740 3741 3739
f 3740 248 3248 3741
f 3741 3248 250 3576
f 3736 247 3739
f 3741 3576 3736
f 3739 3741 3736
f 248 2870 3250 3248
f 3245 2863 3250
f 2870 24 3245
f 3250 2870 3245
f 3258 249 3673
f 3673 3249 3250
f 3250 2863 3258
f 3258 3673 3250
f 3693 250 3248
f 3250 3249 3693
f 3248 3250 3693
f 250 3693 3694 3692
f 3693 3249 3672 3694
f 3694 3672 3274 3658
f 3689 3273 3692
f 3694 3658 3689
f 3692 3694 3689
f 3249 3673 3674 3672
f 3673 249 3270 3674
f 3674 3270 3243 3637
f 3669 3274 3672
f 3674 3637 3669
f 3672 3674 3669
f 3274 3669 3671 3668
f 3669 3637 3670 3671
f 3665 3656 3671
f 3670 3638 3665
f 3671 3670 3665
f 3668 3671 3656 3636
f 3650 3638 3670
f 3670 3637 3243
f 3243 3296 3650
f 3650 3670 3243
f 3666 3638 3650
f 3651 3649 3666
f 3650 3651 3666
f 3652 3651 3650
f 3296 3632 3652
f 3650 3296 3652
f 3656 3665 3667 3664
f 3665 3638 3666 3667
f 3273 3689 3691 3688
f 3689 3658 3690 3691
f 3684 3678 3691
f 3690 3659 3684
f 3691 3690 3684
f 3688 3691 3678 3657
f 3690 3668 3695
f 3668 3636 3695
f 3695 3659 3690
f 3690 3658 3274 3668
f 3683 3679 3704
f 3704 3677 3657
f 3657 3678 3683
f 3683 3704 3657
f 3678 3684 3687 3683
f 3684 3659 3685 3687
f 3683 3687 3686 3679
f 247 3736 3738 3735
f 3736 3576 3737 3738
f 3738 3737 3577 3710
f 3732 3561 3735
f 3738 3710 3732
f 3735 3738 3732
f 3737 3692 3681
f 3692 3273 3681
f 3681 3577 3737
f 3737 3576 250 3692
f 3718 3680 3577
f 3681 3682 3718
f 3577 3681 3718
f 3688 3657 3706
f 3706 3682 3681
f 3681 3273 3688
f 3688 3706 3681
f 3682 3706 3707 3705
f 3706 3657 3677 3707
f 3680 3718 3719 3713
f 3718 3682 3705 3719
f 3561 3732 3734 3731
f 3732 3710 3733 3734
f 3728 3723 3734
f 3733 3711 3728
f 3734 3733 3728
f 3731 3734 3723 3574
f 3712 3711 3733
f 3733 3710 3577
f 3577 3680 3712
f 3712 3733 3577
f 3717 3714 3712
f 3680 3713 3717
f 3712 3680 3717
f 3723 3728 3730 3727
f 3728 3711 3729 3730
f 3908 30 2675 2838
f 2838 2741 2740 3908
f 2675 2738 2840 2838
f 2835 2799 2840
f 2738 25 2835
f 2840 2738 2835
f 2852 2453 2839
f 2840 2799 2852
f 2839 2840 2852
f 2838 2840 2839 2741
f 2741 2839 2871 2869
f 2866 2832 2871
f 2839 2453 2866
f 2871 2839 2866
f 3231 24 2870
f 2871 2832 3231
f 2870 2871 3231
f 2869 2871 2870 248
f 3886 2869 3740
f 2869 248 3740
f 3740 29 3886
f 3886 2740 2741 2869
f 3998 3980 3992
f 3992 3987 3986
f 3986 2707 3998
f 3998 3992 3986
f 2709 2696 2676 2708
f 4002 2707 3986
f 3986 2709 2708
f 2708 2674 4002
f 4002 3986 2708
f 2713 2704 2728
f 2728 2698 2705
f 2705 2706 2713
f 2713 2728 2705
f 2706 2705 2696
f 2727 2725 2719 2726
f 2724 2727 2726 2704
f 2729 2716 2714
f 2671 2715 2729
f 2714 2671 2729
f 2726 2719 2731
f 2728 2704 2726
f 2731 2728 2726
f 2719 2716 2729 2731
f 2731 2729 2715 2730
f 2728 2731 2730 2698
f 2730 2715 2735
f 2732 2698 2730
f 2735 2732 2730
f 2715 2671 2733 2735
f 2735 2733 2431 2734
f 2732 2735 2734 2697
f 2705 2698 2732
f 2732 2697 2676
f 2676 2696 2705
f 2705 2732 2676
f 2676 2697 2739 2736
f 2734 2431 2802
f 2802 2737 2739
f 2739 2697 2734
f 2734 2802 2739
f 2820 25 2738
f 2739 2737 2820
f 2738 2739 2820
f 2736 2739 2738 2675
f 2736 3928 2708
f 3928 2674 2708
f 2708 2676 2736
f 2736 2675 30 3928
f 2743 2695 2683
f 2720 2722 2743
f 2683 2720 2743
f 2720 2682 2721 2722
f 2695 2743 2745 2742
f 2743 2722 2744 2745
f 1025 1023 1013 1024
f 1022 1025 1024 1011
f 1013 997 977 1012
f 1024 1013 1012
f 1000 1011 1024
f 1012 1000 1024
f 2222 937 1017
f 937 904 1017
f 1017 903 2222
f 2222 31 858 937
f 858 901 939 937
f 934 909 939
f 901 26 934
f 939 901 934
f 954 826 1038
f 1038 938 939
f 939 909 954
f 954 1038 939
f 937 939 938 904
f 1037 970 1014
f 1014 969 904
f 904 938 1037
f 1037 1014 904
f 938 1038 1039 1037
f 1038 826 966 1039
f 1039 966 946 1008
f 1034 970 1037
f 1039 1008 1034
f 1037 1039 1034
f 970 1034 1036 1033
f 1034 1008 1035 1036
f 1036 1035 1009 1010
f 1030 1007 1033
f 1036 1010 1030
f 1033 1036 1030
f 1035 1008 946
f 984 1009 1035
f 946 984 1035
f 1007 1030 1032 1029
f 1030 1010 1031 1032
f 969 1014 1015
f 1033 1007 1028
f 1028 1015 1014
f 1014 970 1033
f 1033 1028 1014
f 2190 1016 2218
f 2218 903 1017
f 1017 1018 2190
f 2190 2218 1017
f 1017 904 969 1018
f 2195 2189 2214
f 2214 1016 2190
f 2190 2191 2195
f 2195 2214 2190
f 884 2315 2057
f 2315 32 2057
f 2057 612 884
f 884 859 857 2315
f 612 885 887 884
f 1603 853 887
f 885 27 1603
f 887 885 1603
f 880 851 886
f 887 853 880
f 886 887 880
f 884 887 886 859
f 859 886 902 900
f 897 863 902
f 886 851 897
f 902 886 897
f 922 26 901
f 902 863 922
f 901 902 922
f 900 902 901 858
f 2294 857 859 900
f 900 858 31 2294
f 2043 2041 2015 2042
f 2040 2043 2042 2036
f 2068 2044 2013
f 2045 2046 2068
f 2013 2045 2068
f 2051 2015 2045
f 2045 2013 1991
f 1991 2014 2051
f 2051 2045 1991
f 1987 2036 2053 2050
f 2042 2015 2051
f 2053 2036 2042
f 2051 2053 2042
f 2053 2051 2014 2052
f 2050 2053 2052 1983
f 2071 2069 2049 2070
f 2044 2071 2070 2013
f 2084 2077 2047 2083
f 2069 2084 2083 2049
f 2083 2047 2098
f 2098 1545 2048
f 2048 2049 2083
f 2083 2098 2048
f 2070 2049 2048
f 1991 2013 2070
f 2048 1991 2070
f 2102 2054 2048
f 2054 1991 2048
f 2048 1545 2102
f 2102 613 1990 2054
f 2052 2014 2056
f 2025 1983 2052
f 2056 2025 2052
f 2014 1991 2054 2056
f 2056 2054 1990 2055
f 2025 2056 2055 452
f 2079 2088 2097 2094
f 2097 2095 2076 2096
f 2094 2097 2096 2078
f 2082 2079 2094
f 2094 2078 2047
f 2047 2077 2082
f 2082 2094 2047
f 2119 2099 2089
f 2099 2076 2089
f 2089 2074 2119
f 2119 1547 2075 2099
f 2047 2078 2101 2098
f 2096 2076 2099
f 2101 2078 2096
f 2099 2101 2096
f 2101 2099 2075 2100
f 2098 2101 2100 1545
f 2115 2113 2091 2114
f 2112 2115 2114 2109
f 2128 2116 1542
f 2117 2118 2128
f 1542 2117 2128
f 2113 2108 2118
f 2117 2091 2113
f 2118 2117 2113
f 2120 2091 2117
f 2117 1542 1535
f 1535 2090 2120
f 2120 2117 1535
f 2074 2109 2122 2119
f 2114 2091 2120
f 2122 2109 2114
f 2120 2122 2114
f 2122 2120 2090 2121
f 2119 2122 2121 1547
f 2121 2090 2124
f 2103 1547 2121
f 2124 2103 2121
f 2090 1535 1558 2124
f 2124 1558 598 2123
f 2103 2124 2123 1546
f 2100 2075 2105
f 2102 1545 2100
f 2105 2102 2100
f 2075 1547 2103 2105
f 2105 2103 1546 2104
f 2102 2105 2104 613
f 2104 1546 1575
f 1574 613 2104
f 1575 1574 2104
f 2123 598 1571
f 1571 869 1575
f 1575 1546 2123
f 2123 1571 1575
f 1594 27 885
f 1575 869 1594
f 885 1575 1594
f 1574 1575 885 612
f 2055 1990 2058
f 2029 452 2055
f 2058 2029 2055
f 1990 613 1574 2058
f 2058 1574 612 2057
f 2029 2058 2057 32
f 1974 470 525
f 526 524 1974
f 525 526 1974
f 1957 526 525
f 438 474 1957
f 525 438 1957
f 614 547 1975
f 1975 548 546
f 546 469 614
f 614 1975 546
f 2125 2080 611
f 615 2111 2125
f 611 615 2125
f 2129 2111 615
f 595 2110 2129
f 615 595 2129
f 2085 2064 610
f 1972 2081 2085
f 610 1972 2085
f 1972 611 2080 2081
f 1967 2063 2065 2038
f 2063 610 2064 2065
f 2059 2000 467
f 2037 2039 2059
f 467 2037 2059
f 2062 2039 2037
f 1967 2038 2062
f 2037 1967 2062
f 501 513 514 505
f 499 517 516 497
f 351 330 316
f 348 349 351
f 316 348 351
f 346 349 348 314
f 338 312 378
f 378 258 332
f 332 333 338
f 338 378 332
f 330 333 332 316
f 316 332 377 376
f 375 365 377
f 332 258 375
f 377 332 375
f 3612 3599 400 403
f 3601 3578 392 3600
f 3599 3601 3600 400
f 3583 3579 394
f 398 3580 3583
f 394 398 3583
f 3578 3580 398 392
f 3586 3584 393 3585
f 3764 3586 3585
f 394 3579 3764
f 3585 394 3764
f 399 340 341
f 339 327 399
f 341 339 399
f 4071 331 315
f 339 341 4071
f 315 339 4071
f 404 353 354
f 352 326 404
f 354 352 404
f 353 327 339 354
f 350 347 354
f 339 315 350
f 354 339 350
f 352 354 347 33
f 34 3878 3879 3877
f 3877 3879 3848 3822
f 3858 3844 3871
f 3871 3842 3758
f 3758 3843 3858
f 3858 3871 3758
f 3870 3844 3858
f 3860 3846 3870
f 3858 3860 3870
f 3858 3843 3859 3860
f 3860 3859 397 3850
f 3864 3836 3857
f 3857 3846 3860
f 3860 3850 3864
f 3864 3857 3860
f 3822 3848 3849 3847
f 3847 3849 3840 395
f 3861 3758 3872
f 3872 396 3759
f 3759 3760 3861
f 3861 3872 3759
f 3759 29 3739 3760
f 3756 3560 3862
f 3862 3760 3739
f 3739 247 3756
f 3756 3862 3739
f 3758 3861 3863 3843
f 3861 3760 3862 3863
f 3863 3862 3560 3854
f 3859 3843 3863
f 3854 397 3859
f 3863 3854 3859
f 3851 397 3854
f 3855 3837 3851
f 3854 3855 3851
f 3854 3560 3755 3855
f 3855 3755 3562 3565
f 3837 3855 3565 3559
f 3560 3756 3757 3755
f 3756 247 3735 3757
f 3757 3735 3561 3573
f 3752 3562 3755
f 3757 3573 3752
f 3755 3757 3752
f 3562 3752 3754 3751
f 3752 3573 3753 3754
f 3747 3744 3754
f 3753 3575 3747
f 3754 3753 3747
f 3751 3754 3744 3566
f 3753 3731 3763
f 3731 3574 3763
f 3763 3575 3753
f 3753 3573 3561 3731
f 3746 3745 3766
f 3766 3571 3566
f 3566 3744 3746
f 3746 3766 3566
f 3744 3747 3750 3746
f 3747 3575 3748 3750
f 3746 3750 3749 3745
f 3589 3564 3559
f 3565 3567 3589
f 3559 3565 3589
f 3751 3566 3570
f 3570 3567 3565
f 3565 3562 3751
f 3751 3570 3565
f 3582 3569 3567
f 3570 3572 3582
f 3567 3570 3582
f 3570 3566 3571 3572
f 3581 3569 3582
f 3564 3589 3590 3588
f 3589 3567 3569 3590
f 395 3840 3841 3839
f 3839 3841 3603 3568
f 3856 3836 3864
f 3867 3845 3856
f 3864 3867 3856
f 3864 3850 3865 3867
f 3867 3865 3853 3866
f 3845 3867 3866 3838
f 3865 3850 397
f 3851 3853 3865
f 397 3851 3865
f 3853 3851 3837 3852
f 3591 3596 3598 3595
f 3596 3592 3597 3598
f 3568 3603 3604 3602
f 3604 3610 3611 3609
f 3610 3591 3595 3611
f 35 3920 3921 3919
f 3919 3921 3911 3897
f 3904 3898 3905 3906
f 3897 3911 3912 3910
f 3910 3912 3900 3761
f 3917 2711 3907
f 3909 3898 3917
f 3907 3909 3917
f 3907 30 3908 3909
f 3909 3908 2740 3885
f 3905 3898 3909
f 3885 3762 3905
f 3909 3885 3905
f 3896 3762 3885
f 3887 3874 3896
f 3885 3887 3896
f 3885 2740 3886 3887
f 3887 3886 29 3759
f 3883 3874 3887
f 3759 396 3883
f 3887 3759 3883
f 3761 3900 3901 3899
f 3899 3901 3889 3873
f 3882 3874 3883 3884
f 3873 3889 3890 3888
f 3888 3890 3878 34
f 36 3951 3952 3950
f 3966 3964 3948 3965
f 3963 3966 3965 3956
f 3965 3948 3971
f 3973 3956 3965
f 3971 3973 3965
f 3973 3971 3934 3972
f 3973 3972 3940
f 3972 3934 3941
f 3942 3940 3972
f 3941 3942 3972
f 3944 3945 3936 2710
f 3962 3960 3943 3961
f 3971 3948 3967
f 3967 3962 3961
f 3961 3934 3971
f 3971 3967 3961
f 3996 3994 3980 3995
f 3993 3996 3995 3983
f 3982 3983 4000 3997
f 3995 3980 3998
f 4000 3983 3995
f 3998 4000 3995
f 4000 3998 2707 3999
f 3997 4000 3999 3981
f 3997 3981 3943
f 3960 3982 3997
f 3943 3960 3997
f 3943 3981 4004 4001
f 3999 2707 4002
f 4004 3981 3999
f 4002 4004 3999
f 4004 4002 2674 4003
f 4001 4004 4003 3927
f 4001 3941 3961
f 3941 3934 3961
f 3961 3943 4001
f 4001 3927 2712 3941
f 3933 2712 3927
f 3929 3918 3933
f 3927 3929 3933
f 4003 2674 3928
f 3929 3927 4003
f 3928 3929 4003
f 3929 3928 30 3907
f 3925 3918 3929
f 3907 2711 3925
f 3929 3907 3925
f 2710 3936 3937 3935
f 3935 3937 3930 3809
f 3924 3918 3925 3926
f 3775 3984 3985 3969
f 3989 3985 3984
f 2685 3773 3989
f 3984 2685 3989
f 3985 3989 3991 3988
f 3989 3773 3990 3991
f 3774 3968 3970 3958
f 3968 3775 3969 3970
f 3975 3959 3957
f 3774 3958 3975
f 3957 3774 3975
f 3959 3975 3977 3974
f 3975 3958 3976 3977
f 2250 2248 2241 2249
f 2247 2250 2249 2243
f 2249 2241 2197
f 2242 2243 2249
f 2197 2242 2249
f 2246 2205 2198 2245
f 2241 2246 2245 2197
f 2227 2225 2196 2226
f 2224 2227 2226 2207
f 2226 2196 1026
f 2206 2207 2226
f 1026 2206 2226
f 2205 2207 2206 2198
f 2285 2284 2220 2274
f 2260 2279 2280 2278
f 2278 2280 2272 1019
f 2284 1020 2221
f 2223 2220 2284
f 2221 2223 2284
f 2221 31 2222 2223
f 2217 2193 2223
f 2222 903 2217
f 2223 2222 2217
f 2275 2220 2223
f 2193 1021 2275
f 2223 2193 2275
f 2258 2216 2239
f 2216 2194 2239
f 2239 2192 2258
f 2258 1021 2193 2216
f 2193 2217 2219 2216
f 2217 903 2218 2219
f 2213 2200 2219
f 2218 1016 2213
f 2219 2218 2213
f 2216 2219 2200 2194
f 2212 2201 2199
f 2194 2200 2212
f 2199 2194 2212
f 2200 2213 2215 2212
f 2213 1016 2214 2215
f 2209 2204 2215
f 2214 2189 2209
f 2215 2214 2209
f 2212 2215 2204 2201
f 2204 2209 2211 2208
f 2209 2189 2210 2211
f 2244 2234 2256
f 2256 2192 2239
f 2239 2240 2244
f 2244 2256 2239
f 2239 2194 2199 2240
f 1019 2272 2273 2271
f 2255 2233 2259
f 2258 2192 2255
f 2259 2258 2255
f 2233 2255 2257
f 2255 2192 2256 2257
f 2252 2238 2257
f 2256 2234 2252
f 2257 2256 2252
f 2238 2252 2254 2251
f 2252 2234 2253 2254
f 2264 2266 2265 39
f 41 2331 2332 2330
f 2330 2332 2320 2306
f 2326 2325 2307 2313
f 2306 2320 2321 2319
f 2319 2321 2311 2032
f 2325 453 2030
f 2316 2307 2325
f 2030 2316 2325
f 2030 32 2315 2316
f 2316 2315 857 2293
f 2314 2307 2316
f 2293 2033 2314
f 2316 2293 2314
f 2304 2033 2293
f 2295 2287 2304
f 2293 2295 2304
f 2293 857 2294 2295
f 2295 2294 31 2221
f 2292 2287 2295
f 2221 1020 2292
f 2295 2221 2292
f 2032 2311 2312 2310
f 2310 2312 2299 2286
f 2305 2304 2287 2291
f 2286 2299 2300 2298
f 2298 2300 2290 40
f 2170 2168 2164 2169
f 2167 2170 2169 2166
f 2163 2166 2165 1998
f 2176 2174 2171 2175
f 2168 2176 2175 2164
f 2367 2350 2368 2369
f 2373 2369 2368
f 454 2352 2373
f 2368 454 2373
f 2363 2372 2375 2366
f 2372 2369 2373 2375
f 2375 2373 2352 2374
f 2371 2366 2375
f 2374 2341 2371
f 2375 2374 2371
f 1998 2165 2365 2364
f 2364 2365 2348 440
f 2185 2003 1997 2184
f 2183 2185 2184 1995
f 2182 2003 2181
f 2005 1992 1986 2004
f 2182 2005 2004
f 1997 2003 2182
f 2004 1997 2182
f 2004 1986 2020
f 2020 1985 1996
f 1996 1997 2004
f 2004 2020 1996
f 2184 1997 1996
f 1982 1995 2184
f 1996 1982 2184
f 1994 2011 2019 2016
f 2019 2017 1989 2018
f 2016 2019 2018 1993
f 2002 1994 2016
f 2016 1993 1986
f 1986 1992 2002
f 2002 2016 1986
f 2050 2021 2012
f 2021 1989 2012
f 2012 1987 2050
f 2050 1983 1988 2021
f 1986 1993 2023 2020
f 2018 1989 2021
f 2023 1993 2018
f 2021 2023 2018
f 2023 2021 1988 2022
f 2020 2023 2022 1985
f 2022 1988 2027
f 2024 1985 2022
f 2027 2024 2022
f 1988 1983 2025 2027
f 2027 2025 452 2026
f 2024 2027 2026 1984
f 1982 1996 2370 2350
f 1996 1985 2024 2370
f 2370 2024 1984 2356
f 2368 2350 2370
f 2356 454 2368
f 2370 2356 2368
f 2353 454 2356
f 2359 2342 2353
f 2356 2359 2353
f 2356 1984 2357 2359
f 2359 2357 2031 2358
f 2342 2359 2358 2028
f 2357 1984 2026
f 2026 452 2029
f 2029 2031 2357
f 2357 2026 2029
f 2031 2029 32 2030
f 2334 2028 2358
f 2358 2031 2030
f 2030 453 2334
f 2334 2358 2030
f 440 2348 2349 2347
f 2347 2349 2338 2327
f 2376 2341 2374
f 2374 2352 2355
f 2355 2346 2376
f 2376 2374 2355
f 2352 454 2353 2355
f 2355 2353 2342 2354
f 2351 2346 2355
f 2354 2343 2351
f 2355 2354 2351
f 2360 2343 2354
f 2354 2342 2028
f 2028 2333 2360
f 2360 2354 2028
f 2327 2338 2339 2337
f 2337 2339 2331 41
f 42 458 460 446
f 486 437 459
f 460 458 486
f 459 460 486
f 460 459 439 449
f 456 434 446
f 460 449 456
f 446 460 456
f 1963 475 459
f 437 473 1963
f 459 437 1963
f 471 439 459
f 475 466 471
f 459 475 471
f 2008 1999 468
f 1966 2001 2008
f 468 1966 2008
f 1966 467 2000 2001
f 450 472 2007 2006
f 2186 2007 472
f 468 1999 2186
f 472 468 2186
f 451 2177 2178 2149
f 2177 450 2006 2178
f 457 451 2149 2150
f 504 461 487
f 507 500 504
f 487 507 504
f 506 507 487 462
f 462 487 489 483
f 498 488 532
f 532 489 487
f 487 461 498
f 498 532 487
f 448 482 484 481
f 485 484 482
f 462 483 485
f 482 462 485
f 3619 3620 410 406
f 411 326 352
f 413 405 411
f 352 413 411
f 413 352 33 412
f 407 3821 3823
f 3877 3822 3823
f 3821 34 3877
f 3823 3821 3877
f 3847 395 3605
f 3823 3822 3847
f 3605 3823 3847
f 3823 3605 3818
f 3818 408 3823
f 408 3818 3820 3817
f 3818 3605 3819 3820
f 3819 3605 395 3839
f 3839 3568 3606 3819
f 3792 3810 3914 3913
f 3910 3761 3892
f 3914 3897 3910
f 3892 3914 3910
f 3913 3914 3892
f 3892 3893 3891
f 3899 3873 3893
f 3892 3761 3899
f 3893 3892 3899
f 3888 34 3821
f 3893 3873 3888
f 3821 3893 3888
f 3891 3893 3821 407
f 3808 3793 3798
f 3811 3799 3808
f 3798 3811 3808
f 3935 3809 3811
f 3798 2710 3935
f 3811 3798 3935
f 3795 37 2686 3796
f 3949 36 3797
f 3797 3791 3796
f 3796 2686 3949
f 3949 3797 3796
f 2268 39 2235
f 2235 1027 2237
f 2237 2231 2268
f 2268 2235 2237
f 2237 1027 38 2236
f 2278 1019 2267
f 2283 2260 2278
f 2267 2283 2278
f 2398 2281 2283
f 2267 2232 2398
f 2283 2267 2398
f 441 2323 2324 2322
f 2330 2306 2324
f 2323 41 2330
f 2324 2323 2330
f 2319 2032 2302
f 2324 2306 2319
f 2302 2324 2319
f 2322 2324 2302
f 2302 2303 2301
f 2310 2286 2303
f 2302 2032 2310
f 2303 2302 2310
f 2301 2303 2282 2230
f 2390 2155 1998 2364
f 2364 440 2154 2390
f 2392 2390 2154 2391
f 2389 2392 2391 442
f 442 2391 2340
f 2391 2154 2340
f 2347 2327 2340
f 2154 440 2347
f 2340 2154 2347
f 2337 41 2323
f 2340 2327 2337
f 2323 2340 2337
f 2340 2323 441
f 445 42 446 447
f 443 435 447
f 446 434 443
f 447 446 443
f 436 444 2153 2152
f 104 100 102
f 111 102 100
f 98 66 67
f 97 98 67 55
f 68 111 112
f 1 66 98
f 64 54 96
f 96 54 77
f 68 102 111
f 68 112 113
f 96 97 55 64
f 51 3524 50
f 51 52 63 56
f 3074 51 56
f 56 3069 3074
f 85 96 70 59
f 53 3068 3070
f 53 3070 63
f 53 75 3065
f 75 83 76
f 52 53 63
f 3069 3070 3073
f 77 70 96
f 106 100 104
f 68 113 103
f 1 98 99
f 1 99 79
f 99 100 148 149
f 99 105 79
f 126 103 113
f 126 82 103
f 106 101 148
f 148 101 109
f 147 148 109 152
f 106 148 100
f 126 113 127
f 149 105 99
f 149 58 105
f 76 3067 75
f 76 83 71
f 3094 71 83
f 85 59 92
f 85 4010 4011 84
f 91 69 84
f 69 3094 84
f 84 4011 88 91
f 84 3094 83
f 3074 3069 3073
f 3073 3070 3068
f 3076 3519 3075
f 3077 3082 3076
f 3524 3074 3075
f 3067 3064 3065
f 53 3065 3068
f 3067 3066 3064
f 3086 3083 3082
f 3086 3082 3077
f 3086 3078 3087
f 3065 75 3067
f 3082 3072 3076
f 3519 3524 3075
f 3517 3518 3523 3522
f 3516 3517 62
f 3522 62 3517
f 3523 3518 3520
f 3524 49 50
f 3519 3076 3072
f 3072 3082 2897
f 3518 3072 3520
f 3085 3081 3083
f 3519 3072 3518
f 3074 3524 51
f 3086 3077 3078
f 3078 3079 3087
f 3063 3064 3095 2907
f 3084 3079 3093
f 3079 3089 3093
f 3079 3084 3087
f 2907 2908 3063
f 3090 3091 3089
f 3101 3091 3090
f 3090 3099 3101
f 3093 3089 3091
f 3098 3099 3097
f 3509 3085 3080
f 3509 3080 3092
f 3509 3092 3508
f 3088 3508 3092
f 2895 3508 3088
f 3494 3493 3508
f 3081 3085 3509
f 3099 2905 3102
f 3508 2895 2882
f 3101 2895 3088 3091
f 3081 3509 3496
f 3101 3099 3102
f 3066 3095 3064
f 3508 2882 3499
f 4010 85 92 87
f 94 58 149 150
f 152 107 147
f 114 115 125 120
f 81 115 119
f 143 107 115
f 107 119 115
f 120 127 114
f 157 94 156
f 4007 4008 94
f 150 151 94
f 4007 95 4008
f 4007 4009 87 95
f 87 4009 4010
f 151 153 94
f 4006 4007 94
f 153 156 94
f 4024 4025 4006
f 4006 4025 93
f 93 4025 4021
f 4028 93 57
f 4028 4006 93
f 4022 4006 94
f 143 147 107
f 123 128 121 124
f 81 125 115
f 142 143 115 116
f 123 131 132 122
f 118 122 132
f 116 122 118
f 142 116 118 117
f 124 131 123
f 128 129 133 121
f 117 141 142
f 155 156 154
f 4022 94 4020
f 4006 4022 4024
f 4024 4022 4023
f 4021 4025 146
f 4018 4019 4020
f 4025 4026 144 146
f 165 170 15
f 157 159 165
f 140 141 117 136
f 153 154 156
f 114 127 113
f 4027 4028 145 90
f 2909 3063 2899
f 3063 3103 2899
f 3099 3090 3096
f 3099 3096 3097
f 3063 2908 3103
f 4028 57 145
f 3063 2909 2901
f 2898 2964 3063
f 4011 2900 88
f 3063 2901 2898
f 3097 2878 2892 2906
f 2879 2892 2878
f 2879 2903 2892
f 2879 2893 2903
f 2879 2910 2912 2893
f 2911 2912 2910
f 2913 2917 2911
f 2920 2912 2911
f 2911 2917 2920
f 2917 2913 2887
f 4011 86 2900
f 3098 3097 2906
f 3062 3063 2964 2940
f 4012 2902 2939
f 4012 2969 2902
f 3062 2967 2938
f 2971 2945 2973
f 2972 2945 2971
f 2967 3062 2940
f 4011 4012 2939 86
f 2966 2971 2973 2947
f 2935 2943 2911
f 2911 2943 2884
f 2941 2944 2935
f 2911 2884 2913
f 2943 2937 2884
f 2935 2944 2943
f 2965 2966 2947
f 2941 2965 2947
f 2916 2941 2946
f 2947 2946 2941
f 2935 2965 2941
f 2965 2935 2936
f 3471 3516 62
f 3525 49 3524
f 61 3516 3471
f 48 49 3525
f 3453 3516 61
f 3453 3515 3516
f 3479 3496 3509
f 3479 3509 3510
f 3510 3470 3469
f 3462 3470 3510
f 3469 3480 3510
f 3432 3514 3515
f 3526 47 48
f 3526 48 3525
f 3515 3433 3432
f 3362 3514 3432
f 3433 3515 3453
f 3429 3434 3418
f 3 3413 3429
f 3434 3429 3413
f 3513 3413 3
f 3362 3413 3513 3514
f 3480 3479 3510
f 3467 3475 3491 3465
f 3463 3462 3510
f 3510 3511 3463
f 3476 3492 3507 3477
f 3475 3476 3474
f 3460 3466 3464 73
f 3460 3457 3459
f 3445 3459 3457
f 3493 3473 3492
f 3465 3466 3467
f 3445 3448 3449
f 3511 3442 3452
f 3443 3442 3511
f 3511 3512 3430 3443
f 3431 3512 3421
f 3451 3511 3452
f 3423 3427 3428
f 3423 3439 3436
f 3439 3440 3436
f 3431 3430 3512
f 3463 3511 3451
f 3440 3448 3444 2934
f 3 3421 3512
f 3528 3530 3529
f 3526 3527 46
f 3528 3536 3527
f 3537 46 3527
f 3412 3529 3530
f 3526 46 47
f 3530 3531 3414 3412
f 3513 3 3512
f 3391 3414 3531
f 3528 3529 3363
f 3363 3536 3528
f 3536 3537 3527
f 3534 3535 3536
f 44 45 3361 3368
f 3538 45 46
f 45 3538 3361
f 3537 3538 46
f 3399 3402 3534
f 3396 3398 3539
f 3538 3539 3398 3361
f 3534 3536 3399
f 3536 3363 3399
f 3368 3367 44
f 3411 3410 3532
f 3532 3533 3403 3411
f 3402 3404 3533
f 3399 2620 3402
f 3406 3419 3416
f 3400 3390 3365
f 3531 3532 3410 3391
f 3403 3533 3404
f 3398 3396 4
f 3395 3541 3366
f 4 3395 3366
f 3541 3395 3540
f 3397 3540 3395
f 3540 3397 3396
f 3541 2628 3366
f 3549 3550 3374 3373
f 3396 3539 3540
f 3419 3420 3416
f 3402 3533 3534
f 3541 811 5 2628
f 3420 3427 3422 2621
f 3497 3502 3493
f 3502 3473 3493
f 3477 3482 3476
f 3473 3507 3492
f 3500 3505 3499
f 3494 3499 3505
f 3474 3491 3475
f 3482 3474 3476
f 3449 3459 3445
f 3445 3437 3448
f 3401 3389 3390
f 3365 3393 3394
f 3390 3400 3401
f 3439 3423 3428
f 3465 2931 3466
f 3423 3417 3427
f 3415 3420 2621
f 3408 3419 3406
f 3401 3407 3405 2622
f 3407 3406 3352
f 3394 3400 3365
f 3408 3406 3407
f 3440 2934 3435
f 3388 3393 3365
f 3497 3493 3494
f 3464 3466 2931
f 3456 3460 73
f 3444 3448 3437
f 3456 3457 3460
f 3435 3436 3440
f 3415 3416 3420
f 3422 3427 3417
f 3352 3405 3407
f 3389 3401 2622
f 3393 3388 3369
f 3359 3371 3330
f 3334 3359 3330
f 3382 3364 3375
f 3481 3499 2882
f 3392 3393 3369
f 3383 3360 3392
f 3369 3383 3392
f 3385 3360 3383
f 3550 3381 3380
f 3360 3385 3382
f 3550 3380 3374
f 3375 3371 3359
f 3335 3340 3332
f 3382 3375 3359
f 3378 3357 3337 3377
f 3334 3332 3340
f 3550 3378 3381
f 3360 3382 3359
f 3330 3332 3334
f 3377 3372 3378
f 3376 3549 3328
f 3376 3548 3549
f 3338 3337 3357
f 3548 3329 3336
f 3548 3376 3329
f 3373 3328 3549
f 3550 3551 3357 3378
f 3333 3342 3339
f 3339 3319 3333
f 3551 3355 3358
f 3326 3339 3320
f 3340 3342 3333
f 3318 3326 3322
f 3318 3322 3556
f 3339 3318 3319
f 2619 3556 3322
f 3326 3318 3339
f 3551 3358 3357
f 3552 3327 3355
f 3547 2627 3552
f 3327 3552 2627
f 3546 3547 3552
f 3336 3547 3548
f 3355 3551 3552
f 2627 3547 3336
f 2646 3546 3553
f 2653 3544 3546
f 3543 3544 2655 2656
f 3544 3545 3546
f 3555 3556 2643 2644
f 3553 3546 3552
f 3554 3555 3553
f 3555 2646 3553
f 3333 3334 3340
f 3542 811 3541
f 2619 3322 3321
f 3494 3508 3499
f 3542 3543 810
f 124 134 130 131
f 129 130 134 133
f 132 139 137
f 136 137 139
f 137 118 132
f 160 161 164
f 160 164 165 159
f 136 139 140
f 94 15 4020
f 4026 4027 90 4017
f 2969 4012 230
f 4017 144 4026
f 157 158 159
f 15 157 165
f 4012 4013 230
f 2986 230 4013
f 4016 4018 168
f 163 164 162
f 110 171 176
f 220 4018 15
f 15 94 157
f 4020 15 4018
f 138 15 170 171
f 164 161 162
f 179 138 182
f 110 138 171
f 4018 220 168
f 168 220 166
f 89 166 219
f 15 179 180
f 174 110 176
f 4015 4016 167
f 4014 4015 167
f 4013 229 234 231
f 4014 228 229 4013
f 4013 231 2986
f 228 4014 167 235
f 228 235 89
f 228 89 227
f 216 234 229
f 4015 4018 4016
f 2945 2972 2976
f 3062 2970 2968
f 2987 3062 2991
f 2990 2974 2977
f 2991 3062 2968
f 3062 2938 2970
f 2987 2985 3062
f 2992 2993 2988
f 2988 2978 2992
f 3001 2979 2995
f 2977 2978 2983
f 3000 2994 2993
f 2974 2976 2972
f 2974 2972 2977
f 2978 2988 2983
f 2993 2984 2988
f 2983 2990 2977
f 3005 2994 3001
f 3000 3001 2994
f 3002 3005 3001
f 2981 3002 2995
f 3001 2995 3002
f 2994 2984 2993
f 2985 3038 3062
f 3061 3062 3038 3020
f 3061 3020 3042
f 3061 3042 3019
f 3019 3054 3061
f 3051 3053 3050
f 3039 3040 3025
f 3053 3049 3050
f 3052 3049 3053
f 3040 3049 3048 3025
f 3045 3061 3054
f 3016 3039 3027 3017
f 3015 3024 3023
f 2979 3001 3023
f 3016 3017 3015
f 3015 3021 3024
f 2979 3023 3018
f 3021 3015 3017
f 3023 3001 3015
f 3039 3041 3027
f 3039 3025 3041
f 3049 3052 3048
f 179 15 138
f 178 179 175
f 180 173 181
f 182 175 179
f 185 173 184
f 180 184 173
f 173 135 206
f 192 135 185
f 208 201 206
f 173 206 201
f 207 208 206
f 221 201 208
f 174 177 178
f 209 221 208
f 200 210 211
f 225 226 209
f 89 226 227
f 209 226 219
f 216 229 3044
f 210 225 209
f 221 209 219
f 225 210 200
f 214 225 200
f 214 213 225
f 213 169 224
f 213 224 225
f 226 89 219
f 188 172 193
f 175 174 178
f 186 192 172
f 173 185 135
f 188 193 194
f 193 172 192
f 196 188 195
f 189 188 196
f 192 186 135
f 187 189 196
f 195 188 194
f 135 199 206
f 198 199 135
f 211 183 200
f 187 198 135
f 183 211 203
f 224 169 202
f 187 197 198
f 203 211 222
f 202 203 222 223
f 236 3124 215
f 202 223 224
f 197 187 196
f 3124 237 3128
f 174 176 177
f 217 236 3134
f 3061 3045 3043
f 3057 3046 3051
f 3060 3051 3050
f 3060 3057 3051
f 3060 3061 3055
f 3131 3043 3135
f 3061 3131 3055
f 3131 3061 3043
f 3060 3055 3057
f 3132 3055 3131
f 3138 3055 3132
f 3132 3136 3138
f 229 236 217 3044
f 3136 3137 3138
f 2999 3028 3137
f 3141 2999 3144
f 3137 3144 2999
f 3136 3153 3137
f 3144 3153 3145
f 3166 3154 3153
f 3167 3166 3139
f 3136 3139 3166
f 236 215 3134
f 3133 215 3124 3127
f 3127 3131 3133
f 3118 3131 3127
f 3133 3131 3135
f 237 3123 3128
f 3118 3129 3126
f 3117 3118 3126
f 3127 3129 3118
f 236 237 3124
f 3115 3116 3156 3157
f 3156 3116 3121
f 3059 3156 3121
f 3166 3153 3136
f 3153 3144 3137
f 3119 3122 3117
f 3126 3119 3117
f 3120 3108 3155
f 3120 3155 3059
f 3058 3108 3120
f 3117 3122 3121
f 3116 3117 3121
f 3155 3112 3157
f 3300 3126 3299
f 3164 3139 3140
f 3123 237 3302
f 15 180 181
f 3139 3164 3167
f 3168 3158 3160
f 3177 3176 3181
f 2456 3174 3178 3189
f 3176 3189 3178
f 3185 3190 3189
f 2463 2467 2480
f 2467 2477 2480
f 3187 3190 3185
f 3178 3181 3176
f 2477 2496 2454 2462
f 2619 2570 2643 3556
f 2642 2616 2629
f 2631 2629 2608
f 2616 2643 2570
f 2489 2497 2496
f 2464 2509 2519 2533
f 2510 2546 2551 2565
f 2496 2477 2467
f 3164 3170 3151
f 3140 3171 3168 3170
f 2522 2513 2508
f 2522 2508 2519
f 3176 3185 3189
f 3164 3140 3170
f 2467 2489 2496
f 2489 2494 2497
f 2489 2493 2494
f 2469 3187 3185
f 3158 3168 3171
f 2533 2519 2508
f 2526 2534 2533
f 2526 2531 2534
f 2545 2551 2554
f 2545 2565 2551
f 2545 2554 2528
f 2565 2545 2558
f 2526 2530 2531
f 2566 2565 2558
f 2566 2558 2563
f 2584 2576 2581
f 2526 2533 2508
f 2607 2641 2631
f 2616 2642 2643
f 2645 2646 2644
f 2641 2642 2629
f 2631 2641 2629
f 2607 2631 2633
f 2606 2607 2630
f 2633 2630 2607
f 2626 2648 2623
f 2630 2611 2610
f 2652 2653 2646
f 3544 2653 2655
f 2653 2654 2655
f 2647 2652 2646
f 2653 3546 2646
f 2626 2625 2648
f 2613 2601 2647
f 2601 2651 2652
f 2601 2652 2647
f 2612 2651 2601
f 2625 2613 2647
f 2647 2648 2625
f 2610 2606 2630
f 3555 2644 2646
f 2589 2606 2585 2586
f 2594 2597 2577
f 2589 2586 2597
f 2589 2597 2594
f 2587 2593 2581
f 2593 2587 2588
f 2593 2588 2596
f 2604 2649 2605
f 2594 2588 2589
f 2576 2587 2581
f 2594 2596 2588
f 2623 2604 2600 2599
f 2614 2623 2599
f 2578 2650 2651
f 2598 2650 2578
f 2578 2651 2612
f 2604 2591 2600
f 2648 2649 2604 2623
f 2598 2579 2650
f 2606 2610 2585
f 2656 809 3543
f 2558 2562 2563
f 3172 3148 3171
f 3158 3171 3148
f 3173 3148 3172
f 3172 3175 3146 3173
f 3146 3175 3177
f 3176 3177 3175
f 3197 3196 3193
f 3197 3195 3196
f 3186 3194 3185
f 2467 2451 2461
f 2463 2469 3194 2451
f 2467 2463 2451
f 2507 2513 2491
f 2508 2513 2507
f 2490 2493 2489
f 2450 3195 3200 3199
f 3197 3200 3195
f 3195 2450 2451 3194
f 2450 3199 3202
f 2469 3185 3194
f 3112 3113 3114 3115
f 3110 3104 3105
f 3196 3201 3193
f 3111 3105 3106
f 3109 3106 3108
f 3109 3111 3106
f 3104 3110 3107
f 3109 3108 3058
f 3105 3111 3110
f 3115 3157 3112
f 3207 3208 3210 3204
f 3201 2473 3198
f 2450 2506 2449
f 3201 3202 2473
f 2476 2506 3202
f 2473 3202 3199
f 3198 3193 3201
f 2450 3202 2506
f 3203 3211 3212 2474
f 3202 3203 3205 2476
f 3203 2474 3205
f 3203 3204 3210 3211
f 3204 3206 3207
f 2491 2493 2490
f 3317 3104 3107 3314
f 2526 2527 2530
f 2528 2530 2527
f 2562 2558 2559
f 2544 2545 2528
f 2515 2449 2516
f 2490 2507 2491
f 2448 2449 2543 2542
f 2550 2549 2448
f 2544 2528 2527
f 2449 2515 2543
f 2449 2506 2516
f 2662 2663 2574 2573
f 2576 2584 2560
f 2562 2559 2560
f 2602 2605 2649
f 2592 2602 2649
f 2649 2590 2592
f 2575 2576 2560
f 2559 2575 2560
f 2580 2661 2662
f 2649 2650 2590
f 2658 2659 2440 2439
f 2579 2590 2650
f 2542 2550 2448
f 2572 2574 2663
f 2549 2518 2517
f 2448 2549 2877
f 2877 2517 2782 2805
f 2877 2805 2876
f 2663 2664 2572
f 2430 2572 2435
f 2664 2435 2572
f 2435 2664 2429
f 2517 2877 2549
f 2661 2580 2434
f 2427 2660 2661 2426
f 2660 2427 2440
f 2440 2659 2660
f 2426 2661 2434 2436
f 2433 2442 2426
f 2436 2433 2426
f 2427 2441 2447 2438
f 2427 2438 2440
f 807 2658 2439
f 2429 2664 2444
f 2662 2573 2580
f 2432 807 2439
f 3112 3155 3108
f 2657 809 2656
f 3109 3058 3312
f 2658 808 2657
f 3367 1743 802 43
f 44 3367 43
f 1743 3367 5 6
f 801 802 1744 1740
f 1740 1737 801
f 800 801 1737
f 1743 1744 802
f 6 5 812 813
f 1736 1740 1746
f 1735 1736 1898 1900
f 1737 1740 1736
f 1746 1898 1736
f 1737 1738 800
f 1749 1742 1748
f 1755 1738 1742
f 1738 1755 800
f 1742 1754 1755
f 1756 1753 1754
f 1754 1742 1741
f 1741 1742 1745
f 1749 1745 1742
f 1747 1759 1752 1753
f 1892 1745 1749
f 1754 1741 1756
f 1756 1747 1753
f 1897 1734 1899
f 811 812 5
f 1085 1734 1897
f 1897 1899 7
f 1746 7 1898
f 1085 6 813 1734
f 813 1733 1734
f 1923 1925 1725
f 1725 1726 1906 1907
f 1734 1735 1899
f 1750 1892 1749
f 1893 1750 1884
f 1745 1892 1110
f 1900 1899 1735
f 1750 1751 1885 1884
f 1887 1894 1889 1890
f 1893 1892 1750
f 1871 1879 1873 1874
f 1752 1759 1757
f 1775 1739 1861
f 1760 800 1755
f 1867 1862 1758
f 1775 1861 1774
f 1775 1776 1758 1739
f 1751 1752 1757 1878
f 8 1867 1758
f 1776 1777 1868 8
f 1776 8 1758
f 1846 1862 1867
f 1839 1773 1774
f 800 1760 799
f 799 1760 798
f 1760 1761 798
f 797 798 1761
f 1839 1774 1840
f 1774 1861 1840
f 1773 1771 788
f 787 1771 1773
f 1839 787 1773
f 1773 788 1772
f 1859 1869 1777
f 1860 1859 1778
f 1848 1778 1849
f 1869 1868 1777
f 1777 1778 1859
f 1848 1860 1778
f 1829 1831 1832
f 1837 1849 1778
f 1851 1863 1853 1854
f 1829 1842 1831
f 1778 1779 1826 1838
f 1779 1796 1827
f 1779 1797 1796
f 1826 1779 1827
f 1791 1819 1823
f 1788 1797 1779
f 1817 1792 1816
f 1805 1816 1794
f 1778 1838 1837
f 1885 1751 1878
f 1722 1906 1726
f 1917 1722 1726
f 1922 1905 1918
f 1907 1923 1725
f 1727 1723 1917
f 1932 1723 1727
f 1937 1916 1933
f 1917 1726 1727
f 1918 1916 1922
f 1725 1922 1724
f 1913 1902 1914
f 1913 1904 1901
f 1913 1901 1902
f 1895 1901 1904 1921
f 1911 1902 1903
f 1922 1916 1937
f 1903 1908 1910
f 1896 1911 1915
f 1937 1724 1922
f 1902 1911 1914
f 813 814 1733
f 1922 1725 1925
f 1084 1932 1728
f 1728 1932 1727
f 1720 1084 1728
f 1084 1720 1721
f 1721 1720 1936
f 1720 1728 1729
f 1724 1937 1939
f 1719 1093 1717
f 1729 1719 1720
f 1730 1731 1729
f 1719 1729 1093
f 1731 1086 1729
f 814 815 1079 1732
f 1926 1930 1908
f 1943 1926 1927
f 1927 1944 1943
f 1927 1941 1944
f 1926 1943 1930
f 1724 1939 1936
f 1720 1724 1936
f 1941 1715 1940
f 1953 1715 1941
f 1716 1108 1935
f 1953 1941 1927
f 1718 1719 1717
f 1908 1903 1926
f 1716 1717 1099 1100
f 814 1732 1733
f 1715 1716 1935
f 1921 1889 1895
f 1880 1886 1111 1881
f 1895 1889 1894
f 1880 1873 1879
f 1864 1870 1109 1865
f 1887 1890 1886
f 1873 1880 1866
f 1886 1890 1888
f 1853 1864 1845
f 1872 1870 1874
f 1854 1852 1850
f 1871 1874 1870
f 1850 1851 1854
f 1843 1850 1496 1844
f 1821 1831 1843
f 1824 1828 776 1820
f 1832 1828 1829
f 1492 1791 1824
f 1843 1831 1842
f 1817 1823 1819
f 1819 1792 1817
f 1818 1794 1816
f 1783 1816 1805
f 1792 1818 1816
f 1828 1832 1830
f 1791 1823 1824
f 1864 1853 1863
f 1903 1915 1911
f 1880 1881 1866
f 1886 1888 1111
f 1943 1931 1930
f 1715 1935 1940
f 1935 1108 1934
f 1940 1928 1941
f 1903 1910 1915
f 1870 1872 1109
f 1850 1852 1496
f 1864 1865 1845
f 1843 1844 1821
f 1824 1820 1492
f 1828 1830 776
f 810 811 3542
f 1772 788 1766
f 1768 1764 1766
f 1761 1762 797
f 1766 1764 1772
f 1764 1768 1765
f 1762 796 797
f 1764 1325 1763
f 1325 1286 1321
f 1763 1325 1333
f 1329 1322 1780
f 1765 1325 1764
f 1334 1762 1763
f 1334 1763 1333
f 1321 1333 1325
f 1328 1332 1321
f 1333 1321 1332
f 1338 1336 1339
f 1762 1334 1335
f 1322 1329 1323
f 1332 1328 1327
f 1328 1330 1327
f 1330 1315 1326
f 1326 1327 1330
f 1323 1328 1321
f 1789 1780 1322
f 1335 795 1762
f 1782 1783 1785
f 1779 1780 1789 1788
f 1804 1782 1785
f 1782 1793 1786
f 1804 1793 1782
f 1781 1782 1786
f 1799 1786 1813
f 1799 1813 1801
f 1278 1799 1784
f 1781 1786 1799
f 1278 1781 1799
f 1316 1310 1780
f 1326 1315 1317
f 1313 1326 1317
f 1317 1314 1313
f 1311 1781 1283
f 1278 1283 1781
f 1283 1307 1314 1311
f 1307 1312 1314
f 1314 1312 1313
f 1307 1300 1312
f 1781 1311 1316
f 1316 1780 1781
f 1310 1329 1780
f 1783 1805 1785
f 1335 1336 1338
f 1335 786 795
f 1762 795 796
f 786 791 794
f 791 1339 789
f 786 1335 1338
f 1340 789 1337
f 1339 1337 789
f 782 789 1340
f 782 784 781
f 790 769 706
f 1331 782 1340
f 791 789 794
f 1339 1336 1337
f 793 768 785
f 795 786 794
f 767 768 793
f 10 767 792
f 764 694 763
f 793 792 767
f 768 769 790 785
f 10 728 766
f 727 694 764
f 767 10 766
f 762 763 694
f 1341 1331 1340
f 780 781 784
f 733 783 769
f 781 780 1318
f 781 1318 771
f 1331 784 782
f 1319 1341 1320
f 773 771 1318
f 769 770 707 733
f 1341 1319 1331
f 731 766 728
f 765 766 724 725
f 765 729 727
f 726 756 762
f 726 762 694
f 765 730 729
f 727 764 765
f 724 731 695
f 695 712 723 724
f 711 730 725
f 725 730 765
f 724 766 731
f 769 783 706
f 1342 1320 1341
f 1309 1300 1307
f 1288 1300 1309
f 1290 1287 1275 1276
f 1500 1499 1287
f 1290 1276 1301
f 1480 1476 1484
f 1497 1291 1476
f 1481 1484 1476
f 1477 1479 1481
f 1476 1477 1481
f 1499 1500 1479
f 1281 1300 1276
f 1276 1300 1301
f 1299 1342 1302
f 1298 1320 1342
f 1298 1342 1299
f 1499 1479 1477
f 1342 1498 1297
f 1342 1305 1498
f 1302 1342 1297
f 1287 1499 1275
f 779 774 4047 771
f 771 773 779
f 1476 1291 1462
f 1462 1291 1457
f 1476 1462 1459
f 1459 1462 1464
f 1293 1497 1480
f 1461 1445 1447
f 1448 1461 1447
f 1464 1461 1459
f 1456 1459 1461
f 1443 1448 1451
f 1448 1456 1461
f 1303 1305 1342
f 1303 1342 1460
f 4046 4047 772 1449
f 1342 1450 1460
f 1456 1448 1455
f 1443 1455 1448
f 1343 1450 1342
f 1437 1442 1453 1439
f 1446 1442 1443
f 1456 1458 1459
f 1343 1454 1450
f 1497 1476 1480
f 4047 774 1304
f 720 778 770 4048
f 778 707 770
f 721 4050 4051
f 4048 770 771 4047
f 1304 772 4047
f 4029 4030 621 703
f 4048 4049 720
f 4049 721 720
f 711 725 713
f 4029 712 4050
f 761 762 756 757
f 726 696 756
f 722 723 712
f 712 717 722
f 4049 4050 721
f 4037 712 4029
f 713 735 718
f 735 713 725
f 714 716 717
f 4034 4037 4029
f 4050 712 4051
f 4033 4029 703
f 4033 703 4035
f 705 4033 4035
f 715 716 714
f 692 718 735
f 4032 4033 705 636
f 717 712 714
f 4038 712 4037
f 712 709 714
f 4036 4037 4034
f 4045 4046 1431 625
f 693 737 738
f 760 758 692
f 735 736 692
f 760 638 758
f 760 755 638
f 760 692 736
f 759 760 736 737
f 759 737 693 743
f 760 761 745 755
f 753 748 746
f 742 753 754 741
f 743 754 759
f 757 745 761
f 4033 4034 4029
f 1443 1451 1446
f 1312 1300 1281
f 1731 1732 1079 1080
f 1086 1731 1080
f 1729 1086 1093
f 1083 1086 1080
f 1086 1087 1093
f 1717 1093 1099
f 1120 1082 1088
f 1082 1087 1088
f 1093 1087 1092
f 1094 1092 1082
f 1087 1082 1092
f 1079 815 1078
f 1094 1142 1092
f 1098 1099 1093
f 1105 1100 1101
f 1112 1105 1101
f 1096 1100 1105
f 1101 1102 1112
f 1716 1100 1096 1108
f 1142 1144 1091
f 1091 1144 1141
f 1103 1112 1125
f 1125 1112 1102
f 1125 1102 1116
f 1092 1142 1091
f 1120 1088 1081
f 1121 1119 1141
f 1088 1089 1081
f 1089 1122 1156
f 816 1078 815
f 1078 816 1077
f 1156 1081 1089
f 1159 1141 1119 1157
f 1141 1090 1091
f 1152 1159 1157
f 1116 1117 1123
f 1159 1090 1141
f 1116 1123 1126
f 1117 1115 1123
f 1125 1116 1126
f 1161 1090 1159
f 1164 1145 1146
f 1146 1162 1165
f 1162 1146 1173
f 1149 1162 1173
f 1151 1113 1145
f 1164 1146 1165
f 1164 1155 1145
f 808 809 2657
f 1123 1115 1118
f 1145 1113 1117
f 1113 1115 1117
f 1164 1148 1155
f 1177 1187 1186
f 1168 1149 1174
f 1155 1151 1145
f 1183 1070 1184 1194
f 1246 1198 1247 1258
f 1214 1171 1215 1227
f 1177 1190 1194 1184
f 1194 1190 1195
f 1632 1231 1639 1651
f 1184 1187 1177
f 1218 1208 1215
f 1208 1222 1227 1215
f 1249 1244 1250
f 1222 1228 1227
f 1244 1247 1250
f 1217 1208 1218
f 1168 1174 1147
f 1258 1254 1259
f 1642 1641 1638
f 1244 1254 1258 1247
f 1170 1177 1186
f 1638 1646 1651 1639
f 1652 1651 1646
f 1659 1687 1663
f 1687 1664 1663
f 1669 1684 1688
f 1684 1680 1688
f 1684 1670 1685
f 1659 1688 1687
f 1642 1638 1639
f 1174 1149 1173
f 1089 1090 1154 1153
f 1122 1089 1153
f 1175 1147 1174
f 1175 1176 1170 1147
f 1170 1176 1177
f 1161 1158 1090
f 1154 1090 1158
f 1076 1077 843 844
f 1191 1182 1190
f 1197 1182 1207
f 1208 1217 1197
f 1224 1222 1223
f 1207 1208 1197
f 1190 1182 1195
f 1064 1179 1178
f 1182 1191 1207
f 1213 1224 1223
f 1273 1274 1241
f 1206 1205 845
f 1274 845 1205 1211
f 1064 1065 1068 1179
f 1067 1076 844
f 836 839 844
f 1067 839 823 1066
f 1066 1069 1065
f 1066 841 1069
f 839 1067 844
f 842 823 833
f 1066 823 842 841
f 1063 1178 840
f 843 1077 817
f 1274 1211 1210
f 1242 1274 1210
f 1178 1063 1064
f 1204 845 846
f 916 1181 1204
f 1274 1242 1241
f 1204 1206 845
f 1178 835 840
f 1069 1068 1065
f 817 1077 816
f 1223 1243 1230 1213
f 1243 1244 1230
f 1230 1244 1249
f 1254 1272 1245
f 1261 1245 1272 1636
f 1638 1641 1261
f 1636 1272 1273 1628
f 1630 1627 1628
f 1628 1273 1634 1635
f 1255 1272 1254
f 1638 1261 1636
f 1648 1646 1647
f 1647 1668 1631
f 1663 1654 1659
f 1631 1648 1647
f 1652 1646 1648
f 1668 1647 1658
f 1654 1668 1658
f 1659 1669 1688
f 1654 1658 1659
f 1669 1670 1684
f 1637 1638 1636
f 1682 1685 1670
f 1254 1245 1259
f 1625 1271 1634
f 1635 1630 1628
f 1633 1626 1629
f 1629 1626 1627
f 1626 1633 1271
f 1629 1627 1630
f 1212 1624 1623 1625
f 1625 1634 1273
f 1622 1623 1615 1616
f 873 1623 1624
f 1625 1273 1241
f 1620 1621 1622
f 1625 1626 1271
f 1706 1707 1708 1709
f 1705 1706 1673 1672
f 1505 1712 1501
f 1507 1711 1713
f 1713 1714 1712
f 1713 1711 1714
f 1373 1703 1710
f 1712 1714 1501
f 1673 1706 1709
f 1711 1507 1710
f 1625 1241 1212
f 1622 1616 1620
f 1224 1228 1222
f 807 808 2658
f 1710 1671 1709
f 1411 1437 1441
f 1438 1436 1411
f 1437 1439 1441
f 1417 1409 1421
f 1429 1364 1409
f 1418 1421 1409
f 1434 1413 1418
f 1410 1434 1418
f 1438 1413 1434
f 1410 1418 1409
f 1438 1434 1435
f 1432 1454 1343
f 1343 1433 1432
f 1393 1433 1343
f 4046 1306 1431
f 1393 1343 1430
f 1449 1306 4046
f 1436 1438 1435
f 1430 1343 1394
f 1411 1436 1437
f 1386 1409 1396
f 1396 1364 1387
f 1364 1396 1409
f 1386 1396 1398
f 1390 1429 1417
f 1380 1386 1395
f 1398 1395 1386
f 1379 1382 1383
f 1379 1383 1361
f 1380 1382 1379 1385
f 1380 1385 1386
f 1376 1394 1343
f 1376 1343 1391
f 4045 1392 626
f 1343 1344 1377 1391
f 1378 1379 1361
f 1377 1344 1384
f 626 632 619 4045
f 1359 1378 1361 1363
f 1429 1409 1417
f 625 1392 4045
f 738 739 702 693
f 20 709 712
f 704 621 4030
f 4040 4038 4039
f 709 701 708
f 4044 622 4031
f 691 700 701 690
f 739 740 744 702
f 700 691 699
f 4030 4031 622 704
f 743 744 740 741
f 742 748 753
f 749 748 742 750
f 752 753 746
f 741 754 743
f 698 699 691 697
f 750 751 747 749
f 746 747 751
f 752 746 751
f 4042 620 631 624
f 624 4041 4042
f 4044 4031 4032
f 4040 4041 624 4043
f 620 4042 4045 619
f 623 1347 619
f 620 584 631
f 1347 618 619
f 636 4044 4032
f 637 4040 4043
f 4038 20 712
f 20 690 709
f 662 4040 637
f 701 709 690
f 20 689 690
f 635 662 637
f 688 689 20
f 688 659 570
f 4040 662 20
f 635 584 663
f 20 4038 4040
f 632 623 619
f 1442 1446 1453
f 1674 1351 1660
f 1367 1360 1372
f 1359 1363 1368
f 1351 1674 1691
f 1678 1674 1676
f 1352 1351 1691
f 1689 1692 1691
f 1370 1696 1344
f 1678 1691 1674
f 1345 1372 1370
f 1359 1368 1369
f 1358 1369 1367
f 1358 1359 1369
f 1344 1375 1348
f 1344 1348 1384
f 1349 1375 1344
f 1358 1367 1345
f 1344 1345 1370
f 1344 1346 1349
f 1344 1696 1695 1346
f 1347 634 618
f 639 640 584
f 1345 1367 1372
f 620 639 584
f 1370 1692 1690
f 1689 1682 1670
f 1689 1690 1692
f 1691 1678 1689
f 1678 1682 1689
f 1703 1374 1671
f 1702 1672 1374
f 1519 1698 1704
f 1702 1698 1705
f 1703 1671 1710
f 1705 1672 1702
f 1673 1709 1671
f 1704 1698 1702
f 1696 1693 1695
f 618 1694 633
f 618 633 1528
f 618 634 1694
f 633 1693 1700 1528
f 1696 1697 1700 1693
f 1701 1697 1526
f 1700 1697 1701
f 618 1528 617
f 651 652 649 585
f 1370 1690 1696
f 1699 617 1528
f 584 640 663
f 641 651 646
f 641 665 640
f 665 663 640
f 666 664 665
f 663 665 664
f 656 664 666
f 647 641 646
f 645 641 647
f 654 655 645
f 641 645 655
f 666 668 656
f 645 642 654
f 665 641 655
f 682 20 661
f 681 682 661 643
f 659 20 682 683
f 659 688 20
f 683 684 659
f 570 687 688
f 668 669 571
f 643 656 668
f 660 684 683
f 685 658 660
f 677 681 643
f 686 687 570 658
f 650 654 642
f 571 669 670
f 666 667 668
f 643 571 677
f 654 650 653
f 650 649 652 653
f 646 651 585
f 571 670 648
f 648 670 671
f 677 571 676
f 686 658 685
f 679 674 675
f 657 676 678
f 683 685 660
f 571 678 676
f 657 675 676
f 672 679 680
f 679 672 673
f 672 680 648
f 679 673 674
f 672 648 671
f 657 679 675
f 643 668 571
f 1526 1698 1519
f 1681 1682 1678
f 809 810 3543
f 807 2432 2446
f 292 293 299
f 295 278 299
f 300 292 299
f 295 296 298 278
f 294 299 293
f 300 269 292
f 299 294 295
f 303 305 280
f 297 263 191
f 279 305 306
f 298 296 191
f 290 291 269 191
f 292 269 291
f 272 273 270 268
f 271 268 205
f 272 268 271
f 290 191 289
f 191 296 297
f 273 274 262 270
f 288 191 263
f 191 288 289
f 263 297 301
f 263 276 288
f 303 280 304
f 280 305 279
f 303 304 277
f 190 307 308
f 277 23 302 303
f 23 283 302
f 302 283 263
f 308 309 23
f 302 263 301
f 307 190 279
f 275 266 274
f 274 266 262
f 261 266 275
f 264 267 261
f 266 261 267
f 261 275 285
f 284 286 276
f 285 286 284
f 282 260 285
f 285 260 261
f 284 282 285
f 288 276 286
f 260 204 259
f 260 282 204
f 288 286 287
f 307 279 306
f 271 205 264
f 3302 237 3130
f 237 238 253 3130
f 3301 3130 253 3293
f 3299 3303 3301
f 3303 3299 3126
f 3298 3299 3301 3293
f 3298 3293 3295
f 3295 3292 3298
f 3287 3298 3289
f 238 3294 253
f 3306 3300 3304
f 3264 3305 3125
f 3312 3305 3264
f 3125 3304 3265
f 3058 3305 3312
f 3277 3286 3290
f 3281 3286 3277
f 3311 3264 3266
f 3291 3286 3287
f 3304 3307 3265
f 3307 3304 3300
f 254 3294 238
f 3119 3126 3300
f 238 3628 254
f 259 204 240
f 3289 3298 3625
f 3292 3629 3625
f 3626 3289 3625
f 3292 3625 3298
f 3627 3625 3644
f 3632 3635 3631
f 3630 3640 3626
f 3630 3641 3640
f 3630 3631 3641
f 3631 3639 3641
f 3625 3629 3644
f 3643 3626 3640
f 3289 3291 3287
f 3286 3291 3290
f 3268 3290 3244
f 3290 3288 3244
f 3277 3268 3269
f 3268 3277 3290
f 3640 3634 3643
f 3268 3244 3253
f 3635 3639 3631
f 3643 3289 3626
f 3625 3627 3653
f 271 264 261
f 3306 3119 3300
f 318 311 317
f 277 308 23
f 257 256 281
f 4059 281 23
f 190 308 277
f 364 322 360
f 329 23 310
f 329 310 321
f 4062 242 4073
f 4059 257 281
f 23 4057 4059
f 257 4059 4063
f 4058 4059 4057
f 309 310 23
f 311 318 319
f 252 245 4061 240
f 240 204 252
f 3628 239 244
f 4064 239 240 4061
f 239 251 244
f 239 3628 238
f 4060 4061 245
f 4059 4060 245 4063
f 4072 4073 242 324
f 255 4062 4074
f 239 4064 246 251
f 321 310 311 320
f 282 256 204
f 370 371 368 369
f 366 368 371
f 369 362 370
f 362 369 367
f 373 362 367
f 374 361 362 373
f 363 364 360 361
f 361 374 363
f 313 363 379 357
f 366 371 372
f 319 320 311
f 359 360 322
f 255 4074 325
f 4062 4073 4074
f 313 359 322
f 334 331 329
f 328 329 321
f 4072 324 241
f 358 359 313
f 372 373 367 366
f 243 4065 3698
f 3646 3625 3653
f 3625 3646 3660
f 3647 3632 3631
f 3648 3632 3647
f 4064 3662 246
f 3645 3624 3660
f 3624 3625 3660
f 3648 3654 3649 3651
f 3648 3652 3632
f 3648 3651 3652
f 3666 3649 3655
f 3655 3649 3654
f 3667 3666 3655
f 3655 3664 3667
f 3636 3664 3675
f 3664 3636 3656
f 3664 3655 3675
f 3695 3685 3659
f 3675 3685 3695
f 3645 3663 3624
f 3703 3677 3702
f 3702 3704 3701
f 3624 3663 3696
f 4065 3587 3698
f 3624 3699 3697
f 3661 3699 3624
f 3696 3661 3624
f 4064 4065 243
f 3624 3697 3720
f 3679 3686 3700
f 3676 3686 3675
f 3704 3679 3700
f 3687 3685 3675
f 3686 3687 3675
f 3686 3676 3700
f 3701 3704 3700
f 3677 3704 3702
f 3707 3703 3705
f 3677 3703 3707
f 3713 3719 3708
f 3708 3719 3705
f 3636 3675 3695
f 3662 4064 243
f 3315 3313 3316
f 3313 3315 3109
f 3315 3316 3314
f 3317 3314 3316
f 3308 3309 3310 3311
f 3307 3308 3266 3265
f 3213 3214 2872
f 3308 3311 3266
f 3209 3210 3208
f 2813 3212 3211 3213
f 2813 3213 2842
f 3214 3215 3218 3217
f 3222 2872 3214
f 3223 2874 3221
f 3213 2872 3221
f 3216 3223 3218
f 3222 3214 3217
f 2874 3213 3221
f 3235 3251 3261 3220
f 3252 3255 3242
f 3242 3251 3252
f 3251 3242 3261
f 3252 3262 3285 3284
f 3238 3240 3234
f 3237 3229 3234
f 3238 3234 3235
f 3280 3262 3263
f 3235 3220 3238
f 3224 3225 3226
f 2874 3216 3224 2873
f 3218 3215 3216
f 2873 2855 2856
f 2873 3224 2862 2847
f 3223 3216 2874
f 2860 2855 2847
f 2847 2855 2873
f 2831 2844 2845
f 2874 2842 3213
f 2855 2858 2850
f 2862 3224 3226
f 3226 3228 2862
f 3311 3312 3264
f 2815 2844 2831
f 2875 2843 2842
f 2444 2664 2779
f 2805 2807 2876
f 2779 2437 2444
f 2812 2811 2875
f 2843 2875 2811
f 2806 2812 2876
f 2665 2779 2664
f 2669 2780 2665
f 2442 2445 2443
f 2446 2678 807
f 2442 2667 2668 2441
f 2443 2667 2442
f 2442 2433 2445
f 2667 2443 2670
f 2669 2666 2670
f 2667 2670 2666
f 2678 2446 2447
f 2668 2447 2441
f 2447 2668 2677
f 2874 2875 2842
f 2812 2875 2876
f 2808 2798 2784
f 2876 2807 2806
f 2665 2780 2779
f 2815 2827 2824
f 2827 2829 2823
f 2818 2823 2826
f 2808 2809 2798
f 2796 2791 2784
f 2792 2784 2791
f 2792 2808 2784
f 2809 2817 2798
f 2823 2824 2827
f 2669 2665 2666
f 2749 2777 2771
f 2777 2749 2776
f 2755 2691 2761
f 2690 2691 2755 2754
f 2761 2691 2762
f 2776 2749 2775
f 2447 2677 2678
f 2723 2690 2754
f 2778 2771 2777
f 806 807 2678
f 2794 2787 2791
f 2844 2815 2824
f 2845 2849 2831
f 3313 3109 3312
f 3277 3278 3281
f 3282 3280 3263
f 3285 3280 3276
f 3262 3280 3285
f 3255 3284 3257
f 3240 3237 3234
f 3229 3237 3219 2833
f 3234 3229 3226
f 3284 3255 3252
f 3226 3229 3230
f 2858 2855 2860
f 2850 2845 2855
f 2845 2850 2851
f 2778 2786 2771
f 3228 3226 3230
f 2851 2849 2845
f 2809 2823 2818
f 2818 2826 2814 2772
f 2818 2819 2809
f 2829 2826 2823
f 2850 2858 2846 2800
f 2817 2809 2819
f 3281 3282 3263
f 2778 2791 2787
f 2787 2794 2783 2672
f 2796 2794 2791
f 2778 2788 2786
f 2775 2769 2750
f 2749 2769 2775
f 2718 2714 2716
f 2718 2746 2752 2714
f 2696 2709 3768 2701
f 2746 2756 2752
f 2763 2748 2756
f 2778 2787 2788
f 2774 2775 2750
f 2747 2774 2764
f 2750 2764 2774
f 2747 2764 2766
f 2763 2746 2747
f 2762 2691 2759
f 2747 2766 2763
f 2721 2758 2759
f 2756 2746 2763
f 2691 2692 2744 2759
f 2759 2744 2721
f 2718 2716 2725
f 2719 2725 2716
f 2758 2753 2759
f 2723 2757 2690
f 2679 806 2678
f 2690 2757 2682
f 2721 2744 2722
f 2689 2682 2720
f 2690 2682 2689
f 805 806 2679 2680
f 2717 2725 2727
f 2724 2704 2713
f 2727 2724 2717
f 2724 2703 2717
f 2692 2742 2745
f 2725 2717 2718
f 2703 2724 2713
f 2701 2702 2706
f 2713 2706 2702
f 2696 2701 2706
f 2700 2701 3768 3769
f 2713 2702 2703
f 2700 2694 2699
f 2695 2742 2693
f 2693 2742 2692
f 2683 2695 2693
f 2689 2683 2688
f 2693 2688 2683
f 2694 2688 2693
f 2687 2681 2684
f 2687 3783 2681
f 2694 2700 3769
f 805 2680 3784
f 2694 3781 2687
f 2694 2687 2688
f 2720 2683 2689
f 2680 2681 3783 3784
f 2745 2744 2692
f 818 819 1055 1056
f 3286 3281 3263
f 1057 817 818
f 3587 4065 3715
f 379 380 356 357
f 357 358 313
f 380 381 365 375
f 374 379 363
f 258 380 375
f 312 356 380
f 258 378 380
f 312 355 356
f 365 381 377
f 331 4057 23
f 4056 4053 4055
f 4052 325 4074
f 4056 4057 331
f 331 334 337
f 331 337 342
f 336 334 335
f 325 4052 4054
f 4052 323 4054
f 4070 4052 4053
f 312 380 378
f 333 355 338
f 337 334 336
f 23 329 331
f 4053 4056 4070
f 333 345 355
f 323 4052 4070
f 377 382 376
f 345 333 330
f 4070 331 4069
f 4070 4056 331
f 331 342 343
f 4071 4069 331
f 4068 4069 341 340
f 323 4072 241
f 323 4070 4072
f 3715 4065 393
f 4068 340 4067
f 391 4066 4067 390
f 399 327 390
f 392 398 391
f 390 4067 340 399
f 341 4069 4071
f 3585 393 4066
f 312 338 355
f 382 377 381
f 4066 391 398 394
f 3705 3703 3708
f 3720 3716 3624
f 3623 3624 3716 3726
f 3709 3721 3714 3717
f 3722 3714 3721
f 3713 3709 3717
f 393 4065 4066
f 3584 3623 3726
f 3725 3722 3724
f 3725 3729 3722
f 3729 3714 3722
f 3711 3712 3729
f 3714 3729 3712
f 3730 3729 3725
f 3730 3725 3727
f 3742 3727 3725
f 3727 3574 3723
f 3727 3742 3574
f 3763 3748 3575
f 3742 3748 3763
f 3584 3586 3623
f 3709 3713 3708
f 3623 3764 3579
f 3623 3579 3583
f 3764 3623 3586
f 3578 3623 3580
f 3558 3563 3581
f 3578 3601 3623
f 3582 3558 3581
f 3593 3581 3563
f 3623 3583 3580
f 3557 3558 3572 3571
f 3749 3743 3745
f 3765 3766 3745
f 3750 3748 3742
f 3749 3750 3742
f 3749 3742 3743
f 3765 3557 3571
f 3766 3765 3571
f 3582 3572 3558
f 3569 3581 3590
f 3765 3745 3743
f 3574 3742 3763
f 394 3585 4066
f 345 330 351
f 315 331 343 344
f 344 345 385 386
f 350 315 344
f 385 345 351 349
f 314 348 382
f 384 385 346
f 344 386 347 350
f 349 346 385
f 348 316 376
f 348 376 382
f 389 390 327 353
f 3623 3601 3622
f 391 401 400 3600
f 391 3600 392
f 402 3612 403
f 3622 3599 3612
f 404 389 353
f 3622 3601 3599
f 386 33 347
f 389 326 411
f 326 389 404
f 389 411 405
f 384 346 314
f 386 387 412 33
f 387 413 412
f 413 388 405
f 388 413 387
f 383 384 314
f 383 314 382
f 389 405 388
f 402 3621 3612
f 3621 409 3618
f 402 409 3621
f 414 410 409
f 410 3620 409
f 402 403 401
f 414 406 410
f 415 3616 406
f 406 3616 3619
f 3620 3618 409
f 3814 415 416
f 406 414 415
f 3616 3617 3620 3619
f 400 401 403
f 3622 3612 3621
f 3593 3597 3588
f 3581 3593 3588
f 3594 3597 3593
f 3597 3592 3564 3588
f 3833 3564 3592
f 3598 3597 3594
f 3598 3594 3607
f 3611 3607 3608
f 3598 3607 3595
f 3832 3596 3591
f 3832 3591 3610
f 3833 3592 3596
f 3837 3559 3852
f 3833 3838 3852
f 3852 3866 3853
f 3852 3838 3866
f 3833 3852 3559
f 3596 3832 3833
f 3833 3834 3838
f 3856 3845 3834
f 3845 3838 3834
f 3836 3834 3835
f 3832 3841 3840
f 3833 3559 3564
f 3607 3611 3595
f 3611 3608 3609
f 3613 3609 3608
f 3603 3610 3604
f 3609 3602 3604
f 3617 3618 3620
f 3606 3602 3614
f 3602 3613 3614
f 3615 3616 3814
f 3602 3609 3613
f 3615 3815 3614
f 3606 3614 3815
f 3568 3602 3606
f 3606 3816 3819
f 3832 3840 3831
f 3816 3606 3815
f 3603 3841 3832
f 3816 3824 3817 3820
f 3815 3615 3814
f 3813 3814 417 418
f 3824 408 3817
f 3814 3616 415
f 3819 3816 3820
f 3814 416 417
f 3610 3603 3832
f 3588 3590 3581
f 3834 3836 3856
f 3876 3872 3758
f 3876 396 3872
f 3895 3896 3874
f 3883 396 3880
f 3902 3905 3762
f 3916 2711 3917
f 3922 3925 2711
f 3917 3898 3916
f 3762 3896 3895
f 3767 3987 3992
f 2709 3987 3768
f 3993 3983 3982
f 3994 3992 3980
f 3932 3933 3918
f 3932 2712 3933
f 3955 3967 3964
f 3941 2712 3938
f 3967 3955 3962
f 3987 2709 3986
f 3835 3868 3846 3857
f 3846 3868 3870
f 3844 3869 3871
f 3869 3875 3842 3871
f 3868 3844 3870
f 396 3876 3880
f 3842 3875 3876
f 3884 3883 3880
f 3894 3895 3882
f 3895 3902 3762
f 3895 3874 3882
f 3880 3881 3884
f 3857 3836 3835
f 3876 3758 3842
f 3916 3898 3904
f 2711 3916 3922
f 3932 3918 3924
f 3938 2712 3932
f 3924 3926 3923
f 3922 3926 3925
f 3906 3902 3903
f 3924 3931 3932
f 3940 3942 3939
f 3941 3938 3942
f 3947 3973 3940
f 3922 3923 3926
f 3904 3915 3916
f 3906 3905 3902
f 3947 3956 3973
f 3979 4005 3994
f 3987 3767 3768
f 3770 3771 3769
f 3772 3776 3990
f 3994 4005 3767
f 2694 3769 3771
f 3979 3994 3996
f 3992 3994 3767
f 3979 3996 3993
f 3978 3993 3982
f 3993 3978 3979
f 3991 3990 3776
f 3991 3776 3988
f 2687 3781 3783
f 3781 2694 3771
f 3782 3783 3781
f 3772 3781 3771
f 3772 3990 3773
f 2685 3772 3773
f 3784 3785 804
f 3772 2685 3780
f 3984 3780 2685
f 3779 3780 3984
f 3781 3772 3780
f 3982 3960 3978
f 3964 3967 3948
f 3966 3954 3964
f 3988 3776 3976
f 3954 3955 3964
f 3970 3969 3976
f 3955 3978 3960 3962
f 3953 3963 3956
f 3963 3953 3954
f 3777 3977 3976
f 3777 3976 3776
f 3966 3963 3954
f 3988 3969 3985
f 3779 3984 3775
f 804 3785 803
f 3775 3968 3779
f 3778 3779 3968
f 3976 3958 3970
f 3968 3774 3778
f 3957 3959 3777
f 3969 3988 3976
f 3778 3774 3957
f 3777 3959 3974
f 3784 804 805
f 3939 3942 3938
f 3878 3831 3879
f 3831 3840 3849
f 3831 3849 3848
f 3831 3848 3879
f 3830 3831 3878 3890
f 3889 3830 3890
f 3884 3881 3882
f 3882 3881 3894
f 3903 3915 3904 3906
f 3912 3830 3900
f 3830 3912 3911
f 3830 3911 3829
f 3829 3920 35
f 3829 3911 3921
f 3921 3920 3829
f 3901 3900 3830
f 3830 3889 3901
f 3923 3931 3924
f 3825 407 3823
f 408 3825 3823
f 3826 3892 3891
f 407 3825 3891
f 408 3824 3825
f 3812 3813 418 419
f 3826 3891 3825
f 3913 3892 3826
f 419 420 3807 3812
f 35 3919 3810
f 3930 3803 3809
f 3810 3792 3827 3828
f 3804 3809 3803
f 35 3810 3828
f 3828 3829 35
f 3919 3914 3810
f 3913 3826 3827
f 3827 3792 3913
f 3914 3919 3897
f 3804 3805 3799 3811
f 3930 3937 3803
f 3939 3946 3940
f 3940 3946 3947
f 3802 3945 3944
f 3803 3937 3936
f 3936 3802 3803
f 3798 3944 2710
f 3802 3944 3801
f 3936 3945 3802
f 3786 3951 3949
f 3786 803 3785
f 803 3786 2686 37
f 803 37 822
f 3957 3777 3778
f 3950 3952 3787
f 821 822 38
f 36 3949 3951
f 2686 3786 3949
f 36 3950 3797
f 3786 3787 3951
f 3952 3951 3787
f 3777 3974 3977
f 3956 3947 3953
f 3808 3799 3805
f 3798 3794 3801
f 3798 3801 3944
f 3793 3794 3798
f 3793 3808 3806
f 3950 3787 3788
f 3808 3805 3806
f 3790 3807 420
f 3794 3806 3807
f 3807 3790 3794
f 3801 3794 3800
f 3789 3790 420
f 3793 3806 3794
f 3797 3788 3791
f 38 37 3795 2236
f 3797 3950 3788
f 3796 3791 421
f 3789 421 3791
f 420 421 3789
f 422 3796 421
f 37 38 822
f 2236 3795 423 424
f 3795 422 423
f 422 3795 3796
f 3788 3789 3791
f 38 1027 2410 821
f 3811 3809 3804
f 3869 3844 3868
f 2411 820 821
f 819 820 2412 1055
f 827 836 838
f 824 833 823
f 833 824 834
f 831 834 824
f 1060 824 827 1059
f 836 827 839
f 1059 838 1058
f 979 831 1060
f 1060 831 824
f 837 1057 838
f 838 1059 827
f 830 817 837
f 1063 828 832
f 971 1063 832
f 971 1062 1063
f 916 846 948 917
f 1204 846 916
f 832 829 971
f 840 828 1063
f 1062 973 972
f 948 846 847
f 847 949 948
f 971 973 1062
f 972 979 1061
f 1048 990 991
f 1057 818 1056
f 990 1048 1049
f 1057 1058 838
f 958 974 960 961
f 1061 979 1060
f 1002 1048 991
f 974 975 960
f 1002 1004 1048
f 990 1049 978
f 1062 972 1061
f 928 926 943
f 942 941 847
f 848 942 847
f 914 848 915
f 847 941 949
f 943 944 928
f 914 942 848
f 906 907 912
f 905 915 848
f 929 926 928
f 889 906 891 892
f 961 957 958
f 837 817 1057
f 1615 873 1617
f 1614 1615 1617 875
f 1618 1619 1616
f 1616 1619 1620
f 1611 872 1614
f 875 905 1614
f 1614 905 849
f 1613 872 1610
f 848 849 905
f 1613 1614 872
f 1605 1613 1610
f 1502 1508 1505
f 1507 1509 1504
f 1509 1503 1504
f 1507 1504 1506
f 1509 1508 1503
f 1507 1373 1710
f 1501 1502 1505
f 1502 1503 1508
f 1613 1605 1608
f 1513 1514 1511 1512
f 1511 1566 1506
f 1615 1623 873
f 1611 849 1612
f 1606 850 862 868
f 850 1606 1607 849
f 1607 1609 1612
f 1612 849 1607
f 849 1611 1614
f 850 860 866
f 850 866 862
f 892 888 889
f 1597 1598 1606
f 1609 1607 1608
f 1585 1587 1556
f 1589 1587 1588
f 1584 1587 1585
f 1583 1584 1557
f 1585 1557 1584
f 1569 1583 1557
f 1589 1556 1587
f 1582 1583 1581
f 868 1597 1606
f 1608 1605 1609
f 891 906 912
f 1514 1567 1511
f 925 926 929
f 998 978 1049
f 999 1001 989
f 1023 999 997
f 1023 1048 1001
f 1048 1004 1001
f 1050 977 1049
f 977 1050 1012
f 1023 997 1013
f 1048 1023 1047
f 977 998 1049
f 992 987 988
f 994 987 995
f 994 986 987
f 986 994 982
f 995 987 992
f 975 986 982
f 976 992 996
f 996 992 988
f 985 996 988
f 999 1023 1001
f 984 985 988
f 984 988 1005
f 1009 984 1005
f 1051 1000 1050
f 1012 1050 1000
f 1046 1011 1000
f 1011 1046 1022
f 1025 1022 1047
f 1051 1046 1000
f 1042 1043 2424 2425
f 1052 1053 1054
f 1046 1051 1045
f 1045 1051 1052
f 1052 2415 1045
f 1047 1022 1046
f 1043 1045 2424
f 1006 1031 1005
f 1005 1031 1009
f 1032 1031 1006
f 1006 1029 1032
f 1009 1031 1010
f 1043 1044 1045
f 1040 1041 1028
f 1029 1040 1028
f 1042 2425 1018 969
f 1040 1029 1006
f 1041 1042 1015
f 2413 1052 1054
f 1047 1023 1025
f 983 975 982
f 961 964 957
f 944 957 963 952
f 932 925 929
f 953 928 944
f 964 965 957
f 983 960 975
f 957 965 963
f 952 963 910 945
f 925 932 933
f 944 952 953
f 931 925 933
f 921 912 907
f 878 866 894
f 868 1601 1597
f 894 866 888
f 1549 1583 1582
f 1583 1569 1581
f 1589 1588 1593
f 1588 1597 1600 1592
f 888 892 895
f 879 862 866
f 920 921 907
f 920 931 864 908
f 895 896 888
f 931 920 907
f 1582 1563 1578
f 931 907 925
f 888 896 894
f 1029 1028 1007
f 1041 1015 1028
f 1042 969 1015
f 855 861 878 894
f 866 878 879
f 1597 1602 1600
f 1592 1600 854 1586
f 1597 1601 1602
f 1581 1569 1570
f 1588 1592 1593
f 1054 1055 2412 2413
f 1578 1549 1582
f 1373 1506 1520
f 1566 1520 1506
f 1516 1519 1521
f 1521 1518 1516
f 1519 1516 1526
f 1566 1510 1520
f 1511 1567 1566
f 1514 1565 1567
f 1565 1515 1518
f 1510 1565 1518
f 1565 1514 1515
f 1516 1518 1515
f 1562 1552 1540
f 1527 1526 1517
f 1697 1698 1526
f 617 1522 1525
f 1524 1527 1517
f 1533 1524 1529
f 1523 1524 1533 596
f 616 596 1532
f 1524 1517 1529
f 1523 616 617
f 1533 1529 1534
f 1526 1516 1517
f 1548 1578 1579
f 1578 1548 1549
f 1577 1548 1579
f 1562 1577 1564
f 1538 1562 1540
f 1538 1577 1562
f 1536 1552 1550
f 1562 1554 1552
f 1537 1540 1536
f 1552 1536 1540
f 1540 1541 1538
f 1539 1530 1541
f 1541 1530 1538
f 1529 1530 1539
f 1529 2144 1531 1534
f 2144 1529 1539
f 2137 2142 2132
f 2143 2142 2137
f 2137 2136 2143
f 1531 2144 2131
f 2143 2144 1539
f 2142 2143 1539
f 1548 1577 1538
f 2130 616 597
f 616 1523 596
f 617 1525 1523
f 602 603 582 583
f 591 602 583 563
f 591 563 581
f 578 515 568
f 568 577 578
f 515 565 572
f 579 515 578
f 603 604 549 582
f 576 577 568 569
f 572 566 515
f 575 576 567
f 569 567 576
f 567 574 575
f 566 572 553
f 553 572 573
f 573 574 567
f 552 558 555
f 553 573 567
f 579 586 515
f 605 594 593
f 593 549 604
f 604 605 593
f 590 581 605
f 594 605 581
f 605 589 590
f 591 581 590
f 606 469 600
f 606 589 605
f 606 607 469
f 606 600 589
f 600 601 589
f 595 609 2130
f 1532 597 616
f 588 586 587
f 601 580 588
f 580 586 588
f 586 554 515
f 554 565 515
f 565 554 564
f 580 554 586
f 558 559 561 555
f 556 557 552 490
f 557 558 552
f 560 554 562
f 601 588 589
f 560 564 554
f 616 2130 609
f 1699 1522 617
f 2135 2138 2134
f 2126 2116 2128
f 2126 2128 2118
f 2135 2134 2116
f 2074 2112 2109
f 2113 2106 2108
f 2112 2106 2115
f 2093 2106 2112
f 2107 2108 2106
f 2115 2106 2113
f 2118 2108 2107 2126
f 2135 2136 2139
f 2138 2135 2139
f 2126 2127 2116
f 2127 2135 2116
f 2144 2110 2140
f 2140 2131 2144
f 2129 2144 2111
f 2144 2129 2110
f 2125 2111 2144
f 2125 2144 2145
f 2112 2074 2093
f 2136 2137 2139
f 2095 2089 2076
f 2093 2089 2095
f 2088 2093 2097
f 2095 2097 2093
f 2092 2093 2088
f 2087 2079 2082
f 2073 2082 2077
f 2067 2072 2069 2071
f 2072 2077 2084
f 2087 2088 2079
f 2088 2087 2092
f 2086 2087 2082
f 2081 2080 2145
f 2082 2073 2086
f 2125 2145 2080
f 2073 2077 2072
f 2069 2072 2084
f 2085 2145 2064
f 2145 2065 2064
f 2067 2071 2044
f 2085 2081 2145
f 2145 2038 2065
f 2093 2074 2089
f 609 595 615
f 609 1970 1971 608
f 608 469 607
f 608 614 469
f 615 611 1970 609
f 546 600 469
f 1972 1970 611
f 608 1971 547 614
f 1973 1976 1975 547
f 560 562 28
f 599 1976 28
f 559 560 28
f 28 518 559
f 490 518 551
f 551 28 550
f 524 526 1958
f 550 28 545
f 551 518 28
f 490 551 556
f 541 542 543 544
f 599 548 1976
f 548 599 546
f 518 561 559
f 1971 1973 547
f 1970 1972 610
f 470 1974 1959
f 548 1975 1976
f 545 28 537
f 1969 1970 610 2063
f 470 1959 525
f 538 539 537
f 28 1976 1978
f 1958 1974 524
f 1958 1959 1974
f 545 539 540 544
f 510 514 513
f 519 520 516 517
f 541 544 540
f 517 499 512 519
f 497 516 520
f 510 513 509
f 501 509 513
f 514 510 511
f 514 511 505
f 512 502 503 511
f 473 1978 1979
f 1506 1373 1507
f 2415 2413 2414
f 2415 1052 2413
f 2424 1045 2422
f 2422 1045 2415
f 2415 2421 2422
f 2422 2423 2424
f 1026 2416 2206
f 2417 2206 2416
f 2421 2416 1026
f 2225 2421 2196
f 1026 2196 2421
f 2227 2224 2420
f 2421 2225 2420
f 2415 2416 2421
f 820 2411 2412
f 2195 2191 2187
f 2187 2191 2425
f 2187 2210 2195
f 2210 2187 2188
f 1018 2191 2190
f 2420 2225 2227
f 2208 2202 2203
f 2210 2188 2202
f 2202 2211 2210
f 2210 2189 2195
f 2211 2202 2208
f 1018 2425 2191
f 2206 2417 2198
f 2207 2205 2224
f 2198 2417 2245
f 2245 2417 2418
f 2197 2418 2242
f 2248 2224 2205 2246
f 2241 2248 2246
f 2419 2247 2243
f 2245 2418 2197
f 2419 2248 2250
f 2253 2244 2228
f 2201 2204 2208
f 2201 2208 2203
f 2240 2228 2244
f 2253 2228 2229
f 2419 2420 2248
f 2229 2261 2251
f 2419 2250 2247
f 2254 2229 2251
f 2238 2251 2261
f 2253 2229 2254
f 2420 2224 2248
f 2199 2201 2203
f 2203 2228 2240 2199
f 2253 2234 2244
f 2270 1021 2258
f 1021 2276 2275
f 2220 2276 2274
f 2289 1020 2284
f 2292 1020 2296
f 2287 2296 2291
f 2033 2304 2309
f 2314 2033 2317
f 453 2325 2329
f 2028 2335 2333
f 2334 2335 2028
f 2317 2313 2307
f 2262 2233 2257
f 2269 2270 2259
f 2275 2276 2220
f 2277 2288 2285 2274
f 2285 2289 2284
f 2287 2292 2296
f 2258 2259 2270
f 2297 2308 2305 2291
f 2263 2269 2259 2233
f 2262 2263 2233
f 2309 2304 2305
f 2318 2328 2326 2313
f 2329 2325 2326
f 2335 2334 453
f 2333 2336 2360
f 2307 2314 2317
f 2262 2257 2238
f 2360 2344 2343
f 2343 2345 2351
f 2367 2369 2372
f 2363 2367 2372
f 2345 2376 2346
f 2376 2361 2341
f 2371 2362 2366
f 2362 2363 2366
f 2362 2371 2341
f 2345 2346 2351
f 2363 2377 2367
f 2270 2276 1021
f 2262 2238 2261
f 1982 2350 2367
f 2409 2410 2265
f 2243 2242 2419
f 2409 2266 2264
f 2410 1027 2235
f 2242 2418 2419
f 2410 2235 2265
f 39 2265 2235
f 2268 2264 39
f 2408 2409 2264
f 2265 2266 2409
f 2285 2288 2289
f 2276 2277 2274
f 2271 2273 2402
f 2280 2401 2272
f 2279 2260 2401
f 2401 2280 2279
f 2260 2400 2401
f 2401 2402 2272
f 2402 2273 2272
f 2402 2403 2271
f 2408 2264 2268
f 425 2231 2237
f 2408 2268 2231
f 2403 2267 2271
f 2271 2267 1019
f 2407 2408 2231
f 2407 2231 425
f 426 2406 2407
f 2403 2404 2405
f 2405 2267 2403
f 426 2407 425
f 425 2237 424
f 2406 2396 2405
f 2405 2232 2267
f 2283 2281 2399 2400
f 2260 2283 2400
f 2405 2397 2232
f 2406 426 2396
f 2395 2396 426 427
f 2281 2398 2399
f 2399 2398 2397
f 2232 2397 2398
f 2397 2405 2396
f 2410 2411 821
f 2381 2382 40 2290
f 2312 2380 2299
f 2309 2305 2308
f 2296 2297 2291
f 2033 2309 2317
f 2299 2381 2300
f 2299 2380 2381
f 2312 2311 2380
f 2380 2311 2321
f 2381 2290 2300
f 2321 2320 2380
f 2379 2380 2332 2331
f 453 2329 2335
f 2362 2341 2361
f 2361 2376 2345
f 2326 2328 2329
f 2336 2333 2335
f 2336 2344 2360
f 2343 2344 2345
f 2380 2320 2332
f 2348 2379 2349
f 2317 2318 2313
f 2382 2282 40
f 40 2282 2298
f 2303 2298 2282
f 2298 2303 2286
f 2301 2230 2383
f 2230 2282 2382 2383
f 427 428 2394 2395
f 2383 2384 2301
f 2302 2301 2384
f 2322 2302 2384
f 2331 2339 2379
f 2379 2339 2338
f 2378 2379 2348 2365
f 2379 2338 2349
f 2322 2384 2385
f 428 429 2393 2394
f 2385 442 2340
f 2385 441 2322
f 441 2385 2340
f 1020 2289 2296
f 2041 2045 2015
f 2043 2034 2041
f 2046 2045 2041
f 2041 2060 2046
f 2041 2034 2060
f 2046 2066 2068
f 2040 2036 1987
f 2034 2040 2010
f 2040 2034 2043
f 1987 2010 2040
f 2034 2035 2060
f 2060 2061 2046
f 2038 2145 2062
f 2037 1969 1967
f 1968 1969 2037 467
f 2061 2066 2046
f 2067 2044 2066
f 2145 2146 2059 2039
f 2039 2062 2145
f 2010 1987 2012
f 2044 2068 2066
f 2010 2017 2019
f 2012 2017 2010
f 2009 2010 2011
f 2019 2011 2010
f 2011 1994 2009
f 2000 2059 2146
f 1981 1994 2002
f 1981 2002 1992
f 1981 1992 1980
f 1992 2005 2180 1980
f 1981 2009 1994
f 2146 2008 2001
f 468 1968 1966
f 1966 1968 467
f 1964 466 475
f 2001 2000 2146
f 2181 2179 2180
f 2181 2173 2179
f 2146 2186 1999
f 468 472 464 1968
f 2146 1999 2008
f 1968 464 465 1965
f 2180 2005 2182
f 1989 2017 2012
f 438 525 1960
f 1976 1977 1978
f 537 28 473
f 545 537 539
f 1954 1955 1979
f 1957 1956 526
f 534 536 533
f 536 534 535
f 1979 1961 473
f 1979 1955 1961
f 520 521 497
f 499 497 522 496
f 522 497 521
f 499 496 502
f 495 496 522 523
f 499 502 512
f 503 508 501 505
f 504 495 461
f 511 503 505
f 509 501 508
f 1956 1958 526
f 1956 1957 474
f 1960 1961 474 438
f 1961 1956 474
f 1955 1956 1961
f 1978 473 28
f 1962 473 1961
f 537 473 536
f 471 466 1965 465
f 1962 475 1963
f 473 531 533
f 473 1962 1963
f 530 531 473
f 475 1962 1964
f 1959 1960 525
f 473 533 536
f 495 488 498
f 488 523 527
f 495 498 461
f 494 495 504 500
f 523 488 495
f 473 437 529 530
f 489 532 527
f 527 532 488
f 494 500 507
f 1964 1965 466
f 493 494 507 506
f 2186 2146 2007
f 1967 1969 2063
f 2377 1995 1982
f 2181 2003 2185
f 2183 1995 2171 2174
f 2377 2175 2171
f 1995 2377 2171
f 2362 2377 2363
f 2378 2175 2377
f 2378 2164 2175
f 2378 2169 2164
f 2169 2378 2165
f 2377 1982 2367
f 2183 2173 2181
f 2174 2173 2183
f 2176 2172 2174
f 2006 2007 2146
f 2146 2178 2006
f 2172 2173 2174
f 2185 2183 2181
f 2162 2176 2168
f 2168 2170 2162
f 2161 2167 2160
f 2149 2178 2147
f 2147 2178 2146
f 2170 2161 2162
f 2176 2162 2172
f 2165 2166 2169
f 2155 2163 1998
f 2155 2387 2388
f 2387 2155 2390
f 2155 2388 2159
f 2386 2387 2392 2389
f 2386 442 2385
f 2386 2389 442
f 2157 2393 431
f 2390 2392 2387
f 2158 2388 2393
f 2163 2167 2166
f 2149 2147 2150
f 2160 2167 2163
f 2167 2161 2170
f 2155 2159 2163
f 2151 2156 2153
f 2156 2157 2152 2153
f 2157 2158 2393
f 2159 2160 2163
f 2159 2388 2158
f 2148 2150 2147
f 430 2393 429
f 2365 2165 2378
f 2151 433 2148
f 464 472 450
f 450 2177 464
f 439 471 465
f 463 464 2177 451
f 529 437 486
f 465 449 439
f 528 489 527
f 528 483 489
f 528 480 484 485
f 485 483 528
f 482 506 462
f 528 529 479 480
f 458 42 479
f 479 529 486 458
f 506 482 493
f 448 493 482
f 478 479 42 445
f 2150 2148 455
f 2150 455 457
f 463 457 455
f 449 465 476
f 432 433 444
f 449 476 456
f 433 2153 444
f 2152 2157 436
f 436 2157 431
f 435 443 476
f 431 432 444 436
f 431 2393 430
f 433 455 2148
f 434 456 476
f 434 476 443
f 481 491 448
f 447 435 477
f 478 447 477
f 480 491 481
f 447 478 445
f 491 492 448
f 480 481 484
f 435 476 477
f 493 448 492
f 463 451 457
f 433 2151 2153
f 2180 2182 2181
f 2237 2236 424
f 843 817 830
