# Rhino

g object_1
v 8.3999996185302734 19.049999237060547 -33.599998474121094
v 8.3999996185302734 30 -33.599998474121094
v 8.3999996185302734 19.049999237060547 -25.200000762939453
v 8.3999996185302734 30 -25.200000762939453
v 8.3999996185302734 19.049999237060547 -29.399999618530273
v 8.3999996185302734 24.524999618530273 -25.200000762939453
v 8.3999996185302734 30 -29.399999618530273
v 8.3999996185302734 24.524999618530273 -33.599998474121094
v 16.799999237060547 19.049999237060547 -25.200000762939453
v 16.799999237060547 30 -25.200000762939453
v 12.600000381469727 19.049999237060547 -25.200000762939453
v 16.799999237060547 24.524999618530273 -25.200000762939453
v 12.600000381469727 30 -25.200000762939453
v 16.799999237060547 19.049999237060547 -33.599998474121094
v 16.799999237060547 30 -33.599998474121094
v 16.799999237060547 19.049999237060547 -29.399999618530273
v 16.799999237060547 24.524999618530273 -33.599998474121094
v 16.799999237060547 30 -29.399999618530273
v 12.600000381469727 19.049999237060547 -33.599998474121094
v 12.600000381469727 30 -33.599998474121094
f 8 1 5 3 6 4 7 2
f 6 3 11 9 12 10 13 4
f 12 9 16 14 17 15 18 10
f 17 14 19 1 8 2 20 15
f 19 14 16 9 11 3 5 1
f 18 15 20 2 7 4 13 10
g object_2
v 16.799999237060547 19.049999237060547 -33.599998474121094
v 16.799999237060547 30 -33.599998474121094
v 16.799999237060547 19.049999237060547 -25.200000762939453
v 16.799999237060547 30 -25.200000762939453
v 16.799999237060547 19.049999237060547 -29.399999618530273
v 16.799999237060547 24.524999618530273 -25.200000762939453
v 16.799999237060547 30 -29.399999618530273
v 16.799999237060547 24.524999618530273 -33.599998474121094
v 25.200000762939453 19.049999237060547 -25.200000762939453
v 25.200000762939453 30 -25.200000762939453
v 21 19.049999237060547 -25.200000762939453
v 25.200000762939453 24.524999618530273 -25.200000762939453
v 21 30 -25.200000762939453
v 25.200000762939453 19.049999237060547 -33.599998474121094
v 25.200000762939453 30 -33.599998474121094
v 25.200000762939453 19.049999237060547 -29.399999618530273
v 25.200000762939453 24.524999618530273 -33.599998474121094
v 25.200000762939453 30 -29.399999618530273
v 21 19.049999237060547 -33.599998474121094
v 21 30 -33.599998474121094
f 28 21 25 23 26 24 27 22
f 26 23 31 29 32 30 33 24
f 32 29 36 34 37 35 38 30
f 37 34 39 21 28 22 40 35
f 39 34 36 29 31 23 25 21
f 38 35 40 22 27 24 33 30
g object_3
v 25.200000762939453 19.049999237060547 -33.599998474121094
v 25.200000762939453 30 -33.599998474121094
v 25.200000762939453 19.049999237060547 -25.200000762939453
v 25.200000762939453 30 -25.200000762939453
v 25.200000762939453 19.049999237060547 -29.399999618530273
v 25.200000762939453 24.524999618530273 -25.200000762939453
v 25.200000762939453 30 -29.399999618530273
v 25.200000762939453 24.524999618530273 -33.599998474121094
v 33.599998474121094 19.049999237060547 -25.200000762939453
v 33.599998474121094 30 -25.200000762939453
v 29.399999618530273 19.049999237060547 -25.200000762939453
v 33.599998474121094 24.524999618530273 -25.200000762939453
v 29.399999618530273 30 -25.200000762939453
v 33.599998474121094 19.049999237060547 -33.599998474121094
v 33.599998474121094 30 -33.599998474121094
v 33.599998474121094 19.049999237060547 -29.399999618530273
v 33.599998474121094 24.524999618530273 -33.599998474121094
v 33.599998474121094 30 -29.399999618530273
v 29.399999618530273 19.049999237060547 -33.599998474121094
v 29.399999618530273 30 -33.599998474121094
f 48 41 45 43 46 44 47 42
f 46 43 51 49 52 50 53 44
f 52 49 56 54 57 55 58 50
f 57 54 59 41 48 42 60 55
f 59 54 56 49 51 43 45 41
f 58 55 60 42 47 44 53 50
g object_4
v 33.599998474121094 19.049999237060547 -33.599998474121094
v 33.599998474121094 30 -33.599998474121094
v 33.599998474121094 19.049999237060547 -25.200000762939453
v 33.599998474121094 30 -25.200000762939453
v 33.599998474121094 19.049999237060547 -29.399999618530273
v 33.599998474121094 24.524999618530273 -25.200000762939453
v 33.599998474121094 30 -29.399999618530273
v 33.599998474121094 24.524999618530273 -33.599998474121094
v 42 19.049999237060547 -25.200000762939453
v 42 30 -25.200000762939453
v 37.799999237060547 19.049999237060547 -25.200000762939453
v 42 24.524999618530273 -25.200000762939453
v 37.799999237060547 30 -25.200000762939453
v 42 19.049999237060547 -33.599998474121094
v 42 30 -33.599998474121094
v 42 19.049999237060547 -29.399999618530273
v 42 24.524999618530273 -33.599998474121094
v 42 30 -29.399999618530273
v 37.799999237060547 19.049999237060547 -33.599998474121094
v 37.799999237060547 30 -33.599998474121094
f 68 61 65 63 66 64 67 62
f 66 63 71 69 72 70 73 64
f 72 69 76 74 77 75 78 70
f 77 74 79 61 68 62 80 75
f 79 74 76 69 71 63 65 61
f 78 75 80 62 67 64 73 70
g object_5
v 42 19.049999237060547 -33.599998474121094
v 42 30 -33.599998474121094
v 42 19.049999237060547 -25.200000762939453
v 42 30 -25.200000762939453
v 42 19.049999237060547 -29.399999618530273
v 42 24.524999618530273 -25.200000762939453
v 42 30 -29.399999618530273
v 42 24.524999618530273 -33.599998474121094
v 50.400001525878906 19.049999237060547 -25.200000762939453
v 50.400001525878906 30 -25.200000762939453
v 46.200000762939453 19.049999237060547 -25.200000762939453
v 50.400001525878906 24.524999618530273 -25.200000762939453
v 46.200000762939453 30 -25.200000762939453
v 50.400001525878906 19.049999237060547 -33.599998474121094
v 50.400001525878906 30 -33.599998474121094
v 50.400001525878906 19.049999237060547 -29.399999618530273
v 50.400001525878906 24.524999618530273 -33.599998474121094
v 50.400001525878906 30 -29.399999618530273
v 46.200000762939453 19.049999237060547 -33.599998474121094
v 46.200000762939453 30 -33.599998474121094
f 88 81 85 83 86 84 87 82
f 86 83 91 89 92 90 93 84
f 92 89 96 94 97 95 98 90
f 97 94 99 81 88 82 100 95
f 99 94 96 89 91 83 85 81
f 98 95 100 82 87 84 93 90
g object_6
v 8.3999996185302734 19.049999237060547 -42
v 8.3999996185302734 30 -42
v 8.3999996185302734 19.049999237060547 -33.599998474121094
v 8.3999996185302734 30 -33.599998474121094
v 8.3999996185302734 19.049999237060547 -37.799999237060547
v 8.3999996185302734 24.524999618530273 -33.599998474121094
v 8.3999996185302734 30 -37.799999237060547
v 8.3999996185302734 24.524999618530273 -42
v 16.799999237060547 19.049999237060547 -33.599998474121094
v 16.799999237060547 30 -33.599998474121094
v 12.600000381469727 19.049999237060547 -33.599998474121094
v 16.799999237060547 24.524999618530273 -33.599998474121094
v 12.600000381469727 30 -33.599998474121094
v 16.799999237060547 19.049999237060547 -42
v 16.799999237060547 30 -42
v 16.799999237060547 19.049999237060547 -37.799999237060547
v 16.799999237060547 24.524999618530273 -42
v 16.799999237060547 30 -37.799999237060547
v 12.600000381469727 19.049999237060547 -42
v 12.600000381469727 30 -42
f 108 101 105 103 106 104 107 102
f 106 103 111 109 112 110 113 104
f 112 109 116 114 117 115 118 110
f 117 114 119 101 108 102 120 115
f 119 114 116 109 111 103 105 101
f 118 115 120 102 107 104 113 110
g object_7
v 16.799999237060547 19.049999237060547 -42
v 16.799999237060547 30 -42
v 16.799999237060547 19.049999237060547 -33.599998474121094
v 16.799999237060547 30 -33.599998474121094
v 16.799999237060547 19.049999237060547 -37.799999237060547
v 16.799999237060547 24.524999618530273 -33.599998474121094
v 16.799999237060547 30 -37.799999237060547
v 16.799999237060547 24.524999618530273 -42
v 25.200000762939453 19.049999237060547 -33.599998474121094
v 25.200000762939453 30 -33.599998474121094
v 21 19.049999237060547 -33.599998474121094
v 25.200000762939453 24.524999618530273 -33.599998474121094
v 21 30 -33.599998474121094
v 25.200000762939453 19.049999237060547 -42
v 25.200000762939453 30 -42
v 25.200000762939453 19.049999237060547 -37.799999237060547
v 25.200000762939453 24.524999618530273 -42
v 25.200000762939453 30 -37.799999237060547
v 21 19.049999237060547 -42
v 21 30 -42
f 128 121 125 123 126 124 127 122
f 126 123 131 129 132 130 133 124
f 132 129 136 134 137 135 138 130
f 137 134 139 121 128 122 140 135
f 139 134 136 129 131 123 125 121
f 138 135 140 122 127 124 133 130
g object_8
v 25.200000762939453 19.049999237060547 -42
v 25.200000762939453 30 -42
v 25.200000762939453 19.049999237060547 -33.599998474121094
v 25.200000762939453 30 -33.599998474121094
v 25.200000762939453 19.049999237060547 -37.799999237060547
v 25.200000762939453 24.524999618530273 -33.599998474121094
v 25.200000762939453 30 -37.799999237060547
v 25.200000762939453 24.524999618530273 -42
v 33.599998474121094 19.049999237060547 -33.599998474121094
v 33.599998474121094 30 -33.599998474121094
v 29.399999618530273 19.049999237060547 -33.599998474121094
v 33.599998474121094 24.524999618530273 -33.599998474121094
v 29.399999618530273 30 -33.599998474121094
v 33.599998474121094 19.049999237060547 -42
v 33.599998474121094 30 -42
v 33.599998474121094 19.049999237060547 -37.799999237060547
v 33.599998474121094 24.524999618530273 -42
v 33.599998474121094 30 -37.799999237060547
v 29.399999618530273 19.049999237060547 -42
v 29.399999618530273 30 -42
f 148 141 145 143 146 144 147 142
f 146 143 151 149 152 150 153 144
f 152 149 156 154 157 155 158 150
f 157 154 159 141 148 142 160 155
f 159 154 156 149 151 143 145 141
f 158 155 160 142 147 144 153 150
g object_9
v 33.599998474121094 19.049999237060547 -42
v 33.599998474121094 30 -42
v 33.599998474121094 19.049999237060547 -33.599998474121094
v 33.599998474121094 30 -33.599998474121094
v 33.599998474121094 19.049999237060547 -37.799999237060547
v 33.599998474121094 24.524999618530273 -33.599998474121094
v 33.599998474121094 30 -37.799999237060547
v 33.599998474121094 24.524999618530273 -42
v 42 19.049999237060547 -33.599998474121094
v 42 30 -33.599998474121094
v 37.799999237060547 19.049999237060547 -33.599998474121094
v 42 24.524999618530273 -33.599998474121094
v 37.799999237060547 30 -33.599998474121094
v 42 19.049999237060547 -42
v 42 30 -42
v 42 19.049999237060547 -37.799999237060547
v 42 24.524999618530273 -42
v 42 30 -37.799999237060547
v 37.799999237060547 19.049999237060547 -42
v 37.799999237060547 30 -42
f 168 161 165 163 166 164 167 162
f 166 163 171 169 172 170 173 164
f 172 169 176 174 177 175 178 170
f 177 174 179 161 168 162 180 175
f 179 174 176 169 171 163 165 161
f 178 175 180 162 167 164 173 170
g object_10
v 42 19.049999237060547 -42
v 42 30 -42
v 42 19.049999237060547 -33.599998474121094
v 42 30 -33.599998474121094
v 42 19.049999237060547 -37.799999237060547
v 42 24.524999618530273 -33.599998474121094
v 42 30 -37.799999237060547
v 42 24.524999618530273 -42
v 50.400001525878906 19.049999237060547 -33.599998474121094
v 50.400001525878906 30 -33.599998474121094
v 46.200000762939453 19.049999237060547 -33.599998474121094
v 50.400001525878906 24.524999618530273 -33.599998474121094
v 46.200000762939453 30 -33.599998474121094
v 50.400001525878906 19.049999237060547 -42
v 50.400001525878906 30 -42
v 50.400001525878906 19.049999237060547 -37.799999237060547
v 50.400001525878906 24.524999618530273 -42
v 50.400001525878906 30 -37.799999237060547
v 46.200000762939453 19.049999237060547 -42
v 46.200000762939453 30 -42
f 188 181 185 183 186 184 187 182
f 186 183 191 189 192 190 193 184
f 192 189 196 194 197 195 198 190
f 197 194 199 181 188 182 200 195
f 199 194 196 189 191 183 185 181
f 198 195 200 182 187 184 193 190
g object_11
v 8.3999996185302734 19.049999237060547 -50.400001525878906
v 8.3999996185302734 30 -50.400001525878906
v 8.3999996185302734 19.049999237060547 -42
v 8.3999996185302734 30 -42
v 8.3999996185302734 19.049999237060547 -46.200000762939453
v 8.3999996185302734 24.524999618530273 -42
v 8.3999996185302734 30 -46.200000762939453
v 8.3999996185302734 24.524999618530273 -50.400001525878906
v 16.799999237060547 19.049999237060547 -42
v 16.799999237060547 30 -42
v 12.600000381469727 19.049999237060547 -42
v 16.799999237060547 24.524999618530273 -42
v 12.600000381469727 30 -42
v 16.799999237060547 19.049999237060547 -50.400001525878906
v 16.799999237060547 30 -50.400001525878906
v 16.799999237060547 19.049999237060547 -46.200000762939453
v 16.799999237060547 24.524999618530273 -50.400001525878906
v 16.799999237060547 30 -46.200000762939453
v 12.600000381469727 19.049999237060547 -50.400001525878906
v 12.600000381469727 30 -50.400001525878906
f 208 201 205 203 206 204 207 202
f 206 203 211 209 212 210 213 204
f 212 209 216 214 217 215 218 210
f 217 214 219 201 208 202 220 215
f 219 214 216 209 211 203 205 201
f 218 215 220 202 207 204 213 210
g object_12
v 42 19.049999237060547 -50.400001525878906
v 42 30 -50.400001525878906
v 42 19.049999237060547 -42
v 42 30 -42
v 42 19.049999237060547 -46.200000762939453
v 42 24.524999618530273 -42
v 42 30 -46.200000762939453
v 42 24.524999618530273 -50.400001525878906
v 50.400001525878906 19.049999237060547 -42
v 50.400001525878906 30 -42
v 46.200000762939453 19.049999237060547 -42
v 50.400001525878906 24.524999618530273 -42
v 46.200000762939453 30 -42
v 50.400001525878906 19.049999237060547 -50.400001525878906
v 50.400001525878906 30 -50.400001525878906
v 50.400001525878906 19.049999237060547 -46.200000762939453
v 50.400001525878906 24.524999618530273 -50.400001525878906
v 50.400001525878906 30 -46.200000762939453
v 46.200000762939453 19.049999237060547 -50.400001525878906
v 46.200000762939453 30 -50.400001525878906
f 228 221 225 223 226 224 227 222
f 226 223 231 229 232 230 233 224
f 232 229 236 234 237 235 238 230
f 237 234 239 221 228 222 240 235
f 239 234 236 229 231 223 225 221
f 238 235 240 222 227 224 233 230
g object_13
v 16.799999237060547 19.049999237060547 -50.400001525878906
v 16.799999237060547 30 -50.400001525878906
v 25.200000762939453 19.049999237060547 -50.400001525878906
v 25.200000762939453 30 -50.400001525878906
v 21 19.049999237060547 -50.400001525878906
v 25.200000762939453 24.524999618530273 -50.400001525878906
v 21 30 -50.400001525878906
v 16.799999237060547 24.524999618530273 -50.400001525878906
v 25.200000762939453 19.049999237060547 -58.799999237060547
v 25.200000762939453 30 -58.799999237060547
v 25.200000762939453 19.049999237060547 -54.599998474121094
v 25.200000762939453 24.524999618530273 -58.799999237060547
v 25.200000762939453 30 -54.599998474121094
v 16.799999237060547 19.049999237060547 -58.799999237060547
v 16.799999237060547 30 -58.799999237060547
v 21 19.049999237060547 -58.799999237060547
v 16.799999237060547 24.524999618530273 -58.799999237060547
v 21 30 -58.799999237060547
v 16.799999237060547 19.049999237060547 -54.599998474121094
v 16.799999237060547 30 -54.599998474121094
f 248 241 245 243 246 244 247 242
f 246 243 251 249 252 250 253 244
f 252 249 256 254 257 255 258 250
f 257 254 259 241 248 242 260 255
f 245 241 259 254 256 249 251 243
f 260 242 247 244 253 250 258 255
g object_14
v 25.200000762939453 19.049999237060547 -50.400001525878906
v 25.200000762939453 30 -50.400001525878906
v 33.599998474121094 19.049999237060547 -50.400001525878906
v 33.599998474121094 30 -50.400001525878906
v 29.399999618530273 19.049999237060547 -50.400001525878906
v 33.599998474121094 24.524999618530273 -50.400001525878906
v 29.399999618530273 30 -50.400001525878906
v 25.200000762939453 24.524999618530273 -50.400001525878906
v 33.599998474121094 19.049999237060547 -58.799999237060547
v 33.599998474121094 30 -58.799999237060547
v 33.599998474121094 19.049999237060547 -54.599998474121094
v 33.599998474121094 24.524999618530273 -58.799999237060547
v 33.599998474121094 30 -54.599998474121094
v 25.200000762939453 19.049999237060547 -58.799999237060547
v 25.200000762939453 30 -58.799999237060547
v 29.399999618530273 19.049999237060547 -58.799999237060547
v 25.200000762939453 24.524999618530273 -58.799999237060547
v 29.399999618530273 30 -58.799999237060547
v 25.200000762939453 19.049999237060547 -54.599998474121094
v 25.200000762939453 30 -54.599998474121094
f 268 261 265 263 266 264 267 262
f 266 263 271 269 272 270 273 264
f 272 269 276 274 277 275 278 270
f 277 274 279 261 268 262 280 275
f 265 261 279 274 276 269 271 263
f 280 262 267 264 273 270 278 275
g object_15
v 33.599998474121094 19.049999237060547 -50.400001525878906
v 33.599998474121094 30 -50.400001525878906
v 42 19.049999237060547 -50.400001525878906
v 42 30 -50.400001525878906
v 37.799999237060547 19.049999237060547 -50.400001525878906
v 42 24.524999618530273 -50.400001525878906
v 37.799999237060547 30 -50.400001525878906
v 33.599998474121094 24.524999618530273 -50.400001525878906
v 42 19.049999237060547 -58.799999237060547
v 42 30 -58.799999237060547
v 42 19.049999237060547 -54.599998474121094
v 42 24.524999618530273 -58.799999237060547
v 42 30 -54.599998474121094
v 33.599998474121094 19.049999237060547 -58.799999237060547
v 33.599998474121094 30 -58.799999237060547
v 37.799999237060547 19.049999237060547 -58.799999237060547
v 33.599998474121094 24.524999618530273 -58.799999237060547
v 37.799999237060547 30 -58.799999237060547
v 33.599998474121094 19.049999237060547 -54.599998474121094
v 33.599998474121094 30 -54.599998474121094
f 288 281 285 283 286 284 287 282
f 286 283 291 289 292 290 293 284
f 292 289 296 294 297 295 298 290
f 297 294 299 281 288 282 300 295
f 285 281 299 294 296 289 291 283
f 300 282 287 284 293 290 298 295
g object_16
v 8.3999996185302734 40.950000762939453 -33.599998474121094
v 8.3999996185302734 51.900001525878906 -33.599998474121094
v 8.3999996185302734 40.950000762939453 -25.200000762939453
v 8.3999996185302734 51.900001525878906 -25.200000762939453
v 8.3999996185302734 40.950000762939453 -29.399999618530273
v 8.3999996185302734 46.424999237060547 -25.200000762939453
v 8.3999996185302734 51.900001525878906 -29.399999618530273
v 8.3999996185302734 46.424999237060547 -33.599998474121094
v 16.799999237060547 40.950000762939453 -25.200000762939453
v 16.799999237060547 51.900001525878906 -25.200000762939453
v 12.600000381469727 40.950000762939453 -25.200000762939453
v 16.799999237060547 46.424999237060547 -25.200000762939453
v 12.600000381469727 51.900001525878906 -25.200000762939453
v 16.799999237060547 40.950000762939453 -33.599998474121094
v 16.799999237060547 51.900001525878906 -33.599998474121094
v 16.799999237060547 40.950000762939453 -29.399999618530273
v 16.799999237060547 46.424999237060547 -33.599998474121094
v 16.799999237060547 51.900001525878906 -29.399999618530273
v 12.600000381469727 40.950000762939453 -33.599998474121094
v 12.600000381469727 51.900001525878906 -33.599998474121094
f 308 301 305 303 306 304 307 302
f 306 303 311 309 312 310 313 304
f 312 309 316 314 317 315 318 310
f 317 314 319 301 308 302 320 315
f 319 314 316 309 311 303 305 301
f 318 315 320 302 307 304 313 310
g object_17
v 16.799999237060547 40.950000762939453 -33.599998474121094
v 16.799999237060547 51.900001525878906 -33.599998474121094
v 16.799999237060547 40.950000762939453 -25.200000762939453
v 16.799999237060547 51.900001525878906 -25.200000762939453
v 16.799999237060547 40.950000762939453 -29.399999618530273
v 16.799999237060547 46.424999237060547 -25.200000762939453
v 16.799999237060547 51.900001525878906 -29.399999618530273
v 16.799999237060547 46.424999237060547 -33.599998474121094
v 25.200000762939453 40.950000762939453 -25.200000762939453
v 25.200000762939453 51.900001525878906 -25.200000762939453
v 21 40.950000762939453 -25.200000762939453
v 25.200000762939453 46.424999237060547 -25.200000762939453
v 21 51.900001525878906 -25.200000762939453
v 25.200000762939453 40.950000762939453 -33.599998474121094
v 25.200000762939453 51.900001525878906 -33.599998474121094
v 25.200000762939453 40.950000762939453 -29.399999618530273
v 25.200000762939453 46.424999237060547 -33.599998474121094
v 25.200000762939453 51.900001525878906 -29.399999618530273
v 21 40.950000762939453 -33.599998474121094
v 21 51.900001525878906 -33.599998474121094
f 328 321 325 323 326 324 327 322
f 326 323 331 329 332 330 333 324
f 332 329 336 334 337 335 338 330
f 337 334 339 321 328 322 340 335
f 339 334 336 329 331 323 325 321
f 338 335 340 322 327 324 333 330
g object_18
v 25.200000762939453 40.950000762939453 -33.599998474121094
v 25.200000762939453 51.900001525878906 -33.599998474121094
v 25.200000762939453 40.950000762939453 -25.200000762939453
v 25.200000762939453 51.900001525878906 -25.200000762939453
v 25.200000762939453 40.950000762939453 -29.399999618530273
v 25.200000762939453 46.424999237060547 -25.200000762939453
v 25.200000762939453 51.900001525878906 -29.399999618530273
v 25.200000762939453 46.424999237060547 -33.599998474121094
v 33.599998474121094 40.950000762939453 -25.200000762939453
v 33.599998474121094 51.900001525878906 -25.200000762939453
v 29.399999618530273 40.950000762939453 -25.200000762939453
v 33.599998474121094 46.424999237060547 -25.200000762939453
v 29.399999618530273 51.900001525878906 -25.200000762939453
v 33.599998474121094 40.950000762939453 -33.599998474121094
v 33.599998474121094 51.900001525878906 -33.599998474121094
v 33.599998474121094 40.950000762939453 -29.399999618530273
v 33.599998474121094 46.424999237060547 -33.599998474121094
v 33.599998474121094 51.900001525878906 -29.399999618530273
v 29.399999618530273 40.950000762939453 -33.599998474121094
v 29.399999618530273 51.900001525878906 -33.599998474121094
f 348 341 345 343 346 344 347 342
f 346 343 351 349 352 350 353 344
f 352 349 356 354 357 355 358 350
f 357 354 359 341 348 342 360 355
f 359 354 356 349 351 343 345 341
f 358 355 360 342 347 344 353 350
g object_19
v 33.599998474121094 40.950000762939453 -33.599998474121094
v 33.599998474121094 51.900001525878906 -33.599998474121094
v 33.599998474121094 40.950000762939453 -25.200000762939453
v 33.599998474121094 51.900001525878906 -25.200000762939453
v 33.599998474121094 40.950000762939453 -29.399999618530273
v 33.599998474121094 46.424999237060547 -25.200000762939453
v 33.599998474121094 51.900001525878906 -29.399999618530273
v 33.599998474121094 46.424999237060547 -33.599998474121094
v 42 40.950000762939453 -25.200000762939453
v 42 51.900001525878906 -25.200000762939453
v 37.799999237060547 40.950000762939453 -25.200000762939453
v 42 46.424999237060547 -25.200000762939453
v 37.799999237060547 51.900001525878906 -25.200000762939453
v 42 40.950000762939453 -33.599998474121094
v 42 51.900001525878906 -33.599998474121094
v 42 40.950000762939453 -29.399999618530273
v 42 46.424999237060547 -33.599998474121094
v 42 51.900001525878906 -29.399999618530273
v 37.799999237060547 40.950000762939453 -33.599998474121094
v 37.799999237060547 51.900001525878906 -33.599998474121094
f 368 361 365 363 366 364 367 362
f 366 363 371 369 372 370 373 364
f 372 369 376 374 377 375 378 370
f 377 374 379 361 368 362 380 375
f 379 374 376 369 371 363 365 361
f 378 375 380 362 367 364 373 370
g object_20
v 42 40.950000762939453 -33.599998474121094
v 42 51.900001525878906 -33.599998474121094
v 42 40.950000762939453 -25.200000762939453
v 42 51.900001525878906 -25.200000762939453
v 42 40.950000762939453 -29.399999618530273
v 42 46.424999237060547 -25.200000762939453
v 42 51.900001525878906 -29.399999618530273
v 42 46.424999237060547 -33.599998474121094
v 50.400001525878906 40.950000762939453 -25.200000762939453
v 50.400001525878906 51.900001525878906 -25.200000762939453
v 46.200000762939453 40.950000762939453 -25.200000762939453
v 50.400001525878906 46.424999237060547 -25.200000762939453
v 46.200000762939453 51.900001525878906 -25.200000762939453
v 50.400001525878906 40.950000762939453 -33.599998474121094
v 50.400001525878906 51.900001525878906 -33.599998474121094
v 50.400001525878906 40.950000762939453 -29.399999618530273
v 50.400001525878906 46.424999237060547 -33.599998474121094
v 50.400001525878906 51.900001525878906 -29.399999618530273
v 46.200000762939453 40.950000762939453 -33.599998474121094
v 46.200000762939453 51.900001525878906 -33.599998474121094
f 388 381 385 383 386 384 387 382
f 386 383 391 389 392 390 393 384
f 392 389 396 394 397 395 398 390
f 397 394 399 381 388 382 400 395
f 399 394 396 389 391 383 385 381
f 398 395 400 382 387 384 393 390
g object_21
v 8.3999996185302734 40.950000762939453 -42
v 8.3999996185302734 51.900001525878906 -42
v 8.3999996185302734 40.950000762939453 -33.599998474121094
v 8.3999996185302734 51.900001525878906 -33.599998474121094
v 8.3999996185302734 40.950000762939453 -37.799999237060547
v 8.3999996185302734 46.424999237060547 -33.599998474121094
v 8.3999996185302734 51.900001525878906 -37.799999237060547
v 8.3999996185302734 46.424999237060547 -42
v 16.799999237060547 40.950000762939453 -33.599998474121094
v 16.799999237060547 51.900001525878906 -33.599998474121094
v 12.600000381469727 40.950000762939453 -33.599998474121094
v 16.799999237060547 46.424999237060547 -33.599998474121094
v 12.600000381469727 51.900001525878906 -33.599998474121094
v 16.799999237060547 40.950000762939453 -42
v 16.799999237060547 51.900001525878906 -42
v 16.799999237060547 40.950000762939453 -37.799999237060547
v 16.799999237060547 46.424999237060547 -42
v 16.799999237060547 51.900001525878906 -37.799999237060547
v 12.600000381469727 40.950000762939453 -42
v 12.600000381469727 51.900001525878906 -42
f 408 401 405 403 406 404 407 402
f 406 403 411 409 412 410 413 404
f 412 409 416 414 417 415 418 410
f 417 414 419 401 408 402 420 415
f 419 414 416 409 411 403 405 401
f 418 415 420 402 407 404 413 410
g object_22
v 16.799999237060547 40.950000762939453 -42
v 16.799999237060547 51.900001525878906 -42
v 16.799999237060547 40.950000762939453 -33.599998474121094
v 16.799999237060547 51.900001525878906 -33.599998474121094
v 16.799999237060547 40.950000762939453 -37.799999237060547
v 16.799999237060547 46.424999237060547 -33.599998474121094
v 16.799999237060547 51.900001525878906 -37.799999237060547
v 16.799999237060547 46.424999237060547 -42
v 25.200000762939453 40.950000762939453 -33.599998474121094
v 25.200000762939453 51.900001525878906 -33.599998474121094
v 21 40.950000762939453 -33.599998474121094
v 25.200000762939453 46.424999237060547 -33.599998474121094
v 21 51.900001525878906 -33.599998474121094
v 25.200000762939453 40.950000762939453 -42
v 25.200000762939453 51.900001525878906 -42
v 25.200000762939453 40.950000762939453 -37.799999237060547
v 25.200000762939453 46.424999237060547 -42
v 25.200000762939453 51.900001525878906 -37.799999237060547
v 21 40.950000762939453 -42
v 21 51.900001525878906 -42
f 428 421 425 423 426 424 427 422
f 426 423 431 429 432 430 433 424
f 432 429 436 434 437 435 438 430
f 437 434 439 421 428 422 440 435
f 439 434 436 429 431 423 425 421
f 438 435 440 422 427 424 433 430
g object_23
v 25.200000762939453 40.950000762939453 -42
v 25.200000762939453 51.900001525878906 -42
v 25.200000762939453 40.950000762939453 -33.599998474121094
v 25.200000762939453 51.900001525878906 -33.599998474121094
v 25.200000762939453 40.950000762939453 -37.799999237060547
v 25.200000762939453 46.424999237060547 -33.599998474121094
v 25.200000762939453 51.900001525878906 -37.799999237060547
v 25.200000762939453 46.424999237060547 -42
v 33.599998474121094 40.950000762939453 -33.599998474121094
v 33.599998474121094 51.900001525878906 -33.599998474121094
v 29.399999618530273 40.950000762939453 -33.599998474121094
v 33.599998474121094 46.424999237060547 -33.599998474121094
v 29.399999618530273 51.900001525878906 -33.599998474121094
v 33.599998474121094 40.950000762939453 -42
v 33.599998474121094 51.900001525878906 -42
v 33.599998474121094 40.950000762939453 -37.799999237060547
v 33.599998474121094 46.424999237060547 -42
v 33.599998474121094 51.900001525878906 -37.799999237060547
v 29.399999618530273 40.950000762939453 -42
v 29.399999618530273 51.900001525878906 -42
f 448 441 445 443 446 444 447 442
f 446 443 451 449 452 450 453 444
f 452 449 456 454 457 455 458 450
f 457 454 459 441 448 442 460 455
f 459 454 456 449 451 443 445 441
f 458 455 460 442 447 444 453 450
g object_24
v 33.599998474121094 40.950000762939453 -42
v 33.599998474121094 51.900001525878906 -42
v 33.599998474121094 40.950000762939453 -33.599998474121094
v 33.599998474121094 51.900001525878906 -33.599998474121094
v 33.599998474121094 40.950000762939453 -37.799999237060547
v 33.599998474121094 46.424999237060547 -33.599998474121094
v 33.599998474121094 51.900001525878906 -37.799999237060547
v 33.599998474121094 46.424999237060547 -42
v 42 40.950000762939453 -33.599998474121094
v 42 51.900001525878906 -33.599998474121094
v 37.799999237060547 40.950000762939453 -33.599998474121094
v 42 46.424999237060547 -33.599998474121094
v 37.799999237060547 51.900001525878906 -33.599998474121094
v 42 40.950000762939453 -42
v 42 51.900001525878906 -42
v 42 40.950000762939453 -37.799999237060547
v 42 46.424999237060547 -42
v 42 51.900001525878906 -37.799999237060547
v 37.799999237060547 40.950000762939453 -42
v 37.799999237060547 51.900001525878906 -42
f 468 461 465 463 466 464 467 462
f 466 463 471 469 472 470 473 464
f 472 469 476 474 477 475 478 470
f 477 474 479 461 468 462 480 475
f 479 474 476 469 471 463 465 461
f 478 475 480 462 467 464 473 470
g object_25
v 42 40.950000762939453 -42
v 42 51.900001525878906 -42
v 42 40.950000762939453 -33.599998474121094
v 42 51.900001525878906 -33.599998474121094
v 42 40.950000762939453 -37.799999237060547
v 42 46.424999237060547 -33.599998474121094
v 42 51.900001525878906 -37.799999237060547
v 42 46.424999237060547 -42
v 50.400001525878906 40.950000762939453 -33.599998474121094
v 50.400001525878906 51.900001525878906 -33.599998474121094
v 46.200000762939453 40.950000762939453 -33.599998474121094
v 50.400001525878906 46.424999237060547 -33.599998474121094
v 46.200000762939453 51.900001525878906 -33.599998474121094
v 50.400001525878906 40.950000762939453 -42
v 50.400001525878906 51.900001525878906 -42
v 50.400001525878906 40.950000762939453 -37.799999237060547
v 50.400001525878906 46.424999237060547 -42
v 50.400001525878906 51.900001525878906 -37.799999237060547
v 46.200000762939453 40.950000762939453 -42
v 46.200000762939453 51.900001525878906 -42
f 488 481 485 483 486 484 487 482
f 486 483 491 489 492 490 493 484
f 492 489 496 494 497 495 498 490
f 497 494 499 481 488 482 500 495
f 499 494 496 489 491 483 485 481
f 498 495 500 482 487 484 493 490
g object_26
v 8.3999996185302734 40.950000762939453 -50.400001525878906
v 8.3999996185302734 51.900001525878906 -50.400001525878906
v 8.3999996185302734 40.950000762939453 -42
v 8.3999996185302734 51.900001525878906 -42
v 8.3999996185302734 40.950000762939453 -46.200000762939453
v 8.3999996185302734 46.424999237060547 -42
v 8.3999996185302734 51.900001525878906 -46.200000762939453
v 8.3999996185302734 46.424999237060547 -50.400001525878906
v 16.799999237060547 40.950000762939453 -42
v 16.799999237060547 51.900001525878906 -42
v 12.600000381469727 40.950000762939453 -42
v 16.799999237060547 46.424999237060547 -42
v 12.600000381469727 51.900001525878906 -42
v 16.799999237060547 40.950000762939453 -50.400001525878906
v 16.799999237060547 51.900001525878906 -50.400001525878906
v 16.799999237060547 40.950000762939453 -46.200000762939453
v 16.799999237060547 46.424999237060547 -50.400001525878906
v 16.799999237060547 51.900001525878906 -46.200000762939453
v 12.600000381469727 40.950000762939453 -50.400001525878906
v 12.600000381469727 51.900001525878906 -50.400001525878906
f 508 501 505 503 506 504 507 502
f 506 503 511 509 512 510 513 504
f 512 509 516 514 517 515 518 510
f 517 514 519 501 508 502 520 515
f 519 514 516 509 511 503 505 501
f 518 515 520 502 507 504 513 510
g object_27
v 42 40.950000762939453 -50.400001525878906
v 42 51.900001525878906 -50.400001525878906
v 42 40.950000762939453 -42
v 42 51.900001525878906 -42
v 42 40.950000762939453 -46.200000762939453
v 42 46.424999237060547 -42
v 42 51.900001525878906 -46.200000762939453
v 42 46.424999237060547 -50.400001525878906
v 50.400001525878906 40.950000762939453 -42
v 50.400001525878906 51.900001525878906 -42
v 46.200000762939453 40.950000762939453 -42
v 50.400001525878906 46.424999237060547 -42
v 46.200000762939453 51.900001525878906 -42
v 50.400001525878906 40.950000762939453 -50.400001525878906
v 50.400001525878906 51.900001525878906 -50.400001525878906
v 50.400001525878906 40.950000762939453 -46.200000762939453
v 50.400001525878906 46.424999237060547 -50.400001525878906
v 50.400001525878906 51.900001525878906 -46.200000762939453
v 46.200000762939453 40.950000762939453 -50.400001525878906
v 46.200000762939453 51.900001525878906 -50.400001525878906
f 528 521 525 523 526 524 527 522
f 526 523 531 529 532 530 533 524
f 532 529 536 534 537 535 538 530
f 537 534 539 521 528 522 540 535
f 539 534 536 529 531 523 525 521
f 538 535 540 522 527 524 533 530
g object_28
v 16.799999237060547 40.950000762939453 -50.400001525878906
v 16.799999237060547 51.900001525878906 -50.400001525878906
v 25.200000762939453 40.950000762939453 -50.400001525878906
v 25.200000762939453 51.900001525878906 -50.400001525878906
v 21 40.950000762939453 -50.400001525878906
v 25.200000762939453 46.424999237060547 -50.400001525878906
v 21 51.900001525878906 -50.400001525878906
v 16.799999237060547 46.424999237060547 -50.400001525878906
v 25.200000762939453 40.950000762939453 -58.799999237060547
v 25.200000762939453 51.900001525878906 -58.799999237060547
v 25.200000762939453 40.950000762939453 -54.599998474121094
v 25.200000762939453 46.424999237060547 -58.799999237060547
v 25.200000762939453 51.900001525878906 -54.599998474121094
v 16.799999237060547 40.950000762939453 -58.799999237060547
v 16.799999237060547 51.900001525878906 -58.799999237060547
v 21 40.950000762939453 -58.799999237060547
v 16.799999237060547 46.424999237060547 -58.799999237060547
v 21 51.900001525878906 -58.799999237060547
v 16.799999237060547 40.950000762939453 -54.599998474121094
v 16.799999237060547 51.900001525878906 -54.599998474121094
f 548 541 545 543 546 544 547 542
f 546 543 551 549 552 550 553 544
f 552 549 556 554 557 555 558 550
f 557 554 559 541 548 542 560 555
f 545 541 559 554 556 549 551 543
f 560 542 547 544 553 550 558 555
g object_29
v 25.200000762939453 40.950000762939453 -50.400001525878906
v 25.200000762939453 51.900001525878906 -50.400001525878906
v 33.599998474121094 40.950000762939453 -50.400001525878906
v 33.599998474121094 51.900001525878906 -50.400001525878906
v 29.399999618530273 40.950000762939453 -50.400001525878906
v 33.599998474121094 46.424999237060547 -50.400001525878906
v 29.399999618530273 51.900001525878906 -50.400001525878906
v 25.200000762939453 46.424999237060547 -50.400001525878906
v 33.599998474121094 40.950000762939453 -58.799999237060547
v 33.599998474121094 51.900001525878906 -58.799999237060547
v 33.599998474121094 40.950000762939453 -54.599998474121094
v 33.599998474121094 46.424999237060547 -58.799999237060547
v 33.599998474121094 51.900001525878906 -54.599998474121094
v 25.200000762939453 40.950000762939453 -58.799999237060547
v 25.200000762939453 51.900001525878906 -58.799999237060547
v 29.399999618530273 40.950000762939453 -58.799999237060547
v 25.200000762939453 46.424999237060547 -58.799999237060547
v 29.399999618530273 51.900001525878906 -58.799999237060547
v 25.200000762939453 40.950000762939453 -54.599998474121094
v 25.200000762939453 51.900001525878906 -54.599998474121094
f 568 561 565 563 566 564 567 562
f 566 563 571 569 572 570 573 564
f 572 569 576 574 577 575 578 570
f 577 574 579 561 568 562 580 575
f 565 561 579 574 576 569 571 563
f 580 562 567 564 573 570 578 575
g object_30
v 33.599998474121094 40.950000762939453 -50.400001525878906
v 33.599998474121094 51.900001525878906 -50.400001525878906
v 42 40.950000762939453 -50.400001525878906
v 42 51.900001525878906 -50.400001525878906
v 37.799999237060547 40.950000762939453 -50.400001525878906
v 42 46.424999237060547 -50.400001525878906
v 37.799999237060547 51.900001525878906 -50.400001525878906
v 33.599998474121094 46.424999237060547 -50.400001525878906
v 42 40.950000762939453 -58.799999237060547
v 42 51.900001525878906 -58.799999237060547
v 42 40.950000762939453 -54.599998474121094
v 42 46.424999237060547 -58.799999237060547
v 42 51.900001525878906 -54.599998474121094
v 33.599998474121094 40.950000762939453 -58.799999237060547
v 33.599998474121094 51.900001525878906 -58.799999237060547
v 37.799999237060547 40.950000762939453 -58.799999237060547
v 33.599998474121094 46.424999237060547 -58.799999237060547
v 37.799999237060547 51.900001525878906 -58.799999237060547
v 33.599998474121094 40.950000762939453 -54.599998474121094
v 33.599998474121094 51.900001525878906 -54.599998474121094
f 588 581 585 583 586 584 587 582
f 586 583 591 589 592 590 593 584
f 592 589 596 594 597 595 598 590
f 597 594 599 581 588 582 600 595
f 585 581 599 594 596 589 591 583
f 600 582 587 584 593 590 598 595
g object_31
v 8.3999996185302734 62.849998474121094 -33.599998474121094
v 8.3999996185302734 73.800003051757812 -33.599998474121094
v 8.3999996185302734 62.849998474121094 -25.200000762939453
v 8.3999996185302734 73.800003051757812 -25.200000762939453
v 8.3999996185302734 62.849998474121094 -29.399999618530273
v 8.3999996185302734 68.324996948242188 -25.200000762939453
v 8.3999996185302734 73.800003051757812 -29.399999618530273
v 8.3999996185302734 68.324996948242188 -33.599998474121094
v 16.799999237060547 62.849998474121094 -25.200000762939453
v 16.799999237060547 73.800003051757812 -25.200000762939453
v 12.600000381469727 62.849998474121094 -25.200000762939453
v 16.799999237060547 68.324996948242188 -25.200000762939453
v 12.600000381469727 73.800003051757812 -25.200000762939453
v 16.799999237060547 62.849998474121094 -33.599998474121094
v 16.799999237060547 73.800003051757812 -33.599998474121094
v 16.799999237060547 62.849998474121094 -29.399999618530273
v 16.799999237060547 68.324996948242188 -33.599998474121094
v 16.799999237060547 73.800003051757812 -29.399999618530273
v 12.600000381469727 62.849998474121094 -33.599998474121094
v 12.600000381469727 73.800003051757812 -33.599998474121094
f 608 601 605 603 606 604 607 602
f 606 603 611 609 612 610 613 604
f 612 609 616 614 617 615 618 610
f 617 614 619 601 608 602 620 615
f 619 614 616 609 611 603 605 601
f 618 615 620 602 607 604 613 610
g object_32
v 16.799999237060547 62.849998474121094 -33.599998474121094
v 16.799999237060547 73.800003051757812 -33.599998474121094
v 16.799999237060547 62.849998474121094 -25.200000762939453
v 16.799999237060547 73.800003051757812 -25.200000762939453
v 16.799999237060547 62.849998474121094 -29.399999618530273
v 16.799999237060547 68.324996948242188 -25.200000762939453
v 16.799999237060547 73.800003051757812 -29.399999618530273
v 16.799999237060547 68.324996948242188 -33.599998474121094
v 25.200000762939453 62.849998474121094 -25.200000762939453
v 25.200000762939453 73.800003051757812 -25.200000762939453
v 21 62.849998474121094 -25.200000762939453
v 25.200000762939453 68.324996948242188 -25.200000762939453
v 21 73.800003051757812 -25.200000762939453
v 25.200000762939453 62.849998474121094 -33.599998474121094
v 25.200000762939453 73.800003051757812 -33.599998474121094
v 25.200000762939453 62.849998474121094 -29.399999618530273
v 25.200000762939453 68.324996948242188 -33.599998474121094
v 25.200000762939453 73.800003051757812 -29.399999618530273
v 21 62.849998474121094 -33.599998474121094
v 21 73.800003051757812 -33.599998474121094
f 628 621 625 623 626 624 627 622
f 626 623 631 629 632 630 633 624
f 632 629 636 634 637 635 638 630
f 637 634 639 621 628 622 640 635
f 639 634 636 629 631 623 625 621
f 638 635 640 622 627 624 633 630
g object_33
v 25.200000762939453 62.849998474121094 -33.599998474121094
v 25.200000762939453 73.800003051757812 -33.599998474121094
v 25.200000762939453 62.849998474121094 -25.200000762939453
v 25.200000762939453 73.800003051757812 -25.200000762939453
v 25.200000762939453 62.849998474121094 -29.399999618530273
v 25.200000762939453 68.324996948242188 -25.200000762939453
v 25.200000762939453 73.800003051757812 -29.399999618530273
v 25.200000762939453 68.324996948242188 -33.599998474121094
v 33.599998474121094 62.849998474121094 -25.200000762939453
v 33.599998474121094 73.800003051757812 -25.200000762939453
v 29.399999618530273 62.849998474121094 -25.200000762939453
v 33.599998474121094 68.324996948242188 -25.200000762939453
v 29.399999618530273 73.800003051757812 -25.200000762939453
v 33.599998474121094 62.849998474121094 -33.599998474121094
v 33.599998474121094 73.800003051757812 -33.599998474121094
v 33.599998474121094 62.849998474121094 -29.399999618530273
v 33.599998474121094 68.324996948242188 -33.599998474121094
v 33.599998474121094 73.800003051757812 -29.399999618530273
v 29.399999618530273 62.849998474121094 -33.599998474121094
v 29.399999618530273 73.800003051757812 -33.599998474121094
f 648 641 645 643 646 644 647 642
f 646 643 651 649 652 650 653 644
f 652 649 656 654 657 655 658 650
f 657 654 659 641 648 642 660 655
f 659 654 656 649 651 643 645 641
f 658 655 660 642 647 644 653 650
g object_34
v 33.599998474121094 62.849998474121094 -33.599998474121094
v 33.599998474121094 73.800003051757812 -33.599998474121094
v 33.599998474121094 62.849998474121094 -25.200000762939453
v 33.599998474121094 73.800003051757812 -25.200000762939453
v 33.599998474121094 62.849998474121094 -29.399999618530273
v 33.599998474121094 68.324996948242188 -25.200000762939453
v 33.599998474121094 73.800003051757812 -29.399999618530273
v 33.599998474121094 68.324996948242188 -33.599998474121094
v 42 62.849998474121094 -25.200000762939453
v 42 73.800003051757812 -25.200000762939453
v 37.799999237060547 62.849998474121094 -25.200000762939453
v 42 68.324996948242188 -25.200000762939453
v 37.799999237060547 73.800003051757812 -25.200000762939453
v 42 62.849998474121094 -33.599998474121094
v 42 73.800003051757812 -33.599998474121094
v 42 62.849998474121094 -29.399999618530273
v 42 68.324996948242188 -33.599998474121094
v 42 73.800003051757812 -29.399999618530273
v 37.799999237060547 62.849998474121094 -33.599998474121094
v 37.799999237060547 73.800003051757812 -33.599998474121094
f 668 661 665 663 666 664 667 662
f 666 663 671 669 672 670 673 664
f 672 669 676 674 677 675 678 670
f 677 674 679 661 668 662 680 675
f 679 674 676 669 671 663 665 661
f 678 675 680 662 667 664 673 670
g object_35
v 42 62.849998474121094 -33.599998474121094
v 42 73.800003051757812 -33.599998474121094
v 42 62.849998474121094 -25.200000762939453
v 42 73.800003051757812 -25.200000762939453
v 42 62.849998474121094 -29.399999618530273
v 42 68.324996948242188 -25.200000762939453
v 42 73.800003051757812 -29.399999618530273
v 42 68.324996948242188 -33.599998474121094
v 50.400001525878906 62.849998474121094 -25.200000762939453
v 50.400001525878906 73.800003051757812 -25.200000762939453
v 46.200000762939453 62.849998474121094 -25.200000762939453
v 50.400001525878906 68.324996948242188 -25.200000762939453
v 46.200000762939453 73.800003051757812 -25.200000762939453
v 50.400001525878906 62.849998474121094 -33.599998474121094
v 50.400001525878906 73.800003051757812 -33.599998474121094
v 50.400001525878906 62.849998474121094 -29.399999618530273
v 50.400001525878906 68.324996948242188 -33.599998474121094
v 50.400001525878906 73.800003051757812 -29.399999618530273
v 46.200000762939453 62.849998474121094 -33.599998474121094
v 46.200000762939453 73.800003051757812 -33.599998474121094
f 688 681 685 683 686 684 687 682
f 686 683 691 689 692 690 693 684
f 692 689 696 694 697 695 698 690
f 697 694 699 681 688 682 700 695
f 699 694 696 689 691 683 685 681
f 698 695 700 682 687 684 693 690
g object_36
v 8.3999996185302734 62.849998474121094 -42
v 8.3999996185302734 73.800003051757812 -42
v 8.3999996185302734 62.849998474121094 -33.599998474121094
v 8.3999996185302734 73.800003051757812 -33.599998474121094
v 8.3999996185302734 62.849998474121094 -37.799999237060547
v 8.3999996185302734 68.324996948242188 -33.599998474121094
v 8.3999996185302734 73.800003051757812 -37.799999237060547
v 8.3999996185302734 68.324996948242188 -42
v 16.799999237060547 62.849998474121094 -33.599998474121094
v 16.799999237060547 73.800003051757812 -33.599998474121094
v 12.600000381469727 62.849998474121094 -33.599998474121094
v 16.799999237060547 68.324996948242188 -33.599998474121094
v 12.600000381469727 73.800003051757812 -33.599998474121094
v 16.799999237060547 62.849998474121094 -42
v 16.799999237060547 73.800003051757812 -42
v 16.799999237060547 62.849998474121094 -37.799999237060547
v 16.799999237060547 68.324996948242188 -42
v 16.799999237060547 73.800003051757812 -37.799999237060547
v 12.600000381469727 62.849998474121094 -42
v 12.600000381469727 73.800003051757812 -42
f 708 701 705 703 706 704 707 702
f 706 703 711 709 712 710 713 704
f 712 709 716 714 717 715 718 710
f 717 714 719 701 708 702 720 715
f 719 714 716 709 711 703 705 701
f 718 715 720 702 707 704 713 710
g object_37
v 16.799999237060547 62.849998474121094 -42
v 16.799999237060547 73.800003051757812 -42
v 16.799999237060547 62.849998474121094 -33.599998474121094
v 16.799999237060547 73.800003051757812 -33.599998474121094
v 16.799999237060547 62.849998474121094 -37.799999237060547
v 16.799999237060547 68.324996948242188 -33.599998474121094
v 16.799999237060547 73.800003051757812 -37.799999237060547
v 16.799999237060547 68.324996948242188 -42
v 25.200000762939453 62.849998474121094 -33.599998474121094
v 25.200000762939453 73.800003051757812 -33.599998474121094
v 21 62.849998474121094 -33.599998474121094
v 25.200000762939453 68.324996948242188 -33.599998474121094
v 21 73.800003051757812 -33.599998474121094
v 25.200000762939453 62.849998474121094 -42
v 25.200000762939453 73.800003051757812 -42
v 25.200000762939453 62.849998474121094 -37.799999237060547
v 25.200000762939453 68.324996948242188 -42
v 25.200000762939453 73.800003051757812 -37.799999237060547
v 21 62.849998474121094 -42
v 21 73.800003051757812 -42
f 728 721 725 723 726 724 727 722
f 726 723 731 729 732 730 733 724
f 732 729 736 734 737 735 738 730
f 737 734 739 721 728 722 740 735
f 739 734 736 729 731 723 725 721
f 738 735 740 722 727 724 733 730
g object_38
v 25.200000762939453 62.849998474121094 -42
v 25.200000762939453 73.800003051757812 -42
v 25.200000762939453 62.849998474121094 -33.599998474121094
v 25.200000762939453 73.800003051757812 -33.599998474121094
v 25.200000762939453 62.849998474121094 -37.799999237060547
v 25.200000762939453 68.324996948242188 -33.599998474121094
v 25.200000762939453 73.800003051757812 -37.799999237060547
v 25.200000762939453 68.324996948242188 -42
v 33.599998474121094 62.849998474121094 -33.599998474121094
v 33.599998474121094 73.800003051757812 -33.599998474121094
v 29.399999618530273 62.849998474121094 -33.599998474121094
v 33.599998474121094 68.324996948242188 -33.599998474121094
v 29.399999618530273 73.800003051757812 -33.599998474121094
v 33.599998474121094 62.849998474121094 -42
v 33.599998474121094 73.800003051757812 -42
v 33.599998474121094 62.849998474121094 -37.799999237060547
v 33.599998474121094 68.324996948242188 -42
v 33.599998474121094 73.800003051757812 -37.799999237060547
v 29.399999618530273 62.849998474121094 -42
v 29.399999618530273 73.800003051757812 -42
f 748 741 745 743 746 744 747 742
f 746 743 751 749 752 750 753 744
f 752 749 756 754 757 755 758 750
f 757 754 759 741 748 742 760 755
f 759 754 756 749 751 743 745 741
f 758 755 760 742 747 744 753 750
g object_39
v 33.599998474121094 62.849998474121094 -42
v 33.599998474121094 73.800003051757812 -42
v 33.599998474121094 62.849998474121094 -33.599998474121094
v 33.599998474121094 73.800003051757812 -33.599998474121094
v 33.599998474121094 62.849998474121094 -37.799999237060547
v 33.599998474121094 68.324996948242188 -33.599998474121094
v 33.599998474121094 73.800003051757812 -37.799999237060547
v 33.599998474121094 68.324996948242188 -42
v 42 62.849998474121094 -33.599998474121094
v 42 73.800003051757812 -33.599998474121094
v 37.799999237060547 62.849998474121094 -33.599998474121094
v 42 68.324996948242188 -33.599998474121094
v 37.799999237060547 73.800003051757812 -33.599998474121094
v 42 62.849998474121094 -42
v 42 73.800003051757812 -42
v 42 62.849998474121094 -37.799999237060547
v 42 68.324996948242188 -42
v 42 73.800003051757812 -37.799999237060547
v 37.799999237060547 62.849998474121094 -42
v 37.799999237060547 73.800003051757812 -42
f 768 761 765 763 766 764 767 762
f 766 763 771 769 772 770 773 764
f 772 769 776 774 777 775 778 770
f 777 774 779 761 768 762 780 775
f 779 774 776 769 771 763 765 761
f 778 775 780 762 767 764 773 770
g object_40
v 42 62.849998474121094 -42
v 42 73.800003051757812 -42
v 42 62.849998474121094 -33.599998474121094
v 42 73.800003051757812 -33.599998474121094
v 42 62.849998474121094 -37.799999237060547
v 42 68.324996948242188 -33.599998474121094
v 42 73.800003051757812 -37.799999237060547
v 42 68.324996948242188 -42
v 50.400001525878906 62.849998474121094 -33.599998474121094
v 50.400001525878906 73.800003051757812 -33.599998474121094
v 46.200000762939453 62.849998474121094 -33.599998474121094
v 50.400001525878906 68.324996948242188 -33.599998474121094
v 46.200000762939453 73.800003051757812 -33.599998474121094
v 50.400001525878906 62.849998474121094 -42
v 50.400001525878906 73.800003051757812 -42
v 50.400001525878906 62.849998474121094 -37.799999237060547
v 50.400001525878906 68.324996948242188 -42
v 50.400001525878906 73.800003051757812 -37.799999237060547
v 46.200000762939453 62.849998474121094 -42
v 46.200000762939453 73.800003051757812 -42
f 788 781 785 783 786 784 787 782
f 786 783 791 789 792 790 793 784
f 792 789 796 794 797 795 798 790
f 797 794 799 781 788 782 800 795
f 799 794 796 789 791 783 785 781
f 798 795 800 782 787 784 793 790
g object_41
v 8.3999996185302734 62.849998474121094 -50.400001525878906
v 8.3999996185302734 73.800003051757812 -50.400001525878906
v 8.3999996185302734 62.849998474121094 -42
v 8.3999996185302734 73.800003051757812 -42
v 8.3999996185302734 62.849998474121094 -46.200000762939453
v 8.3999996185302734 68.324996948242188 -42
v 8.3999996185302734 73.800003051757812 -46.200000762939453
v 8.3999996185302734 68.324996948242188 -50.400001525878906
v 16.799999237060547 62.849998474121094 -42
v 16.799999237060547 73.800003051757812 -42
v 12.600000381469727 62.849998474121094 -42
v 16.799999237060547 68.324996948242188 -42
v 12.600000381469727 73.800003051757812 -42
v 16.799999237060547 62.849998474121094 -50.400001525878906
v 16.799999237060547 73.800003051757812 -50.400001525878906
v 16.799999237060547 62.849998474121094 -46.200000762939453
v 16.799999237060547 68.324996948242188 -50.400001525878906
v 16.799999237060547 73.800003051757812 -46.200000762939453
v 12.600000381469727 62.849998474121094 -50.400001525878906
v 12.600000381469727 73.800003051757812 -50.400001525878906
f 808 801 805 803 806 804 807 802
f 806 803 811 809 812 810 813 804
f 812 809 816 814 817 815 818 810
f 817 814 819 801 808 802 820 815
f 819 814 816 809 811 803 805 801
f 818 815 820 802 807 804 813 810
g object_42
v 42 62.849998474121094 -50.400001525878906
v 42 73.800003051757812 -50.400001525878906
v 42 62.849998474121094 -42
v 42 73.800003051757812 -42
v 42 62.849998474121094 -46.200000762939453
v 42 68.324996948242188 -42
v 42 73.800003051757812 -46.200000762939453
v 42 68.324996948242188 -50.400001525878906
v 50.400001525878906 62.849998474121094 -42
v 50.400001525878906 73.800003051757812 -42
v 46.200000762939453 62.849998474121094 -42
v 50.400001525878906 68.324996948242188 -42
v 46.200000762939453 73.800003051757812 -42
v 50.400001525878906 62.849998474121094 -50.400001525878906
v 50.400001525878906 73.800003051757812 -50.400001525878906
v 50.400001525878906 62.849998474121094 -46.200000762939453
v 50.400001525878906 68.324996948242188 -50.400001525878906
v 50.400001525878906 73.800003051757812 -46.200000762939453
v 46.200000762939453 62.849998474121094 -50.400001525878906
v 46.200000762939453 73.800003051757812 -50.400001525878906
f 828 821 825 823 826 824 827 822
f 826 823 831 829 832 830 833 824
f 832 829 836 834 837 835 838 830
f 837 834 839 821 828 822 840 835
f 839 834 836 829 831 823 825 821
f 838 835 840 822 827 824 833 830
g object_43
v 16.799999237060547 62.849998474121094 -50.400001525878906
v 16.799999237060547 73.800003051757812 -50.400001525878906
v 25.200000762939453 62.849998474121094 -50.400001525878906
v 25.200000762939453 73.800003051757812 -50.400001525878906
v 21 62.849998474121094 -50.400001525878906
v 25.200000762939453 68.324996948242188 -50.400001525878906
v 21 73.800003051757812 -50.400001525878906
v 16.799999237060547 68.324996948242188 -50.400001525878906
v 25.200000762939453 62.849998474121094 -58.799999237060547
v 25.200000762939453 73.800003051757812 -58.799999237060547
v 25.200000762939453 62.849998474121094 -54.599998474121094
v 25.200000762939453 68.324996948242188 -58.799999237060547
v 25.200000762939453 73.800003051757812 -54.599998474121094
v 16.799999237060547 62.849998474121094 -58.799999237060547
v 16.799999237060547 73.800003051757812 -58.799999237060547
v 21 62.849998474121094 -58.799999237060547
v 16.799999237060547 68.324996948242188 -58.799999237060547
v 21 73.800003051757812 -58.799999237060547
v 16.799999237060547 62.849998474121094 -54.599998474121094
v 16.799999237060547 73.800003051757812 -54.599998474121094
f 848 841 845 843 846 844 847 842
f 846 843 851 849 852 850 853 844
f 852 849 856 854 857 855 858 850
f 857 854 859 841 848 842 860 855
f 845 841 859 854 856 849 851 843
f 860 842 847 844 853 850 858 855
g object_44
v 25.200000762939453 62.849998474121094 -50.400001525878906
v 25.200000762939453 73.800003051757812 -50.400001525878906
v 33.599998474121094 62.849998474121094 -50.400001525878906
v 33.599998474121094 73.800003051757812 -50.400001525878906
v 29.399999618530273 62.849998474121094 -50.400001525878906
v 33.599998474121094 68.324996948242188 -50.400001525878906
v 29.399999618530273 73.800003051757812 -50.400001525878906
v 25.200000762939453 68.324996948242188 -50.400001525878906
v 33.599998474121094 62.849998474121094 -58.799999237060547
v 33.599998474121094 73.800003051757812 -58.799999237060547
v 33.599998474121094 62.849998474121094 -54.599998474121094
v 33.599998474121094 68.324996948242188 -58.799999237060547
v 33.599998474121094 73.800003051757812 -54.599998474121094
v 25.200000762939453 62.849998474121094 -58.799999237060547
v 25.200000762939453 73.800003051757812 -58.799999237060547
v 29.399999618530273 62.849998474121094 -58.799999237060547
v 25.200000762939453 68.324996948242188 -58.799999237060547
v 29.399999618530273 73.800003051757812 -58.799999237060547
v 25.200000762939453 62.849998474121094 -54.599998474121094
v 25.200000762939453 73.800003051757812 -54.599998474121094
f 868 861 865 863 866 864 867 862
f 866 863 871 869 872 870 873 864
f 872 869 876 874 877 875 878 870
f 877 874 879 861 868 862 880 875
f 865 861 879 874 876 869 871 863
f 880 862 867 864 873 870 878 875
g object_45
v 33.599998474121094 62.849998474121094 -50.400001525878906
v 33.599998474121094 73.800003051757812 -50.400001525878906
v 42 62.849998474121094 -50.400001525878906
v 42 73.800003051757812 -50.400001525878906
v 37.799999237060547 62.849998474121094 -50.400001525878906
v 42 68.324996948242188 -50.400001525878906
v 37.799999237060547 73.800003051757812 -50.400001525878906
v 33.599998474121094 68.324996948242188 -50.400001525878906
v 42 62.849998474121094 -58.799999237060547
v 42 73.800003051757812 -58.799999237060547
v 42 62.849998474121094 -54.599998474121094
v 42 68.324996948242188 -58.799999237060547
v 42 73.800003051757812 -54.599998474121094
v 33.599998474121094 62.849998474121094 -58.799999237060547
v 33.599998474121094 73.800003051757812 -58.799999237060547
v 37.799999237060547 62.849998474121094 -58.799999237060547
v 33.599998474121094 68.324996948242188 -58.799999237060547
v 37.799999237060547 73.800003051757812 -58.799999237060547
v 33.599998474121094 62.849998474121094 -54.599998474121094
v 33.599998474121094 73.800003051757812 -54.599998474121094
f 888 881 885 883 886 884 887 882
f 886 883 891 889 892 890 893 884
f 892 889 896 894 897 895 898 890
f 897 894 899 881 888 882 900 895
f 885 881 899 894 896 889 891 883
f 900 882 887 884 893 890 898 895
g object_46
v 8.3999996185302734 84.75 -33.599998474121094
v 8.3999996185302734 95.699996948242188 -33.599998474121094
v 8.3999996185302734 84.75 -25.200000762939453
v 8.3999996185302734 95.699996948242188 -25.200000762939453
v 8.3999996185302734 84.75 -29.399999618530273
v 8.3999996185302734 90.224998474121094 -25.200000762939453
v 8.3999996185302734 95.699996948242188 -29.399999618530273
v 8.3999996185302734 90.224998474121094 -33.599998474121094
v 16.799999237060547 84.75 -25.200000762939453
v 16.799999237060547 95.699996948242188 -25.200000762939453
v 12.600000381469727 84.75 -25.200000762939453
v 16.799999237060547 90.224998474121094 -25.200000762939453
v 12.600000381469727 95.699996948242188 -25.200000762939453
v 16.799999237060547 84.75 -33.599998474121094
v 16.799999237060547 95.699996948242188 -33.599998474121094
v 16.799999237060547 84.75 -29.399999618530273
v 16.799999237060547 90.224998474121094 -33.599998474121094
v 16.799999237060547 95.699996948242188 -29.399999618530273
v 12.600000381469727 84.75 -33.599998474121094
v 12.600000381469727 95.699996948242188 -33.599998474121094
f 908 901 905 903 906 904 907 902
f 913 904 906 903 911 909 912 910
f 912 909 916 914 917 915 918 910
f 920 915 917 914 919 901 908 902
f 919 914 916 909 911 903 905 901
f 918 915 920 902 907 904 913 910
g object_47
v 16.799999237060547 84.75 -33.599998474121094
v 16.799999237060547 95.699996948242188 -33.599998474121094
v 16.799999237060547 84.75 -25.200000762939453
v 16.799999237060547 95.699996948242188 -25.200000762939453
v 16.799999237060547 84.75 -29.399999618530273
v 16.799999237060547 90.224998474121094 -25.200000762939453
v 16.799999237060547 95.699996948242188 -29.399999618530273
v 16.799999237060547 90.224998474121094 -33.599998474121094
v 25.200000762939453 84.75 -25.200000762939453
v 25.200000762939453 95.699996948242188 -25.200000762939453
v 21 84.75 -25.200000762939453
v 25.200000762939453 90.224998474121094 -25.200000762939453
v 21 95.699996948242188 -25.200000762939453
v 25.200000762939453 84.75 -33.599998474121094
v 25.200000762939453 95.699996948242188 -33.599998474121094
v 25.200000762939453 84.75 -29.399999618530273
v 25.200000762939453 90.224998474121094 -33.599998474121094
v 25.200000762939453 95.699996948242188 -29.399999618530273
v 21 84.75 -33.599998474121094
v 21 95.699996948242188 -33.599998474121094
f 928 921 925 923 926 924 927 922
f 932 930 933 924 926 923 931 929
f 932 929 936 934 937 935 938 930
f 928 922 940 935 937 934 939 921
f 939 934 936 929 931 923 925 921
f 938 935 940 922 927 924 933 930
g object_48
v 25.200000762939453 84.75 -33.599998474121094
v 25.200000762939453 95.699996948242188 -33.599998474121094
v 25.200000762939453 84.75 -25.200000762939453
v 25.200000762939453 95.699996948242188 -25.200000762939453
v 25.200000762939453 84.75 -29.399999618530273
v 25.200000762939453 90.224998474121094 -25.200000762939453
v 25.200000762939453 95.699996948242188 -29.399999618530273
v 25.200000762939453 90.224998474121094 -33.599998474121094
v 33.599998474121094 84.75 -25.200000762939453
v 33.599998474121094 95.699996948242188 -25.200000762939453
v 29.399999618530273 84.75 -25.200000762939453
v 33.599998474121094 90.224998474121094 -25.200000762939453
v 29.399999618530273 95.699996948242188 -25.200000762939453
v 33.599998474121094 84.75 -33.599998474121094
v 33.599998474121094 95.699996948242188 -33.599998474121094
v 33.599998474121094 84.75 -29.399999618530273
v 33.599998474121094 90.224998474121094 -33.599998474121094
v 33.599998474121094 95.699996948242188 -29.399999618530273
v 29.399999618530273 84.75 -33.599998474121094
v 29.399999618530273 95.699996948242188 -33.599998474121094
f 948 941 945 943 946 944 947 942
f 953 944 946 943 951 949 952 950
f 952 949 956 954 957 955 958 950
f 960 955 957 954 959 941 948 942
f 959 954 956 949 951 943 945 941
f 958 955 960 942 947 944 953 950
g object_49
v 33.599998474121094 84.75 -33.599998474121094
v 33.599998474121094 95.699996948242188 -33.599998474121094
v 33.599998474121094 84.75 -25.200000762939453
v 33.599998474121094 95.699996948242188 -25.200000762939453
v 33.599998474121094 84.75 -29.399999618530273
v 33.599998474121094 90.224998474121094 -25.200000762939453
v 33.599998474121094 95.699996948242188 -29.399999618530273
v 33.599998474121094 90.224998474121094 -33.599998474121094
v 42 84.75 -25.200000762939453
v 42 95.699996948242188 -25.200000762939453
v 37.799999237060547 84.75 -25.200000762939453
v 42 90.224998474121094 -25.200000762939453
v 37.799999237060547 95.699996948242188 -25.200000762939453
v 42 84.75 -33.599998474121094
v 42 95.699996948242188 -33.599998474121094
v 42 84.75 -29.399999618530273
v 42 90.224998474121094 -33.599998474121094
v 42 95.699996948242188 -29.399999618530273
v 37.799999237060547 84.75 -33.599998474121094
v 37.799999237060547 95.699996948242188 -33.599998474121094
f 968 961 965 963 966 964 967 962
f 973 964 966 963 971 969 972 970
f 972 969 976 974 977 975 978 970
f 980 975 977 974 979 961 968 962
f 979 974 976 969 971 963 965 961
f 978 975 980 962 967 964 973 970
g object_50
v 42 84.75 -33.599998474121094
v 42 95.699996948242188 -33.599998474121094
v 42 84.75 -25.200000762939453
v 42 95.699996948242188 -25.200000762939453
v 42 84.75 -29.399999618530273
v 42 90.224998474121094 -25.200000762939453
v 42 95.699996948242188 -29.399999618530273
v 42 90.224998474121094 -33.599998474121094
v 50.400001525878906 84.75 -25.200000762939453
v 50.400001525878906 95.699996948242188 -25.200000762939453
v 46.200000762939453 84.75 -25.200000762939453
v 50.400001525878906 90.224998474121094 -25.200000762939453
v 46.200000762939453 95.699996948242188 -25.200000762939453
v 50.400001525878906 84.75 -33.599998474121094
v 50.400001525878906 95.699996948242188 -33.599998474121094
v 50.400001525878906 84.75 -29.399999618530273
v 50.400001525878906 90.224998474121094 -33.599998474121094
v 50.400001525878906 95.699996948242188 -29.399999618530273
v 46.200000762939453 84.75 -33.599998474121094
v 46.200000762939453 95.699996948242188 -33.599998474121094
f 988 981 985 983 986 984 987 982
f 993 984 986 983 991 989 992 990
f 992 989 996 994 997 995 998 990
f 1000 995 997 994 999 981 988 982
f 999 994 996 989 991 983 985 981
f 998 995 1000 982 987 984 993 990
g object_51
v 8.3999996185302734 84.75 -42
v 8.3999996185302734 95.699996948242188 -42
v 8.3999996185302734 84.75 -33.599998474121094
v 8.3999996185302734 95.699996948242188 -33.599998474121094
v 8.3999996185302734 84.75 -37.799999237060547
v 8.3999996185302734 90.224998474121094 -33.599998474121094
v 8.3999996185302734 95.699996948242188 -37.799999237060547
v 8.3999996185302734 90.224998474121094 -42
v 16.799999237060547 84.75 -33.599998474121094
v 16.799999237060547 95.699996948242188 -33.599998474121094
v 12.600000381469727 84.75 -33.599998474121094
v 16.799999237060547 90.224998474121094 -33.599998474121094
v 12.600000381469727 95.699996948242188 -33.599998474121094
v 16.799999237060547 84.75 -42
v 16.799999237060547 95.699996948242188 -42
v 16.799999237060547 84.75 -37.799999237060547
v 16.799999237060547 90.224998474121094 -42
v 16.799999237060547 95.699996948242188 -37.799999237060547
v 12.600000381469727 84.75 -42
v 12.600000381469727 95.699996948242188 -42
f 1008 1001 1005 1003 1006 1004 1007 1002
f 1013 1004 1006 1003 1011 1009 1012 1010
f 1012 1009 1016 1014 1017 1015 1018 1010
f 1020 1015 1017 1014 1019 1001 1008 1002
f 1019 1014 1016 1009 1011 1003 1005 1001
f 1018 1015 1020 1002 1007 1004 1013 1010
g object_52
v 16.799999237060547 84.75 -42
v 16.799999237060547 95.699996948242188 -42
v 16.799999237060547 84.75 -33.599998474121094
v 16.799999237060547 95.699996948242188 -33.599998474121094
v 16.799999237060547 84.75 -37.799999237060547
v 16.799999237060547 90.224998474121094 -33.599998474121094
v 16.799999237060547 95.699996948242188 -37.799999237060547
v 16.799999237060547 90.224998474121094 -42
v 25.200000762939453 84.75 -33.599998474121094
v 25.200000762939453 95.699996948242188 -33.599998474121094
v 21 84.75 -33.599998474121094
v 25.200000762939453 90.224998474121094 -33.599998474121094
v 21 95.699996948242188 -33.599998474121094
v 25.200000762939453 84.75 -42
v 25.200000762939453 95.699996948242188 -42
v 25.200000762939453 84.75 -37.799999237060547
v 25.200000762939453 90.224998474121094 -42
v 25.200000762939453 95.699996948242188 -37.799999237060547
v 21 84.75 -42
v 21 95.699996948242188 -42
f 1028 1021 1025 1023 1026 1024 1027 1022
f 1032 1030 1033 1024 1026 1023 1031 1029
f 1032 1029 1036 1034 1037 1035 1038 1030
f 1028 1022 1040 1035 1037 1034 1039 1021
f 1039 1034 1036 1029 1031 1023 1025 1021
f 1038 1035 1040 1022 1027 1024 1033 1030
g object_53
v 25.200000762939453 84.75 -42
v 25.200000762939453 95.699996948242188 -42
v 25.200000762939453 84.75 -33.599998474121094
v 25.200000762939453 95.699996948242188 -33.599998474121094
v 25.200000762939453 84.75 -37.799999237060547
v 25.200000762939453 90.224998474121094 -33.599998474121094
v 25.200000762939453 95.699996948242188 -37.799999237060547
v 25.200000762939453 90.224998474121094 -42
v 33.599998474121094 84.75 -33.599998474121094
v 33.599998474121094 95.699996948242188 -33.599998474121094
v 29.399999618530273 84.75 -33.599998474121094
v 33.599998474121094 90.224998474121094 -33.599998474121094
v 29.399999618530273 95.699996948242188 -33.599998474121094
v 33.599998474121094 84.75 -42
v 33.599998474121094 95.699996948242188 -42
v 33.599998474121094 84.75 -37.799999237060547
v 33.599998474121094 90.224998474121094 -42
v 33.599998474121094 95.699996948242188 -37.799999237060547
v 29.399999618530273 84.75 -42
v 29.399999618530273 95.699996948242188 -42
f 1048 1041 1045 1043 1046 1044 1047 1042
f 1053 1044 1046 1043 1051 1049 1052 1050
f 1052 1049 1056 1054 1057 1055 1058 1050
f 1060 1055 1057 1054 1059 1041 1048 1042
f 1059 1054 1056 1049 1051 1043 1045 1041
f 1058 1055 1060 1042 1047 1044 1053 1050
g object_54
v 33.599998474121094 84.75 -42
v 33.599998474121094 95.699996948242188 -42
v 33.599998474121094 84.75 -33.599998474121094
v 33.599998474121094 95.699996948242188 -33.599998474121094
v 33.599998474121094 84.75 -37.799999237060547
v 33.599998474121094 90.224998474121094 -33.599998474121094
v 33.599998474121094 95.699996948242188 -37.799999237060547
v 33.599998474121094 90.224998474121094 -42
v 42 84.75 -33.599998474121094
v 42 95.699996948242188 -33.599998474121094
v 37.799999237060547 84.75 -33.599998474121094
v 42 90.224998474121094 -33.599998474121094
v 37.799999237060547 95.699996948242188 -33.599998474121094
v 42 84.75 -42
v 42 95.699996948242188 -42
v 42 84.75 -37.799999237060547
v 42 90.224998474121094 -42
v 42 95.699996948242188 -37.799999237060547
v 37.799999237060547 84.75 -42
v 37.799999237060547 95.699996948242188 -42
f 1068 1061 1065 1063 1066 1064 1067 1062
f 1073 1064 1066 1063 1071 1069 1072 1070
f 1072 1069 1076 1074 1077 1075 1078 1070
f 1080 1075 1077 1074 1079 1061 1068 1062
f 1079 1074 1076 1069 1071 1063 1065 1061
f 1078 1075 1080 1062 1067 1064 1073 1070
g object_55
v 42 84.75 -42
v 42 95.699996948242188 -42
v 42 84.75 -33.599998474121094
v 42 95.699996948242188 -33.599998474121094
v 42 84.75 -37.799999237060547
v 42 90.224998474121094 -33.599998474121094
v 42 95.699996948242188 -37.799999237060547
v 42 90.224998474121094 -42
v 50.400001525878906 84.75 -33.599998474121094
v 50.400001525878906 95.699996948242188 -33.599998474121094
v 46.200000762939453 84.75 -33.599998474121094
v 50.400001525878906 90.224998474121094 -33.599998474121094
v 46.200000762939453 95.699996948242188 -33.599998474121094
v 50.400001525878906 84.75 -42
v 50.400001525878906 95.699996948242188 -42
v 50.400001525878906 84.75 -37.799999237060547
v 50.400001525878906 90.224998474121094 -42
v 50.400001525878906 95.699996948242188 -37.799999237060547
v 46.200000762939453 84.75 -42
v 46.200000762939453 95.699996948242188 -42
f 1088 1081 1085 1083 1086 1084 1087 1082
f 1093 1084 1086 1083 1091 1089 1092 1090
f 1092 1089 1096 1094 1097 1095 1098 1090
f 1100 1095 1097 1094 1099 1081 1088 1082
f 1099 1094 1096 1089 1091 1083 1085 1081
f 1098 1095 1100 1082 1087 1084 1093 1090
g object_56
v 8.3999996185302734 84.75 -50.400001525878906
v 8.3999996185302734 95.699996948242188 -50.400001525878906
v 8.3999996185302734 84.75 -42
v 8.3999996185302734 95.699996948242188 -42
v 8.3999996185302734 84.75 -46.200000762939453
v 8.3999996185302734 90.224998474121094 -42
v 8.3999996185302734 95.699996948242188 -46.200000762939453
v 8.3999996185302734 90.224998474121094 -50.400001525878906
v 16.799999237060547 84.75 -42
v 16.799999237060547 95.699996948242188 -42
v 12.600000381469727 84.75 -42
v 16.799999237060547 90.224998474121094 -42
v 12.600000381469727 95.699996948242188 -42
v 16.799999237060547 84.75 -50.400001525878906
v 16.799999237060547 95.699996948242188 -50.400001525878906
v 16.799999237060547 84.75 -46.200000762939453
v 16.799999237060547 90.224998474121094 -50.400001525878906
v 16.799999237060547 95.699996948242188 -46.200000762939453
v 12.600000381469727 84.75 -50.400001525878906
v 12.600000381469727 95.699996948242188 -50.400001525878906
f 1108 1101 1105 1103 1106 1104 1107 1102
f 1113 1104 1106 1103 1111 1109 1112 1110
f 1112 1109 1116 1114 1117 1115 1118 1110
f 1120 1115 1117 1114 1119 1101 1108 1102
f 1119 1114 1116 1109 1111 1103 1105 1101
f 1118 1115 1120 1102 1107 1104 1113 1110
g object_57
v 42 84.75 -50.400001525878906
v 42 95.699996948242188 -50.400001525878906
v 42 84.75 -42
v 42 95.699996948242188 -42
v 42 84.75 -46.200000762939453
v 42 90.224998474121094 -42
v 42 95.699996948242188 -46.200000762939453
v 42 90.224998474121094 -50.400001525878906
v 50.400001525878906 84.75 -42
v 50.400001525878906 95.699996948242188 -42
v 46.200000762939453 84.75 -42
v 50.400001525878906 90.224998474121094 -42
v 46.200000762939453 95.699996948242188 -42
v 50.400001525878906 84.75 -50.400001525878906
v 50.400001525878906 95.699996948242188 -50.400001525878906
v 50.400001525878906 84.75 -46.200000762939453
v 50.400001525878906 90.224998474121094 -50.400001525878906
v 50.400001525878906 95.699996948242188 -46.200000762939453
v 46.200000762939453 84.75 -50.400001525878906
v 46.200000762939453 95.699996948242188 -50.400001525878906
f 1128 1121 1125 1123 1126 1124 1127 1122
f 1133 1124 1126 1123 1131 1129 1132 1130
f 1132 1129 1136 1134 1137 1135 1138 1130
f 1140 1135 1137 1134 1139 1121 1128 1122
f 1139 1134 1136 1129 1131 1123 1125 1121
f 1138 1135 1140 1122 1127 1124 1133 1130
g object_58
v 16.799999237060547 84.75 -50.400001525878906
v 16.799999237060547 95.699996948242188 -50.400001525878906
v 25.200000762939453 84.75 -50.400001525878906
v 25.200000762939453 95.699996948242188 -50.400001525878906
v 21 84.75 -50.400001525878906
v 25.200000762939453 90.224998474121094 -50.400001525878906
v 21 95.699996948242188 -50.400001525878906
v 16.799999237060547 90.224998474121094 -50.400001525878906
v 25.200000762939453 84.75 -58.799999237060547
v 25.200000762939453 95.699996948242188 -58.799999237060547
v 25.200000762939453 84.75 -54.599998474121094
v 25.200000762939453 90.224998474121094 -58.799999237060547
v 25.200000762939453 95.699996948242188 -54.599998474121094
v 16.799999237060547 84.75 -58.799999237060547
v 16.799999237060547 95.699996948242188 -58.799999237060547
v 21 84.75 -58.799999237060547
v 16.799999237060547 90.224998474121094 -58.799999237060547
v 21 95.699996948242188 -58.799999237060547
v 16.799999237060547 84.75 -54.599998474121094
v 16.799999237060547 95.699996948242188 -54.599998474121094
f 1146 1144 1147 1142 1148 1141 1145 1143
f 1146 1143 1151 1149 1152 1150 1153 1144
f 1157 1155 1158 1150 1152 1149 1156 1154
f 1157 1154 1159 1141 1148 1142 1160 1155
f 1145 1141 1159 1154 1156 1149 1151 1143
f 1160 1142 1147 1144 1153 1150 1158 1155
g object_59
v 25.200000762939453 84.75 -50.400001525878906
v 25.200000762939453 95.699996948242188 -50.400001525878906
v 33.599998474121094 84.75 -50.400001525878906
v 33.599998474121094 95.699996948242188 -50.400001525878906
v 29.399999618530273 84.75 -50.400001525878906
v 33.599998474121094 90.224998474121094 -50.400001525878906
v 29.399999618530273 95.699996948242188 -50.400001525878906
v 25.200000762939453 90.224998474121094 -50.400001525878906
v 33.599998474121094 84.75 -58.799999237060547
v 33.599998474121094 95.699996948242188 -58.799999237060547
v 33.599998474121094 84.75 -54.599998474121094
v 33.599998474121094 90.224998474121094 -58.799999237060547
v 33.599998474121094 95.699996948242188 -54.599998474121094
v 25.200000762939453 84.75 -58.799999237060547
v 25.200000762939453 95.699996948242188 -58.799999237060547
v 29.399999618530273 84.75 -58.799999237060547
v 25.200000762939453 90.224998474121094 -58.799999237060547
v 29.399999618530273 95.699996948242188 -58.799999237060547
v 25.200000762939453 84.75 -54.599998474121094
v 25.200000762939453 95.699996948242188 -54.599998474121094
f 1167 1162 1168 1161 1165 1163 1166 1164
f 1166 1163 1171 1169 1172 1170 1173 1164
f 1178 1170 1172 1169 1176 1174 1177 1175
f 1177 1174 1179 1161 1168 1162 1180 1175
f 1165 1161 1179 1174 1176 1169 1171 1163
f 1180 1162 1167 1164 1173 1170 1178 1175
g object_60
v 33.599998474121094 84.75 -50.400001525878906
v 33.599998474121094 95.699996948242188 -50.400001525878906
v 42 84.75 -50.400001525878906
v 42 95.699996948242188 -50.400001525878906
v 37.799999237060547 84.75 -50.400001525878906
v 42 90.224998474121094 -50.400001525878906
v 37.799999237060547 95.699996948242188 -50.400001525878906
v 33.599998474121094 90.224998474121094 -50.400001525878906
v 42 84.75 -58.799999237060547
v 42 95.699996948242188 -58.799999237060547
v 42 84.75 -54.599998474121094
v 42 90.224998474121094 -58.799999237060547
v 42 95.699996948242188 -54.599998474121094
v 33.599998474121094 84.75 -58.799999237060547
v 33.599998474121094 95.699996948242188 -58.799999237060547
v 37.799999237060547 84.75 -58.799999237060547
v 33.599998474121094 90.224998474121094 -58.799999237060547
v 37.799999237060547 95.699996948242188 -58.799999237060547
v 33.599998474121094 84.75 -54.599998474121094
v 33.599998474121094 95.699996948242188 -54.599998474121094
f 1187 1182 1188 1181 1185 1183 1186 1184
f 1186 1183 1191 1189 1192 1190 1193 1184
f 1198 1190 1192 1189 1196 1194 1197 1195
f 1197 1194 1199 1181 1188 1182 1200 1195
f 1185 1181 1199 1194 1196 1189 1191 1183
f 1200 1182 1187 1184 1193 1190 1198 1195
g object_61
v 8.3999996185302734 106.65000152587891 -33.599998474121094
v 8.3999996185302734 117.59999847412109 -33.599998474121094
v 8.3999996185302734 106.65000152587891 -25.200000762939453
v 8.3999996185302734 117.59999847412109 -25.200000762939453
v 8.3999996185302734 106.65000152587891 -29.399999618530273
v 8.3999996185302734 112.125 -25.200000762939453
v 8.3999996185302734 117.59999847412109 -29.399999618530273
v 8.3999996185302734 112.125 -33.599998474121094
v 16.799999237060547 106.65000152587891 -25.200000762939453
v 16.799999237060547 117.59999847412109 -25.200000762939453
v 12.600000381469727 106.65000152587891 -25.200000762939453
v 16.799999237060547 112.125 -25.200000762939453
v 12.600000381469727 117.59999847412109 -25.200000762939453
v 16.799999237060547 106.65000152587891 -33.599998474121094
v 16.799999237060547 117.59999847412109 -33.599998474121094
v 16.799999237060547 106.65000152587891 -29.399999618530273
v 16.799999237060547 112.125 -33.599998474121094
v 16.799999237060547 117.59999847412109 -29.399999618530273
v 12.600000381469727 106.65000152587891 -33.599998474121094
v 12.600000381469727 117.59999847412109 -33.599998474121094
f 1208 1201 1205 1203 1206 1204 1207 1202
f 1206 1203 1211 1209 1212 1210 1213 1204
f 1212 1209 1216 1214 1217 1215 1218 1210
f 1217 1214 1219 1201 1208 1202 1220 1215
f 1219 1214 1216 1209 1211 1203 1205 1201
f 1218 1215 1220 1202 1207 1204 1213 1210
g object_62
v 16.799999237060547 106.65000152587891 -33.599998474121094
v 16.799999237060547 117.59999847412109 -33.599998474121094
v 16.799999237060547 106.65000152587891 -25.200000762939453
v 16.799999237060547 117.59999847412109 -25.200000762939453
v 16.799999237060547 106.65000152587891 -29.399999618530273
v 16.799999237060547 112.125 -25.200000762939453
v 16.799999237060547 117.59999847412109 -29.399999618530273
v 16.799999237060547 112.125 -33.599998474121094
v 25.200000762939453 106.65000152587891 -25.200000762939453
v 25.200000762939453 117.59999847412109 -25.200000762939453
v 21 106.65000152587891 -25.200000762939453
v 25.200000762939453 112.125 -25.200000762939453
v 21 117.59999847412109 -25.200000762939453
v 25.200000762939453 106.65000152587891 -33.599998474121094
v 25.200000762939453 117.59999847412109 -33.599998474121094
v 25.200000762939453 106.65000152587891 -29.399999618530273
v 25.200000762939453 112.125 -33.599998474121094
v 25.200000762939453 117.59999847412109 -29.399999618530273
v 21 106.65000152587891 -33.599998474121094
v 21 117.59999847412109 -33.599998474121094
f 1228 1221 1225 1223 1226 1224 1227 1222
f 1226 1223 1231 1229 1232 1230 1233 1224
f 1232 1229 1236 1234 1237 1235 1238 1230
f 1237 1234 1239 1221 1228 1222 1240 1235
f 1239 1234 1236 1229 1231 1223 1225 1221
f 1238 1235 1240 1222 1227 1224 1233 1230
g object_63
v 25.200000762939453 106.65000152587891 -33.599998474121094
v 25.200000762939453 117.59999847412109 -33.599998474121094
v 25.200000762939453 106.65000152587891 -25.200000762939453
v 25.200000762939453 117.59999847412109 -25.200000762939453
v 25.200000762939453 106.65000152587891 -29.399999618530273
v 25.200000762939453 112.125 -25.200000762939453
v 25.200000762939453 117.59999847412109 -29.399999618530273
v 25.200000762939453 112.125 -33.599998474121094
v 33.599998474121094 106.65000152587891 -25.200000762939453
v 33.599998474121094 117.59999847412109 -25.200000762939453
v 29.399999618530273 106.65000152587891 -25.200000762939453
v 33.599998474121094 112.125 -25.200000762939453
v 29.399999618530273 117.59999847412109 -25.200000762939453
v 33.599998474121094 106.65000152587891 -33.599998474121094
v 33.599998474121094 117.59999847412109 -33.599998474121094
v 33.599998474121094 106.65000152587891 -29.399999618530273
v 33.599998474121094 112.125 -33.599998474121094
v 33.599998474121094 117.59999847412109 -29.399999618530273
v 29.399999618530273 106.65000152587891 -33.599998474121094
v 29.399999618530273 117.59999847412109 -33.599998474121094
f 1248 1241 1245 1243 1246 1244 1247 1242
f 1246 1243 1251 1249 1252 1250 1253 1244
f 1252 1249 1256 1254 1257 1255 1258 1250
f 1257 1254 1259 1241 1248 1242 1260 1255
f 1259 1254 1256 1249 1251 1243 1245 1241
f 1258 1255 1260 1242 1247 1244 1253 1250
g object_64
v 33.599998474121094 106.65000152587891 -33.599998474121094
v 33.599998474121094 117.59999847412109 -33.599998474121094
v 33.599998474121094 106.65000152587891 -25.200000762939453
v 33.599998474121094 117.59999847412109 -25.200000762939453
v 33.599998474121094 106.65000152587891 -29.399999618530273
v 33.599998474121094 112.125 -25.200000762939453
v 33.599998474121094 117.59999847412109 -29.399999618530273
v 33.599998474121094 112.125 -33.599998474121094
v 42 106.65000152587891 -25.200000762939453
v 42 117.59999847412109 -25.200000762939453
v 37.799999237060547 106.65000152587891 -25.200000762939453
v 42 112.125 -25.200000762939453
v 37.799999237060547 117.59999847412109 -25.200000762939453
v 42 106.65000152587891 -33.599998474121094
v 42 117.59999847412109 -33.599998474121094
v 42 106.65000152587891 -29.399999618530273
v 42 112.125 -33.599998474121094
v 42 117.59999847412109 -29.399999618530273
v 37.799999237060547 106.65000152587891 -33.599998474121094
v 37.799999237060547 117.59999847412109 -33.599998474121094
f 1268 1261 1265 1263 1266 1264 1267 1262
f 1266 1263 1271 1269 1272 1270 1273 1264
f 1272 1269 1276 1274 1277 1275 1278 1270
f 1277 1274 1279 1261 1268 1262 1280 1275
f 1279 1274 1276 1269 1271 1263 1265 1261
f 1278 1275 1280 1262 1267 1264 1273 1270
g object_65
v 42 106.65000152587891 -33.599998474121094
v 42 117.59999847412109 -33.599998474121094
v 42 106.65000152587891 -25.200000762939453
v 42 117.59999847412109 -25.200000762939453
v 42 106.65000152587891 -29.399999618530273
v 42 112.125 -25.200000762939453
v 42 117.59999847412109 -29.399999618530273
v 42 112.125 -33.599998474121094
v 50.400001525878906 106.65000152587891 -25.200000762939453
v 50.400001525878906 117.59999847412109 -25.200000762939453
v 46.200000762939453 106.65000152587891 -25.200000762939453
v 50.400001525878906 112.125 -25.200000762939453
v 46.200000762939453 117.59999847412109 -25.200000762939453
v 50.400001525878906 106.65000152587891 -33.599998474121094
v 50.400001525878906 117.59999847412109 -33.599998474121094
v 50.400001525878906 106.65000152587891 -29.399999618530273
v 50.400001525878906 112.125 -33.599998474121094
v 50.400001525878906 117.59999847412109 -29.399999618530273
v 46.200000762939453 106.65000152587891 -33.599998474121094
v 46.200000762939453 117.59999847412109 -33.599998474121094
f 1288 1281 1285 1283 1286 1284 1287 1282
f 1286 1283 1291 1289 1292 1290 1293 1284
f 1292 1289 1296 1294 1297 1295 1298 1290
f 1297 1294 1299 1281 1288 1282 1300 1295
f 1299 1294 1296 1289 1291 1283 1285 1281
f 1298 1295 1300 1282 1287 1284 1293 1290
g object_66
v 8.3999996185302734 106.65000152587891 -42
v 8.3999996185302734 117.59999847412109 -42
v 8.3999996185302734 106.65000152587891 -33.599998474121094
v 8.3999996185302734 117.59999847412109 -33.599998474121094
v 8.3999996185302734 106.65000152587891 -37.799999237060547
v 8.3999996185302734 112.125 -33.599998474121094
v 8.3999996185302734 117.59999847412109 -37.799999237060547
v 8.3999996185302734 112.125 -42
v 16.799999237060547 106.65000152587891 -33.599998474121094
v 16.799999237060547 117.59999847412109 -33.599998474121094
v 12.600000381469727 106.65000152587891 -33.599998474121094
v 16.799999237060547 112.125 -33.599998474121094
v 12.600000381469727 117.59999847412109 -33.599998474121094
v 16.799999237060547 106.65000152587891 -42
v 16.799999237060547 117.59999847412109 -42
v 16.799999237060547 106.65000152587891 -37.799999237060547
v 16.799999237060547 112.125 -42
v 16.799999237060547 117.59999847412109 -37.799999237060547
v 12.600000381469727 106.65000152587891 -42
v 12.600000381469727 117.59999847412109 -42
f 1308 1301 1305 1303 1306 1304 1307 1302
f 1306 1303 1311 1309 1312 1310 1313 1304
f 1312 1309 1316 1314 1317 1315 1318 1310
f 1317 1314 1319 1301 1308 1302 1320 1315
f 1319 1314 1316 1309 1311 1303 1305 1301
f 1318 1315 1320 1302 1307 1304 1313 1310
g object_67
v 16.799999237060547 106.65000152587891 -42
v 16.799999237060547 117.59999847412109 -42
v 16.799999237060547 106.65000152587891 -33.599998474121094
v 16.799999237060547 117.59999847412109 -33.599998474121094
v 16.799999237060547 106.65000152587891 -37.799999237060547
v 16.799999237060547 112.125 -33.599998474121094
v 16.799999237060547 117.59999847412109 -37.799999237060547
v 16.799999237060547 112.125 -42
v 25.200000762939453 106.65000152587891 -33.599998474121094
v 25.200000762939453 117.59999847412109 -33.599998474121094
v 21 106.65000152587891 -33.599998474121094
v 25.200000762939453 112.125 -33.599998474121094
v 21 117.59999847412109 -33.599998474121094
v 25.200000762939453 106.65000152587891 -42
v 25.200000762939453 117.59999847412109 -42
v 25.200000762939453 106.65000152587891 -37.799999237060547
v 25.200000762939453 112.125 -42
v 25.200000762939453 117.59999847412109 -37.799999237060547
v 21 106.65000152587891 -42
v 21 117.59999847412109 -42
f 1328 1321 1325 1323 1326 1324 1327 1322
f 1326 1323 1331 1329 1332 1330 1333 1324
f 1332 1329 1336 1334 1337 1335 1338 1330
f 1337 1334 1339 1321 1328 1322 1340 1335
f 1339 1334 1336 1329 1331 1323 1325 1321
f 1338 1335 1340 1322 1327 1324 1333 1330
g object_68
v 25.200000762939453 106.65000152587891 -42
v 25.200000762939453 117.59999847412109 -42
v 25.200000762939453 106.65000152587891 -33.599998474121094
v 25.200000762939453 117.59999847412109 -33.599998474121094
v 25.200000762939453 106.65000152587891 -37.799999237060547
v 25.200000762939453 112.125 -33.599998474121094
v 25.200000762939453 117.59999847412109 -37.799999237060547
v 25.200000762939453 112.125 -42
v 33.599998474121094 106.65000152587891 -33.599998474121094
v 33.599998474121094 117.59999847412109 -33.599998474121094
v 29.399999618530273 106.65000152587891 -33.599998474121094
v 33.599998474121094 112.125 -33.599998474121094
v 29.399999618530273 117.59999847412109 -33.599998474121094
v 33.599998474121094 106.65000152587891 -42
v 33.599998474121094 117.59999847412109 -42
v 33.599998474121094 106.65000152587891 -37.799999237060547
v 33.599998474121094 112.125 -42
v 33.599998474121094 117.59999847412109 -37.799999237060547
v 29.399999618530273 106.65000152587891 -42
v 29.399999618530273 117.59999847412109 -42
f 1348 1341 1345 1343 1346 1344 1347 1342
f 1346 1343 1351 1349 1352 1350 1353 1344
f 1352 1349 1356 1354 1357 1355 1358 1350
f 1357 1354 1359 1341 1348 1342 1360 1355
f 1359 1354 1356 1349 1351 1343 1345 1341
f 1358 1355 1360 1342 1347 1344 1353 1350
g object_69
v 33.599998474121094 106.65000152587891 -42
v 33.599998474121094 117.59999847412109 -42
v 33.599998474121094 106.65000152587891 -33.599998474121094
v 33.599998474121094 117.59999847412109 -33.599998474121094
v 33.599998474121094 106.65000152587891 -37.799999237060547
v 33.599998474121094 112.125 -33.599998474121094
v 33.599998474121094 117.59999847412109 -37.799999237060547
v 33.599998474121094 112.125 -42
v 42 106.65000152587891 -33.599998474121094
v 42 117.59999847412109 -33.599998474121094
v 37.799999237060547 106.65000152587891 -33.599998474121094
v 42 112.125 -33.599998474121094
v 37.799999237060547 117.59999847412109 -33.599998474121094
v 42 106.65000152587891 -42
v 42 117.59999847412109 -42
v 42 106.65000152587891 -37.799999237060547
v 42 112.125 -42
v 42 117.59999847412109 -37.799999237060547
v 37.799999237060547 106.65000152587891 -42
v 37.799999237060547 117.59999847412109 -42
f 1368 1361 1365 1363 1366 1364 1367 1362
f 1366 1363 1371 1369 1372 1370 1373 1364
f 1372 1369 1376 1374 1377 1375 1378 1370
f 1377 1374 1379 1361 1368 1362 1380 1375
f 1379 1374 1376 1369 1371 1363 1365 1361
f 1378 1375 1380 1362 1367 1364 1373 1370
g object_70
v 42 106.65000152587891 -42
v 42 117.59999847412109 -42
v 42 106.65000152587891 -33.599998474121094
v 42 117.59999847412109 -33.599998474121094
v 42 106.65000152587891 -37.799999237060547
v 42 112.125 -33.599998474121094
v 42 117.59999847412109 -37.799999237060547
v 42 112.125 -42
v 50.400001525878906 106.65000152587891 -33.599998474121094
v 50.400001525878906 117.59999847412109 -33.599998474121094
v 46.200000762939453 106.65000152587891 -33.599998474121094
v 50.400001525878906 112.125 -33.599998474121094
v 46.200000762939453 117.59999847412109 -33.599998474121094
v 50.400001525878906 106.65000152587891 -42
v 50.400001525878906 117.59999847412109 -42
v 50.400001525878906 106.65000152587891 -37.799999237060547
v 50.400001525878906 112.125 -42
v 50.400001525878906 117.59999847412109 -37.799999237060547
v 46.200000762939453 106.65000152587891 -42
v 46.200000762939453 117.59999847412109 -42
f 1388 1381 1385 1383 1386 1384 1387 1382
f 1386 1383 1391 1389 1392 1390 1393 1384
f 1392 1389 1396 1394 1397 1395 1398 1390
f 1397 1394 1399 1381 1388 1382 1400 1395
f 1399 1394 1396 1389 1391 1383 1385 1381
f 1398 1395 1400 1382 1387 1384 1393 1390
g object_71
v 8.3999996185302734 106.65000152587891 -50.400001525878906
v 8.3999996185302734 117.59999847412109 -50.400001525878906
v 8.3999996185302734 106.65000152587891 -42
v 8.3999996185302734 117.59999847412109 -42
v 8.3999996185302734 106.65000152587891 -46.200000762939453
v 8.3999996185302734 112.125 -42
v 8.3999996185302734 117.59999847412109 -46.200000762939453
v 8.3999996185302734 112.125 -50.400001525878906
v 16.799999237060547 106.65000152587891 -42
v 16.799999237060547 117.59999847412109 -42
v 12.600000381469727 106.65000152587891 -42
v 16.799999237060547 112.125 -42
v 12.600000381469727 117.59999847412109 -42
v 16.799999237060547 106.65000152587891 -50.400001525878906
v 16.799999237060547 117.59999847412109 -50.400001525878906
v 16.799999237060547 106.65000152587891 -46.200000762939453
v 16.799999237060547 112.125 -50.400001525878906
v 16.799999237060547 117.59999847412109 -46.200000762939453
v 12.600000381469727 106.65000152587891 -50.400001525878906
v 12.600000381469727 117.59999847412109 -50.400001525878906
f 1408 1401 1405 1403 1406 1404 1407 1402
f 1406 1403 1411 1409 1412 1410 1413 1404
f 1412 1409 1416 1414 1417 1415 1418 1410
f 1417 1414 1419 1401 1408 1402 1420 1415
f 1419 1414 1416 1409 1411 1403 1405 1401
f 1418 1415 1420 1402 1407 1404 1413 1410
g object_72
v 42 106.65000152587891 -50.400001525878906
v 42 117.59999847412109 -50.400001525878906
v 42 106.65000152587891 -42
v 42 117.59999847412109 -42
v 42 106.65000152587891 -46.200000762939453
v 42 112.125 -42
v 42 117.59999847412109 -46.200000762939453
v 42 112.125 -50.400001525878906
v 50.400001525878906 106.65000152587891 -42
v 50.400001525878906 117.59999847412109 -42
v 46.200000762939453 106.65000152587891 -42
v 50.400001525878906 112.125 -42
v 46.200000762939453 117.59999847412109 -42
v 50.400001525878906 106.65000152587891 -50.400001525878906
v 50.400001525878906 117.59999847412109 -50.400001525878906
v 50.400001525878906 106.65000152587891 -46.200000762939453
v 50.400001525878906 112.125 -50.400001525878906
v 50.400001525878906 117.59999847412109 -46.200000762939453
v 46.200000762939453 106.65000152587891 -50.400001525878906
v 46.200000762939453 117.59999847412109 -50.400001525878906
f 1428 1421 1425 1423 1426 1424 1427 1422
f 1426 1423 1431 1429 1432 1430 1433 1424
f 1432 1429 1436 1434 1437 1435 1438 1430
f 1437 1434 1439 1421 1428 1422 1440 1435
f 1439 1434 1436 1429 1431 1423 1425 1421
f 1438 1435 1440 1422 1427 1424 1433 1430
g object_73
v 16.799999237060547 106.65000152587891 -50.400001525878906
v 16.799999237060547 117.59999847412109 -50.400001525878906
v 25.200000762939453 106.65000152587891 -50.400001525878906
v 25.200000762939453 117.59999847412109 -50.400001525878906
v 21 106.65000152587891 -50.400001525878906
v 25.200000762939453 112.125 -50.400001525878906
v 21 117.59999847412109 -50.400001525878906
v 16.799999237060547 112.125 -50.400001525878906
v 25.200000762939453 106.65000152587891 -58.799999237060547
v 25.200000762939453 117.59999847412109 -58.799999237060547
v 25.200000762939453 106.65000152587891 -54.599998474121094
v 25.200000762939453 112.125 -58.799999237060547
v 25.200000762939453 117.59999847412109 -54.599998474121094
v 16.799999237060547 106.65000152587891 -58.799999237060547
v 16.799999237060547 117.59999847412109 -58.799999237060547
v 21 106.65000152587891 -58.799999237060547
v 16.799999237060547 112.125 -58.799999237060547
v 21 117.59999847412109 -58.799999237060547
v 16.799999237060547 106.65000152587891 -54.599998474121094
v 16.799999237060547 117.59999847412109 -54.599998474121094
f 1448 1441 1445 1443 1446 1444 1447 1442
f 1446 1443 1451 1449 1452 1450 1453 1444
f 1452 1449 1456 1454 1457 1455 1458 1450
f 1457 1454 1459 1441 1448 1442 1460 1455
f 1445 1441 1459 1454 1456 1449 1451 1443
f 1460 1442 1447 1444 1453 1450 1458 1455
g object_74
v 25.200000762939453 106.65000152587891 -50.400001525878906
v 25.200000762939453 117.59999847412109 -50.400001525878906
v 33.599998474121094 106.65000152587891 -50.400001525878906
v 33.599998474121094 117.59999847412109 -50.400001525878906
v 29.399999618530273 106.65000152587891 -50.400001525878906
v 33.599998474121094 112.125 -50.400001525878906
v 29.399999618530273 117.59999847412109 -50.400001525878906
v 25.200000762939453 112.125 -50.400001525878906
v 33.599998474121094 106.65000152587891 -58.799999237060547
v 33.599998474121094 117.59999847412109 -58.799999237060547
v 33.599998474121094 106.65000152587891 -54.599998474121094
v 33.599998474121094 112.125 -58.799999237060547
v 33.599998474121094 117.59999847412109 -54.599998474121094
v 25.200000762939453 106.65000152587891 -58.799999237060547
v 25.200000762939453 117.59999847412109 -58.799999237060547
v 29.399999618530273 106.65000152587891 -58.799999237060547
v 25.200000762939453 112.125 -58.799999237060547
v 29.399999618530273 117.59999847412109 -58.799999237060547
v 25.200000762939453 106.65000152587891 -54.599998474121094
v 25.200000762939453 117.59999847412109 -54.599998474121094
f 1468 1461 1465 1463 1466 1464 1467 1462
f 1466 1463 1471 1469 1472 1470 1473 1464
f 1472 1469 1476 1474 1477 1475 1478 1470
f 1477 1474 1479 1461 1468 1462 1480 1475
f 1465 1461 1479 1474 1476 1469 1471 1463
f 1480 1462 1467 1464 1473 1470 1478 1475
g object_75
v 33.599998474121094 106.65000152587891 -50.400001525878906
v 33.599998474121094 117.59999847412109 -50.400001525878906
v 42 106.65000152587891 -50.400001525878906
v 42 117.59999847412109 -50.400001525878906
v 37.799999237060547 106.65000152587891 -50.400001525878906
v 42 112.125 -50.400001525878906
v 37.799999237060547 117.59999847412109 -50.400001525878906
v 33.599998474121094 112.125 -50.400001525878906
v 42 106.65000152587891 -58.799999237060547
v 42 117.59999847412109 -58.799999237060547
v 42 106.65000152587891 -54.599998474121094
v 42 112.125 -58.799999237060547
v 42 117.59999847412109 -54.599998474121094
v 33.599998474121094 106.65000152587891 -58.799999237060547
v 33.599998474121094 117.59999847412109 -58.799999237060547
v 37.799999237060547 106.65000152587891 -58.799999237060547
v 33.599998474121094 112.125 -58.799999237060547
v 37.799999237060547 117.59999847412109 -58.799999237060547
v 33.599998474121094 106.65000152587891 -54.599998474121094
v 33.599998474121094 117.59999847412109 -54.599998474121094
f 1488 1481 1485 1483 1486 1484 1487 1482
f 1486 1483 1491 1489 1492 1490 1493 1484
f 1492 1489 1496 1494 1497 1495 1498 1490
f 1497 1494 1499 1481 1488 1482 1500 1495
f 1485 1481 1499 1494 1496 1489 1491 1483
f 1500 1482 1487 1484 1493 1490 1498 1495
g object_76
v 8.3999996185302734 128.55000305175781 -33.599998474121094
v 8.3999996185302734 139.5 -33.599998474121094
v 8.3999996185302734 128.55000305175781 -25.200000762939453
v 8.3999996185302734 139.5 -25.200000762939453
v 8.3999996185302734 128.55000305175781 -29.399999618530273
v 8.3999996185302734 134.02499389648438 -25.200000762939453
v 8.3999996185302734 139.5 -29.399999618530273
v 8.3999996185302734 134.02499389648438 -33.599998474121094
v 16.799999237060547 128.55000305175781 -25.200000762939453
v 16.799999237060547 139.5 -25.200000762939453
v 12.600000381469727 128.55000305175781 -25.200000762939453
v 16.799999237060547 134.02499389648438 -25.200000762939453
v 12.600000381469727 139.5 -25.200000762939453
v 16.799999237060547 128.55000305175781 -33.599998474121094
v 16.799999237060547 139.5 -33.599998474121094
v 16.799999237060547 128.55000305175781 -29.399999618530273
v 16.799999237060547 134.02499389648438 -33.599998474121094
v 16.799999237060547 139.5 -29.399999618530273
v 12.600000381469727 128.55000305175781 -33.599998474121094
v 12.600000381469727 139.5 -33.599998474121094
f 1508 1501 1505 1503 1506 1504 1507 1502
f 1506 1503 1511 1509 1512 1510 1513 1504
f 1512 1509 1516 1514 1517 1515 1518 1510
f 1517 1514 1519 1501 1508 1502 1520 1515
f 1519 1514 1516 1509 1511 1503 1505 1501
f 1518 1515 1520 1502 1507 1504 1513 1510
g object_77
v 16.799999237060547 128.55000305175781 -33.599998474121094
v 16.799999237060547 139.5 -33.599998474121094
v 16.799999237060547 128.55000305175781 -25.200000762939453
v 16.799999237060547 139.5 -25.200000762939453
v 16.799999237060547 128.55000305175781 -29.399999618530273
v 16.799999237060547 134.02499389648438 -25.200000762939453
v 16.799999237060547 139.5 -29.399999618530273
v 16.799999237060547 134.02499389648438 -33.599998474121094
v 25.200000762939453 128.55000305175781 -25.200000762939453
v 25.200000762939453 139.5 -25.200000762939453
v 21 128.55000305175781 -25.200000762939453
v 25.200000762939453 134.02499389648438 -25.200000762939453
v 21 139.5 -25.200000762939453
v 25.200000762939453 128.55000305175781 -33.599998474121094
v 25.200000762939453 139.5 -33.599998474121094
v 25.200000762939453 128.55000305175781 -29.399999618530273
v 25.200000762939453 134.02499389648438 -33.599998474121094
v 25.200000762939453 139.5 -29.399999618530273
v 21 128.55000305175781 -33.599998474121094
v 21 139.5 -33.599998474121094
f 1528 1521 1525 1523 1526 1524 1527 1522
f 1526 1523 1531 1529 1532 1530 1533 1524
f 1532 1529 1536 1534 1537 1535 1538 1530
f 1537 1534 1539 1521 1528 1522 1540 1535
f 1539 1534 1536 1529 1531 1523 1525 1521
f 1538 1535 1540 1522 1527 1524 1533 1530
g object_78
v 25.200000762939453 128.55000305175781 -33.599998474121094
v 25.200000762939453 139.5 -33.599998474121094
v 25.200000762939453 128.55000305175781 -25.200000762939453
v 25.200000762939453 139.5 -25.200000762939453
v 25.200000762939453 128.55000305175781 -29.399999618530273
v 25.200000762939453 134.02499389648438 -25.200000762939453
v 25.200000762939453 139.5 -29.399999618530273
v 25.200000762939453 134.02499389648438 -33.599998474121094
v 33.599998474121094 128.55000305175781 -25.200000762939453
v 33.599998474121094 139.5 -25.200000762939453
v 29.399999618530273 128.55000305175781 -25.200000762939453
v 33.599998474121094 134.02499389648438 -25.200000762939453
v 29.399999618530273 139.5 -25.200000762939453
v 33.599998474121094 128.55000305175781 -33.599998474121094
v 33.599998474121094 139.5 -33.599998474121094
v 33.599998474121094 128.55000305175781 -29.399999618530273
v 33.599998474121094 134.02499389648438 -33.599998474121094
v 33.599998474121094 139.5 -29.399999618530273
v 29.399999618530273 128.55000305175781 -33.599998474121094
v 29.399999618530273 139.5 -33.599998474121094
f 1548 1541 1545 1543 1546 1544 1547 1542
f 1546 1543 1551 1549 1552 1550 1553 1544
f 1552 1549 1556 1554 1557 1555 1558 1550
f 1557 1554 1559 1541 1548 1542 1560 1555
f 1559 1554 1556 1549 1551 1543 1545 1541
f 1558 1555 1560 1542 1547 1544 1553 1550
g object_79
v 33.599998474121094 128.55000305175781 -33.599998474121094
v 33.599998474121094 139.5 -33.599998474121094
v 33.599998474121094 128.55000305175781 -25.200000762939453
v 33.599998474121094 139.5 -25.200000762939453
v 33.599998474121094 128.55000305175781 -29.399999618530273
v 33.599998474121094 134.02499389648438 -25.200000762939453
v 33.599998474121094 139.5 -29.399999618530273
v 33.599998474121094 134.02499389648438 -33.599998474121094
v 42 128.55000305175781 -25.200000762939453
v 42 139.5 -25.200000762939453
v 37.799999237060547 128.55000305175781 -25.200000762939453
v 42 134.02499389648438 -25.200000762939453
v 37.799999237060547 139.5 -25.200000762939453
v 42 128.55000305175781 -33.599998474121094
v 42 139.5 -33.599998474121094
v 42 128.55000305175781 -29.399999618530273
v 42 134.02499389648438 -33.599998474121094
v 42 139.5 -29.399999618530273
v 37.799999237060547 128.55000305175781 -33.599998474121094
v 37.799999237060547 139.5 -33.599998474121094
f 1568 1561 1565 1563 1566 1564 1567 1562
f 1566 1563 1571 1569 1572 1570 1573 1564
f 1572 1569 1576 1574 1577 1575 1578 1570
f 1577 1574 1579 1561 1568 1562 1580 1575
f 1579 1574 1576 1569 1571 1563 1565 1561
f 1578 1575 1580 1562 1567 1564 1573 1570
g object_80
v 42 128.55000305175781 -33.599998474121094
v 42 139.5 -33.599998474121094
v 42 128.55000305175781 -25.200000762939453
v 42 139.5 -25.200000762939453
v 42 128.55000305175781 -29.399999618530273
v 42 134.02499389648438 -25.200000762939453
v 42 139.5 -29.399999618530273
v 42 134.02499389648438 -33.599998474121094
v 50.400001525878906 128.55000305175781 -25.200000762939453
v 50.400001525878906 139.5 -25.200000762939453
v 46.200000762939453 128.55000305175781 -25.200000762939453
v 50.400001525878906 134.02499389648438 -25.200000762939453
v 46.200000762939453 139.5 -25.200000762939453
v 50.400001525878906 128.55000305175781 -33.599998474121094
v 50.400001525878906 139.5 -33.599998474121094
v 50.400001525878906 128.55000305175781 -29.399999618530273
v 50.400001525878906 134.02499389648438 -33.599998474121094
v 50.400001525878906 139.5 -29.399999618530273
v 46.200000762939453 128.55000305175781 -33.599998474121094
v 46.200000762939453 139.5 -33.599998474121094
f 1588 1581 1585 1583 1586 1584 1587 1582
f 1586 1583 1591 1589 1592 1590 1593 1584
f 1592 1589 1596 1594 1597 1595 1598 1590
f 1597 1594 1599 1581 1588 1582 1600 1595
f 1599 1594 1596 1589 1591 1583 1585 1581
f 1598 1595 1600 1582 1587 1584 1593 1590
g object_81
v 8.3999996185302734 128.55000305175781 -42
v 8.3999996185302734 139.5 -42
v 8.3999996185302734 128.55000305175781 -33.599998474121094
v 8.3999996185302734 139.5 -33.599998474121094
v 8.3999996185302734 128.55000305175781 -37.799999237060547
v 8.3999996185302734 134.02499389648438 -33.599998474121094
v 8.3999996185302734 139.5 -37.799999237060547
v 8.3999996185302734 134.02499389648438 -42
v 16.799999237060547 128.55000305175781 -33.599998474121094
v 16.799999237060547 139.5 -33.599998474121094
v 12.600000381469727 128.55000305175781 -33.599998474121094
v 16.799999237060547 134.02499389648438 -33.599998474121094
v 12.600000381469727 139.5 -33.599998474121094
v 16.799999237060547 128.55000305175781 -42
v 16.799999237060547 139.5 -42
v 16.799999237060547 128.55000305175781 -37.799999237060547
v 16.799999237060547 134.02499389648438 -42
v 16.799999237060547 139.5 -37.799999237060547
v 12.600000381469727 128.55000305175781 -42
v 12.600000381469727 139.5 -42
f 1608 1601 1605 1603 1606 1604 1607 1602
f 1606 1603 1611 1609 1612 1610 1613 1604
f 1612 1609 1616 1614 1617 1615 1618 1610
f 1617 1614 1619 1601 1608 1602 1620 1615
f 1619 1614 1616 1609 1611 1603 1605 1601
f 1618 1615 1620 1602 1607 1604 1613 1610
g object_82
v 16.799999237060547 128.55000305175781 -42
v 16.799999237060547 139.5 -42
v 16.799999237060547 128.55000305175781 -33.599998474121094
v 16.799999237060547 139.5 -33.599998474121094
v 16.799999237060547 128.55000305175781 -37.799999237060547
v 16.799999237060547 134.02499389648438 -33.599998474121094
v 16.799999237060547 139.5 -37.799999237060547
v 16.799999237060547 134.02499389648438 -42
v 25.200000762939453 128.55000305175781 -33.599998474121094
v 25.200000762939453 139.5 -33.599998474121094
v 21 128.55000305175781 -33.599998474121094
v 25.200000762939453 134.02499389648438 -33.599998474121094
v 21 139.5 -33.599998474121094
v 25.200000762939453 128.55000305175781 -42
v 25.200000762939453 139.5 -42
v 25.200000762939453 128.55000305175781 -37.799999237060547
v 25.200000762939453 134.02499389648438 -42
v 25.200000762939453 139.5 -37.799999237060547
v 21 128.55000305175781 -42
v 21 139.5 -42
f 1628 1621 1625 1623 1626 1624 1627 1622
f 1626 1623 1631 1629 1632 1630 1633 1624
f 1632 1629 1636 1634 1637 1635 1638 1630
f 1637 1634 1639 1621 1628 1622 1640 1635
f 1639 1634 1636 1629 1631 1623 1625 1621
f 1638 1635 1640 1622 1627 1624 1633 1630
g object_83
v 25.200000762939453 128.55000305175781 -42
v 25.200000762939453 139.5 -42
v 25.200000762939453 128.55000305175781 -33.599998474121094
v 25.200000762939453 139.5 -33.599998474121094
v 25.200000762939453 128.55000305175781 -37.799999237060547
v 25.200000762939453 134.02499389648438 -33.599998474121094
v 25.200000762939453 139.5 -37.799999237060547
v 25.200000762939453 134.02499389648438 -42
v 33.599998474121094 128.55000305175781 -33.599998474121094
v 33.599998474121094 139.5 -33.599998474121094
v 29.399999618530273 128.55000305175781 -33.599998474121094
v 33.599998474121094 134.02499389648438 -33.599998474121094
v 29.399999618530273 139.5 -33.599998474121094
v 33.599998474121094 128.55000305175781 -42
v 33.599998474121094 139.5 -42
v 33.599998474121094 128.55000305175781 -37.799999237060547
v 33.599998474121094 134.02499389648438 -42
v 33.599998474121094 139.5 -37.799999237060547
v 29.399999618530273 128.55000305175781 -42
v 29.399999618530273 139.5 -42
f 1648 1641 1645 1643 1646 1644 1647 1642
f 1646 1643 1651 1649 1652 1650 1653 1644
f 1652 1649 1656 1654 1657 1655 1658 1650
f 1657 1654 1659 1641 1648 1642 1660 1655
f 1659 1654 1656 1649 1651 1643 1645 1641
f 1658 1655 1660 1642 1647 1644 1653 1650
g object_84
v 33.599998474121094 128.55000305175781 -42
v 33.599998474121094 139.5 -42
v 33.599998474121094 128.55000305175781 -33.599998474121094
v 33.599998474121094 139.5 -33.599998474121094
v 33.599998474121094 128.55000305175781 -37.799999237060547
v 33.599998474121094 134.02499389648438 -33.599998474121094
v 33.599998474121094 139.5 -37.799999237060547
v 33.599998474121094 134.02499389648438 -42
v 42 128.55000305175781 -33.599998474121094
v 42 139.5 -33.599998474121094
v 37.799999237060547 128.55000305175781 -33.599998474121094
v 42 134.02499389648438 -33.599998474121094
v 37.799999237060547 139.5 -33.599998474121094
v 42 128.55000305175781 -42
v 42 139.5 -42
v 42 128.55000305175781 -37.799999237060547
v 42 134.02499389648438 -42
v 42 139.5 -37.799999237060547
v 37.799999237060547 128.55000305175781 -42
v 37.799999237060547 139.5 -42
f 1668 1661 1665 1663 1666 1664 1667 1662
f 1666 1663 1671 1669 1672 1670 1673 1664
f 1672 1669 1676 1674 1677 1675 1678 1670
f 1677 1674 1679 1661 1668 1662 1680 1675
f 1679 1674 1676 1669 1671 1663 1665 1661
f 1678 1675 1680 1662 1667 1664 1673 1670
g object_85
v 42 128.55000305175781 -42
v 42 139.5 -42
v 42 128.55000305175781 -33.599998474121094
v 42 139.5 -33.599998474121094
v 42 128.55000305175781 -37.799999237060547
v 42 134.02499389648438 -33.599998474121094
v 42 139.5 -37.799999237060547
v 42 134.02499389648438 -42
v 50.400001525878906 128.55000305175781 -33.599998474121094
v 50.400001525878906 139.5 -33.599998474121094
v 46.200000762939453 128.55000305175781 -33.599998474121094
v 50.400001525878906 134.02499389648438 -33.599998474121094
v 46.200000762939453 139.5 -33.599998474121094
v 50.400001525878906 128.55000305175781 -42
v 50.400001525878906 139.5 -42
v 50.400001525878906 128.55000305175781 -37.799999237060547
v 50.400001525878906 134.02499389648438 -42
v 50.400001525878906 139.5 -37.799999237060547
v 46.200000762939453 128.55000305175781 -42
v 46.200000762939453 139.5 -42
f 1688 1681 1685 1683 1686 1684 1687 1682
f 1686 1683 1691 1689 1692 1690 1693 1684
f 1692 1689 1696 1694 1697 1695 1698 1690
f 1697 1694 1699 1681 1688 1682 1700 1695
f 1699 1694 1696 1689 1691 1683 1685 1681
f 1698 1695 1700 1682 1687 1684 1693 1690
g object_86
v 8.3999996185302734 128.55000305175781 -50.400001525878906
v 8.3999996185302734 139.5 -50.400001525878906
v 8.3999996185302734 128.55000305175781 -42
v 8.3999996185302734 139.5 -42
v 8.3999996185302734 128.55000305175781 -46.200000762939453
v 8.3999996185302734 134.02499389648438 -42
v 8.3999996185302734 139.5 -46.200000762939453
v 8.3999996185302734 134.02499389648438 -50.400001525878906
v 16.799999237060547 128.55000305175781 -42
v 16.799999237060547 139.5 -42
v 12.600000381469727 128.55000305175781 -42
v 16.799999237060547 134.02499389648438 -42
v 12.600000381469727 139.5 -42
v 16.799999237060547 128.55000305175781 -50.400001525878906
v 16.799999237060547 139.5 -50.400001525878906
v 16.799999237060547 128.55000305175781 -46.200000762939453
v 16.799999237060547 134.02499389648438 -50.400001525878906
v 16.799999237060547 139.5 -46.200000762939453
v 12.600000381469727 128.55000305175781 -50.400001525878906
v 12.600000381469727 139.5 -50.400001525878906
f 1708 1701 1705 1703 1706 1704 1707 1702
f 1706 1703 1711 1709 1712 1710 1713 1704
f 1712 1709 1716 1714 1717 1715 1718 1710
f 1717 1714 1719 1701 1708 1702 1720 1715
f 1719 1714 1716 1709 1711 1703 1705 1701
f 1718 1715 1720 1702 1707 1704 1713 1710
g object_87
v 42 128.55000305175781 -50.400001525878906
v 42 139.5 -50.400001525878906
v 42 128.55000305175781 -42
v 42 139.5 -42
v 42 128.55000305175781 -46.200000762939453
v 42 134.02499389648438 -42
v 42 139.5 -46.200000762939453
v 42 134.02499389648438 -50.400001525878906
v 50.400001525878906 128.55000305175781 -42
v 50.400001525878906 139.5 -42
v 46.200000762939453 128.55000305175781 -42
v 50.400001525878906 134.02499389648438 -42
v 46.200000762939453 139.5 -42
v 50.400001525878906 128.55000305175781 -50.400001525878906
v 50.400001525878906 139.5 -50.400001525878906
v 50.400001525878906 128.55000305175781 -46.200000762939453
v 50.400001525878906 134.02499389648438 -50.400001525878906
v 50.400001525878906 139.5 -46.200000762939453
v 46.200000762939453 128.55000305175781 -50.400001525878906
v 46.200000762939453 139.5 -50.400001525878906
f 1728 1721 1725 1723 1726 1724 1727 1722
f 1726 1723 1731 1729 1732 1730 1733 1724
f 1732 1729 1736 1734 1737 1735 1738 1730
f 1737 1734 1739 1721 1728 1722 1740 1735
f 1739 1734 1736 1729 1731 1723 1725 1721
f 1738 1735 1740 1722 1727 1724 1733 1730
g object_88
v 16.799999237060547 128.55000305175781 -50.400001525878906
v 16.799999237060547 139.5 -50.400001525878906
v 25.200000762939453 128.55000305175781 -50.400001525878906
v 25.200000762939453 139.5 -50.400001525878906
v 21 128.55000305175781 -50.400001525878906
v 25.200000762939453 134.02499389648438 -50.400001525878906
v 21 139.5 -50.400001525878906
v 16.799999237060547 134.02499389648438 -50.400001525878906
v 25.200000762939453 128.55000305175781 -58.799999237060547
v 25.200000762939453 139.5 -58.799999237060547
v 25.200000762939453 128.55000305175781 -54.599998474121094
v 25.200000762939453 134.02499389648438 -58.799999237060547
v 25.200000762939453 139.5 -54.599998474121094
v 16.799999237060547 128.55000305175781 -58.799999237060547
v 16.799999237060547 139.5 -58.799999237060547
v 21 128.55000305175781 -58.799999237060547
v 16.799999237060547 134.02499389648438 -58.799999237060547
v 21 139.5 -58.799999237060547
v 16.799999237060547 128.55000305175781 -54.599998474121094
v 16.799999237060547 139.5 -54.599998474121094
f 1748 1741 1745 1743 1746 1744 1747 1742
f 1746 1743 1751 1749 1752 1750 1753 1744
f 1752 1749 1756 1754 1757 1755 1758 1750
f 1757 1754 1759 1741 1748 1742 1760 1755
f 1745 1741 1759 1754 1756 1749 1751 1743
f 1760 1742 1747 1744 1753 1750 1758 1755
g object_89
v 25.200000762939453 128.55000305175781 -50.400001525878906
v 25.200000762939453 139.5 -50.400001525878906
v 33.599998474121094 128.55000305175781 -50.400001525878906
v 33.599998474121094 139.5 -50.400001525878906
v 29.399999618530273 128.55000305175781 -50.400001525878906
v 33.599998474121094 134.02499389648438 -50.400001525878906
v 29.399999618530273 139.5 -50.400001525878906
v 25.200000762939453 134.02499389648438 -50.400001525878906
v 33.599998474121094 128.55000305175781 -58.799999237060547
v 33.599998474121094 139.5 -58.799999237060547
v 33.599998474121094 128.55000305175781 -54.599998474121094
v 33.599998474121094 134.02499389648438 -58.799999237060547
v 33.599998474121094 139.5 -54.599998474121094
v 25.200000762939453 128.55000305175781 -58.799999237060547
v 25.200000762939453 139.5 -58.799999237060547
v 29.399999618530273 128.55000305175781 -58.799999237060547
v 25.200000762939453 134.02499389648438 -58.799999237060547
v 29.399999618530273 139.5 -58.799999237060547
v 25.200000762939453 128.55000305175781 -54.599998474121094
v 25.200000762939453 139.5 -54.599998474121094
f 1768 1761 1765 1763 1766 1764 1767 1762
f 1766 1763 1771 1769 1772 1770 1773 1764
f 1772 1769 1776 1774 1777 1775 1778 1770
f 1777 1774 1779 1761 1768 1762 1780 1775
f 1765 1761 1779 1774 1776 1769 1771 1763
f 1780 1762 1767 1764 1773 1770 1778 1775
g object_90
v 33.599998474121094 128.55000305175781 -50.400001525878906
v 33.599998474121094 139.5 -50.400001525878906
v 42 128.55000305175781 -50.400001525878906
v 42 139.5 -50.400001525878906
v 37.799999237060547 128.55000305175781 -50.400001525878906
v 42 134.02499389648438 -50.400001525878906
v 37.799999237060547 139.5 -50.400001525878906
v 33.599998474121094 134.02499389648438 -50.400001525878906
v 42 128.55000305175781 -58.799999237060547
v 42 139.5 -58.799999237060547
v 42 128.55000305175781 -54.599998474121094
v 42 134.02499389648438 -58.799999237060547
v 42 139.5 -54.599998474121094
v 33.599998474121094 128.55000305175781 -58.799999237060547
v 33.599998474121094 139.5 -58.799999237060547
v 37.799999237060547 128.55000305175781 -58.799999237060547
v 33.599998474121094 134.02499389648438 -58.799999237060547
v 37.799999237060547 139.5 -58.799999237060547
v 33.599998474121094 128.55000305175781 -54.599998474121094
v 33.599998474121094 139.5 -54.599998474121094
f 1788 1781 1785 1783 1786 1784 1787 1782
f 1786 1783 1791 1789 1792 1790 1793 1784
f 1792 1789 1796 1794 1797 1795 1798 1790
f 1797 1794 1799 1781 1788 1782 1800 1795
f 1785 1781 1799 1794 1796 1789 1791 1783
f 1800 1782 1787 1784 1793 1790 1798 1795
g object_91
v 8.3999996185302734 139.5 -33.599998474121094
v 8.3999996185302734 150.44999694824219 -33.599998474121094
v 8.3999996185302734 139.5 -25.200000762939453
v 8.3999996185302734 150.44999694824219 -25.200000762939453
v 8.3999996185302734 139.5 -29.399999618530273
v 8.3999996185302734 144.97500610351562 -25.200000762939453
v 8.3999996185302734 150.44999694824219 -29.399999618530273
v 8.3999996185302734 144.97500610351562 -33.599998474121094
v 16.799999237060547 139.5 -25.200000762939453
v 16.799999237060547 150.44999694824219 -25.200000762939453
v 12.600000381469727 139.5 -25.200000762939453
v 16.799999237060547 144.97500610351562 -25.200000762939453
v 12.600000381469727 150.44999694824219 -25.200000762939453
v 16.799999237060547 139.5 -33.599998474121094
v 16.799999237060547 150.44999694824219 -33.599998474121094
v 16.799999237060547 139.5 -29.399999618530273
v 16.799999237060547 144.97500610351562 -33.599998474121094
v 16.799999237060547 150.44999694824219 -29.399999618530273
v 12.600000381469727 139.5 -33.599998474121094
v 12.600000381469727 150.44999694824219 -33.599998474121094
f 1807 1802 1808 1801 1805 1803 1806 1804
f 1806 1803 1811 1809 1812 1810 1813 1804
f 1818 1810 1812 1809 1816 1814 1817 1815
f 1817 1814 1819 1801 1808 1802 1820 1815
f 1819 1814 1816 1809 1811 1803 1805 1801
f 1818 1815 1820 1802 1807 1804 1813 1810
g object_92
v 16.799999237060547 139.5 -33.599998474121094
v 16.799999237060547 150.44999694824219 -33.599998474121094
v 16.799999237060547 139.5 -25.200000762939453
v 16.799999237060547 150.44999694824219 -25.200000762939453
v 16.799999237060547 139.5 -29.399999618530273
v 16.799999237060547 144.97500610351562 -25.200000762939453
v 16.799999237060547 150.44999694824219 -29.399999618530273
v 16.799999237060547 144.97500610351562 -33.599998474121094
v 25.200000762939453 139.5 -25.200000762939453
v 25.200000762939453 150.44999694824219 -25.200000762939453
v 21 139.5 -25.200000762939453
v 25.200000762939453 144.97500610351562 -25.200000762939453
v 21 150.44999694824219 -25.200000762939453
v 25.200000762939453 139.5 -33.599998474121094
v 25.200000762939453 150.44999694824219 -33.599998474121094
v 25.200000762939453 139.5 -29.399999618530273
v 25.200000762939453 144.97500610351562 -33.599998474121094
v 25.200000762939453 150.44999694824219 -29.399999618530273
v 21 139.5 -33.599998474121094
v 21 150.44999694824219 -33.599998474121094
f 1827 1822 1828 1821 1825 1823 1826 1824
f 1826 1823 1831 1829 1832 1830 1833 1824
f 1838 1830 1832 1829 1836 1834 1837 1835
f 1837 1834 1839 1821 1828 1822 1840 1835
f 1839 1834 1836 1829 1831 1823 1825 1821
f 1838 1835 1840 1822 1827 1824 1833 1830
g object_93
v 25.200000762939453 139.5 -33.599998474121094
v 25.200000762939453 150.44999694824219 -33.599998474121094
v 25.200000762939453 139.5 -25.200000762939453
v 25.200000762939453 150.44999694824219 -25.200000762939453
v 25.200000762939453 139.5 -29.399999618530273
v 25.200000762939453 144.97500610351562 -25.200000762939453
v 25.200000762939453 150.44999694824219 -29.399999618530273
v 25.200000762939453 144.97500610351562 -33.599998474121094
v 33.599998474121094 139.5 -25.200000762939453
v 33.599998474121094 150.44999694824219 -25.200000762939453
v 29.399999618530273 139.5 -25.200000762939453
v 33.599998474121094 144.97500610351562 -25.200000762939453
v 29.399999618530273 150.44999694824219 -25.200000762939453
v 33.599998474121094 139.5 -33.599998474121094
v 33.599998474121094 150.44999694824219 -33.599998474121094
v 33.599998474121094 139.5 -29.399999618530273
v 33.599998474121094 144.97500610351562 -33.599998474121094
v 33.599998474121094 150.44999694824219 -29.399999618530273
v 29.399999618530273 139.5 -33.599998474121094
v 29.399999618530273 150.44999694824219 -33.599998474121094
f 1847 1842 1848 1841 1845 1843 1846 1844
f 1846 1843 1851 1849 1852 1850 1853 1844
f 1858 1850 1852 1849 1856 1854 1857 1855
f 1857 1854 1859 1841 1848 1842 1860 1855
f 1859 1854 1856 1849 1851 1843 1845 1841
f 1858 1855 1860 1842 1847 1844 1853 1850
g object_94
v 33.599998474121094 139.5 -33.599998474121094
v 33.599998474121094 150.44999694824219 -33.599998474121094
v 33.599998474121094 139.5 -25.200000762939453
v 33.599998474121094 150.44999694824219 -25.200000762939453
v 33.599998474121094 139.5 -29.399999618530273
v 33.599998474121094 144.97500610351562 -25.200000762939453
v 33.599998474121094 150.44999694824219 -29.399999618530273
v 33.599998474121094 144.97500610351562 -33.599998474121094
v 42 139.5 -25.200000762939453
v 42 150.44999694824219 -25.200000762939453
v 37.799999237060547 139.5 -25.200000762939453
v 42 144.97500610351562 -25.200000762939453
v 37.799999237060547 150.44999694824219 -25.200000762939453
v 42 139.5 -33.599998474121094
v 42 150.44999694824219 -33.599998474121094
v 42 139.5 -29.399999618530273
v 42 144.97500610351562 -33.599998474121094
v 42 150.44999694824219 -29.399999618530273
v 37.799999237060547 139.5 -33.599998474121094
v 37.799999237060547 150.44999694824219 -33.599998474121094
f 1867 1862 1868 1861 1865 1863 1866 1864
f 1866 1863 1871 1869 1872 1870 1873 1864
f 1878 1870 1872 1869 1876 1874 1877 1875
f 1877 1874 1879 1861 1868 1862 1880 1875
f 1879 1874 1876 1869 1871 1863 1865 1861
f 1878 1875 1880 1862 1867 1864 1873 1870
g object_95
v 42 139.5 -33.599998474121094
v 42 150.44999694824219 -33.599998474121094
v 42 139.5 -25.200000762939453
v 42 150.44999694824219 -25.200000762939453
v 42 139.5 -29.399999618530273
v 42 144.97500610351562 -25.200000762939453
v 42 150.44999694824219 -29.399999618530273
v 42 144.97500610351562 -33.599998474121094
v 50.400001525878906 139.5 -25.200000762939453
v 50.400001525878906 150.44999694824219 -25.200000762939453
v 46.200000762939453 139.5 -25.200000762939453
v 50.400001525878906 144.97500610351562 -25.200000762939453
v 46.200000762939453 150.44999694824219 -25.200000762939453
v 50.400001525878906 139.5 -33.599998474121094
v 50.400001525878906 150.44999694824219 -33.599998474121094
v 50.400001525878906 139.5 -29.399999618530273
v 50.400001525878906 144.97500610351562 -33.599998474121094
v 50.400001525878906 150.44999694824219 -29.399999618530273
v 46.200000762939453 139.5 -33.599998474121094
v 46.200000762939453 150.44999694824219 -33.599998474121094
f 1887 1882 1888 1881 1885 1883 1886 1884
f 1886 1883 1891 1889 1892 1890 1893 1884
f 1898 1890 1892 1889 1896 1894 1897 1895
f 1897 1894 1899 1881 1888 1882 1900 1895
f 1899 1894 1896 1889 1891 1883 1885 1881
f 1898 1895 1900 1882 1887 1884 1893 1890
g object_96
v 8.3999996185302734 139.5 -42
v 8.3999996185302734 150.44999694824219 -42
v 8.3999996185302734 139.5 -33.599998474121094
v 8.3999996185302734 150.44999694824219 -33.599998474121094
v 8.3999996185302734 139.5 -37.799999237060547
v 8.3999996185302734 144.97500610351562 -33.599998474121094
v 8.3999996185302734 150.44999694824219 -37.799999237060547
v 8.3999996185302734 144.97500610351562 -42
v 16.799999237060547 139.5 -33.599998474121094
v 16.799999237060547 150.44999694824219 -33.599998474121094
v 12.600000381469727 139.5 -33.599998474121094
v 16.799999237060547 144.97500610351562 -33.599998474121094
v 12.600000381469727 150.44999694824219 -33.599998474121094
v 16.799999237060547 139.5 -42
v 16.799999237060547 150.44999694824219 -42
v 16.799999237060547 139.5 -37.799999237060547
v 16.799999237060547 144.97500610351562 -42
v 16.799999237060547 150.44999694824219 -37.799999237060547
v 12.600000381469727 139.5 -42
v 12.600000381469727 150.44999694824219 -42
f 1907 1902 1908 1901 1905 1903 1906 1904
f 1906 1903 1911 1909 1912 1910 1913 1904
f 1918 1910 1912 1909 1916 1914 1917 1915
f 1917 1914 1919 1901 1908 1902 1920 1915
f 1919 1914 1916 1909 1911 1903 1905 1901
f 1918 1915 1920 1902 1907 1904 1913 1910
g object_97
v 16.799999237060547 139.5 -42
v 16.799999237060547 150.44999694824219 -42
v 16.799999237060547 139.5 -33.599998474121094
v 16.799999237060547 150.44999694824219 -33.599998474121094
v 16.799999237060547 139.5 -37.799999237060547
v 16.799999237060547 144.97500610351562 -33.599998474121094
v 16.799999237060547 150.44999694824219 -37.799999237060547
v 16.799999237060547 144.97500610351562 -42
v 25.200000762939453 139.5 -33.599998474121094
v 25.200000762939453 150.44999694824219 -33.599998474121094
v 21 139.5 -33.599998474121094
v 25.200000762939453 144.97500610351562 -33.599998474121094
v 21 150.44999694824219 -33.599998474121094
v 25.200000762939453 139.5 -42
v 25.200000762939453 150.44999694824219 -42
v 25.200000762939453 139.5 -37.799999237060547
v 25.200000762939453 144.97500610351562 -42
v 25.200000762939453 150.44999694824219 -37.799999237060547
v 21 139.5 -42
v 21 150.44999694824219 -42
f 1927 1922 1928 1921 1925 1923 1926 1924
f 1926 1923 1931 1929 1932 1930 1933 1924
f 1938 1930 1932 1929 1936 1934 1937 1935
f 1937 1934 1939 1921 1928 1922 1940 1935
f 1939 1934 1936 1929 1931 1923 1925 1921
f 1938 1935 1940 1922 1927 1924 1933 1930
g object_98
v 25.200000762939453 139.5 -42
v 25.200000762939453 150.44999694824219 -42
v 25.200000762939453 139.5 -33.599998474121094
v 25.200000762939453 150.44999694824219 -33.599998474121094
v 25.200000762939453 139.5 -37.799999237060547
v 25.200000762939453 144.97500610351562 -33.599998474121094
v 25.200000762939453 150.44999694824219 -37.799999237060547
v 25.200000762939453 144.97500610351562 -42
v 33.599998474121094 139.5 -33.599998474121094
v 33.599998474121094 150.44999694824219 -33.599998474121094
v 29.399999618530273 139.5 -33.599998474121094
v 33.599998474121094 144.97500610351562 -33.599998474121094
v 29.399999618530273 150.44999694824219 -33.599998474121094
v 33.599998474121094 139.5 -42
v 33.599998474121094 150.44999694824219 -42
v 33.599998474121094 139.5 -37.799999237060547
v 33.599998474121094 144.97500610351562 -42
v 33.599998474121094 150.44999694824219 -37.799999237060547
v 29.399999618530273 139.5 -42
v 29.399999618530273 150.44999694824219 -42
f 1947 1942 1948 1941 1945 1943 1946 1944
f 1946 1943 1951 1949 1952 1950 1953 1944
f 1958 1950 1952 1949 1956 1954 1957 1955
f 1957 1954 1959 1941 1948 1942 1960 1955
f 1959 1954 1956 1949 1951 1943 1945 1941
f 1958 1955 1960 1942 1947 1944 1953 1950
g object_99
v 33.599998474121094 139.5 -42
v 33.599998474121094 150.44999694824219 -42
v 33.599998474121094 139.5 -33.599998474121094
v 33.599998474121094 150.44999694824219 -33.599998474121094
v 33.599998474121094 139.5 -37.799999237060547
v 33.599998474121094 144.97500610351562 -33.599998474121094
v 33.599998474121094 150.44999694824219 -37.799999237060547
v 33.599998474121094 144.97500610351562 -42
v 42 139.5 -33.599998474121094
v 42 150.44999694824219 -33.599998474121094
v 37.799999237060547 139.5 -33.599998474121094
v 42 144.97500610351562 -33.599998474121094
v 37.799999237060547 150.44999694824219 -33.599998474121094
v 42 139.5 -42
v 42 150.44999694824219 -42
v 42 139.5 -37.799999237060547
v 42 144.97500610351562 -42
v 42 150.44999694824219 -37.799999237060547
v 37.799999237060547 139.5 -42
v 37.799999237060547 150.44999694824219 -42
f 1967 1962 1968 1961 1965 1963 1966 1964
f 1966 1963 1971 1969 1972 1970 1973 1964
f 1978 1970 1972 1969 1976 1974 1977 1975
f 1977 1974 1979 1961 1968 1962 1980 1975
f 1979 1974 1976 1969 1971 1963 1965 1961
f 1978 1975 1980 1962 1967 1964 1973 1970
g object_100
v 42 139.5 -42
v 42 150.44999694824219 -42
v 42 139.5 -33.599998474121094
v 42 150.44999694824219 -33.599998474121094
v 42 139.5 -37.799999237060547
v 42 144.97500610351562 -33.599998474121094
v 42 150.44999694824219 -37.799999237060547
v 42 144.97500610351562 -42
v 50.400001525878906 139.5 -33.599998474121094
v 50.400001525878906 150.44999694824219 -33.599998474121094
v 46.200000762939453 139.5 -33.599998474121094
v 50.400001525878906 144.97500610351562 -33.599998474121094
v 46.200000762939453 150.44999694824219 -33.599998474121094
v 50.400001525878906 139.5 -42
v 50.400001525878906 150.44999694824219 -42
v 50.400001525878906 139.5 -37.799999237060547
v 50.400001525878906 144.97500610351562 -42
v 50.400001525878906 150.44999694824219 -37.799999237060547
v 46.200000762939453 139.5 -42
v 46.200000762939453 150.44999694824219 -42
f 1987 1982 1988 1981 1985 1983 1986 1984
f 1986 1983 1991 1989 1992 1990 1993 1984
f 1998 1990 1992 1989 1996 1994 1997 1995
f 1997 1994 1999 1981 1988 1982 2000 1995
f 1999 1994 1996 1989 1991 1983 1985 1981
f 1998 1995 2000 1982 1987 1984 1993 1990
g object_101
v 8.3999996185302734 139.5 -50.400001525878906
v 8.3999996185302734 150.44999694824219 -50.400001525878906
v 8.3999996185302734 139.5 -42
v 8.3999996185302734 150.44999694824219 -42
v 8.3999996185302734 139.5 -46.200000762939453
v 8.3999996185302734 144.97500610351562 -42
v 8.3999996185302734 150.44999694824219 -46.200000762939453
v 8.3999996185302734 144.97500610351562 -50.400001525878906
v 16.799999237060547 139.5 -42
v 16.799999237060547 150.44999694824219 -42
v 12.600000381469727 139.5 -42
v 16.799999237060547 144.97500610351562 -42
v 12.600000381469727 150.44999694824219 -42
v 16.799999237060547 139.5 -50.400001525878906
v 16.799999237060547 150.44999694824219 -50.400001525878906
v 16.799999237060547 139.5 -46.200000762939453
v 16.799999237060547 144.97500610351562 -50.400001525878906
v 16.799999237060547 150.44999694824219 -46.200000762939453
v 12.600000381469727 139.5 -50.400001525878906
v 12.600000381469727 150.44999694824219 -50.400001525878906
f 2006 2004 2007 2002 2008 2001 2005 2003
f 2006 2003 2011 2009 2012 2010 2013 2004
f 2017 2015 2018 2010 2012 2009 2016 2014
f 2017 2014 2019 2001 2008 2002 2020 2015
f 2019 2014 2016 2009 2011 2003 2005 2001
f 2018 2015 2020 2002 2007 2004 2013 2010
g object_102
v 42 139.5 -50.400001525878906
v 42 150.44999694824219 -50.400001525878906
v 42 139.5 -42
v 42 150.44999694824219 -42
v 42 139.5 -46.200000762939453
v 42 144.97500610351562 -42
v 42 150.44999694824219 -46.200000762939453
v 42 144.97500610351562 -50.400001525878906
v 50.400001525878906 139.5 -42
v 50.400001525878906 150.44999694824219 -42
v 46.200000762939453 139.5 -42
v 50.400001525878906 144.97500610351562 -42
v 46.200000762939453 150.44999694824219 -42
v 50.400001525878906 139.5 -50.400001525878906
v 50.400001525878906 150.44999694824219 -50.400001525878906
v 50.400001525878906 139.5 -46.200000762939453
v 50.400001525878906 144.97500610351562 -50.400001525878906
v 50.400001525878906 150.44999694824219 -46.200000762939453
v 46.200000762939453 139.5 -50.400001525878906
v 46.200000762939453 150.44999694824219 -50.400001525878906
f 2026 2024 2027 2022 2028 2021 2025 2023
f 2026 2023 2031 2029 2032 2030 2033 2024
f 2037 2035 2038 2030 2032 2029 2036 2034
f 2037 2034 2039 2021 2028 2022 2040 2035
f 2039 2034 2036 2029 2031 2023 2025 2021
f 2038 2035 2040 2022 2027 2024 2033 2030
g object_103
v 16.799999237060547 139.5 -50.400001525878906
v 16.799999237060547 150.44999694824219 -50.400001525878906
v 25.200000762939453 139.5 -50.400001525878906
v 25.200000762939453 150.44999694824219 -50.400001525878906
v 21 139.5 -50.400001525878906
v 25.200000762939453 144.97500610351562 -50.400001525878906
v 21 150.44999694824219 -50.400001525878906
v 16.799999237060547 144.97500610351562 -50.400001525878906
v 25.200000762939453 139.5 -58.799999237060547
v 25.200000762939453 150.44999694824219 -58.799999237060547
v 25.200000762939453 139.5 -54.599998474121094
v 25.200000762939453 144.97500610351562 -58.799999237060547
v 25.200000762939453 150.44999694824219 -54.599998474121094
v 16.799999237060547 139.5 -58.799999237060547
v 16.799999237060547 150.44999694824219 -58.799999237060547
v 21 139.5 -58.799999237060547
v 16.799999237060547 144.97500610351562 -58.799999237060547
v 21 150.44999694824219 -58.799999237060547
v 16.799999237060547 139.5 -54.599998474121094
v 16.799999237060547 150.44999694824219 -54.599998474121094
f 2048 2041 2045 2043 2046 2044 2047 2042
f 2053 2044 2046 2043 2051 2049 2052 2050
f 2052 2049 2056 2054 2057 2055 2058 2050
f 2060 2055 2057 2054 2059 2041 2048 2042
f 2045 2041 2059 2054 2056 2049 2051 2043
f 2060 2042 2047 2044 2053 2050 2058 2055
g object_104
v 25.200000762939453 139.5 -50.400001525878906
v 25.200000762939453 150.44999694824219 -50.400001525878906
v 33.599998474121094 139.5 -50.400001525878906
v 33.599998474121094 150.44999694824219 -50.400001525878906
v 29.399999618530273 139.5 -50.400001525878906
v 33.599998474121094 144.97500610351562 -50.400001525878906
v 29.399999618530273 150.44999694824219 -50.400001525878906
v 25.200000762939453 144.97500610351562 -50.400001525878906
v 33.599998474121094 139.5 -58.799999237060547
v 33.599998474121094 150.44999694824219 -58.799999237060547
v 33.599998474121094 139.5 -54.599998474121094
v 33.599998474121094 144.97500610351562 -58.799999237060547
v 33.599998474121094 150.44999694824219 -54.599998474121094
v 25.200000762939453 139.5 -58.799999237060547
v 25.200000762939453 150.44999694824219 -58.799999237060547
v 29.399999618530273 139.5 -58.799999237060547
v 25.200000762939453 144.97500610351562 -58.799999237060547
v 29.399999618530273 150.44999694824219 -58.799999237060547
v 25.200000762939453 139.5 -54.599998474121094
v 25.200000762939453 150.44999694824219 -54.599998474121094
f 2068 2061 2065 2063 2066 2064 2067 2062
f 2073 2064 2066 2063 2071 2069 2072 2070
f 2072 2069 2076 2074 2077 2075 2078 2070
f 2080 2075 2077 2074 2079 2061 2068 2062
f 2065 2061 2079 2074 2076 2069 2071 2063
f 2080 2062 2067 2064 2073 2070 2078 2075
g object_105
v 33.599998474121094 139.5 -50.400001525878906
v 33.599998474121094 150.44999694824219 -50.400001525878906
v 42 139.5 -50.400001525878906
v 42 150.44999694824219 -50.400001525878906
v 37.799999237060547 139.5 -50.400001525878906
v 42 144.97500610351562 -50.400001525878906
v 37.799999237060547 150.44999694824219 -50.400001525878906
v 33.599998474121094 144.97500610351562 -50.400001525878906
v 42 139.5 -58.799999237060547
v 42 150.44999694824219 -58.799999237060547
v 42 139.5 -54.599998474121094
v 42 144.97500610351562 -58.799999237060547
v 42 150.44999694824219 -54.599998474121094
v 33.599998474121094 139.5 -58.799999237060547
v 33.599998474121094 150.44999694824219 -58.799999237060547
v 37.799999237060547 139.5 -58.799999237060547
v 33.599998474121094 144.97500610351562 -58.799999237060547
v 37.799999237060547 150.44999694824219 -58.799999237060547
v 33.599998474121094 139.5 -54.599998474121094
v 33.599998474121094 150.44999694824219 -54.599998474121094
f 2088 2081 2085 2083 2086 2084 2087 2082
f 2093 2084 2086 2083 2091 2089 2092 2090
f 2092 2089 2096 2094 2097 2095 2098 2090
f 2100 2095 2097 2094 2099 2081 2088 2082
f 2085 2081 2099 2094 2096 2089 2091 2083
f 2100 2082 2087 2084 2093 2090 2098 2095
g object_106
v 8.3999996185302734 150.44999694824219 -33.599998474121094
v 8.3999996185302734 161.39999389648438 -33.599998474121094
v 8.3999996185302734 150.44999694824219 -25.200000762939453
v 8.3999996185302734 161.39999389648438 -25.200000762939453
v 8.3999996185302734 150.44999694824219 -29.399999618530273
v 8.3999996185302734 155.92500305175781 -25.200000762939453
v 8.3999996185302734 161.39999389648438 -29.399999618530273
v 8.3999996185302734 155.92500305175781 -33.599998474121094
v 16.799999237060547 150.44999694824219 -25.200000762939453
v 16.799999237060547 161.39999389648438 -25.200000762939453
v 12.600000381469727 150.44999694824219 -25.200000762939453
v 16.799999237060547 155.92500305175781 -25.200000762939453
v 12.600000381469727 161.39999389648438 -25.200000762939453
v 16.799999237060547 150.44999694824219 -33.599998474121094
v 16.799999237060547 161.39999389648438 -33.599998474121094
v 16.799999237060547 150.44999694824219 -29.399999618530273
v 16.799999237060547 155.92500305175781 -33.599998474121094
v 16.799999237060547 161.39999389648438 -29.399999618530273
v 12.600000381469727 150.44999694824219 -33.599998474121094
v 12.600000381469727 161.39999389648438 -33.599998474121094
f 2108 2101 2105 2103 2106 2104 2107 2102
f 2106 2103 2111 2109 2112 2110 2113 2104
f 2112 2109 2116 2114 2117 2115 2118 2110
f 2117 2114 2119 2101 2108 2102 2120 2115
f 2119 2114 2116 2109 2111 2103 2105 2101
f 2118 2115 2120 2102 2107 2104 2113 2110
g object_107
v 16.799999237060547 150.44999694824219 -33.599998474121094
v 16.799999237060547 161.39999389648438 -33.599998474121094
v 16.799999237060547 150.44999694824219 -25.200000762939453
v 16.799999237060547 161.39999389648438 -25.200000762939453
v 16.799999237060547 150.44999694824219 -29.399999618530273
v 16.799999237060547 155.92500305175781 -25.200000762939453
v 16.799999237060547 161.39999389648438 -29.399999618530273
v 16.799999237060547 155.92500305175781 -33.599998474121094
v 25.200000762939453 150.44999694824219 -25.200000762939453
v 25.200000762939453 161.39999389648438 -25.200000762939453
v 21 150.44999694824219 -25.200000762939453
v 25.200000762939453 155.92500305175781 -25.200000762939453
v 21 161.39999389648438 -25.200000762939453
v 25.200000762939453 150.44999694824219 -33.599998474121094
v 25.200000762939453 161.39999389648438 -33.599998474121094
v 25.200000762939453 150.44999694824219 -29.399999618530273
v 25.200000762939453 155.92500305175781 -33.599998474121094
v 25.200000762939453 161.39999389648438 -29.399999618530273
v 21 150.44999694824219 -33.599998474121094
v 21 161.39999389648438 -33.599998474121094
f 2128 2121 2125 2123 2126 2124 2127 2122
f 2126 2123 2131 2129 2132 2130 2133 2124
f 2132 2129 2136 2134 2137 2135 2138 2130
f 2137 2134 2139 2121 2128 2122 2140 2135
f 2139 2134 2136 2129 2131 2123 2125 2121
f 2138 2135 2140 2122 2127 2124 2133 2130
g object_108
v 25.200000762939453 150.44999694824219 -33.599998474121094
v 25.200000762939453 161.39999389648438 -33.599998474121094
v 25.200000762939453 150.44999694824219 -25.200000762939453
v 25.200000762939453 161.39999389648438 -25.200000762939453
v 25.200000762939453 150.44999694824219 -29.399999618530273
v 25.200000762939453 155.92500305175781 -25.200000762939453
v 25.200000762939453 161.39999389648438 -29.399999618530273
v 25.200000762939453 155.92500305175781 -33.599998474121094
v 33.599998474121094 150.44999694824219 -25.200000762939453
v 33.599998474121094 161.39999389648438 -25.200000762939453
v 29.399999618530273 150.44999694824219 -25.200000762939453
v 33.599998474121094 155.92500305175781 -25.200000762939453
v 29.399999618530273 161.39999389648438 -25.200000762939453
v 33.599998474121094 150.44999694824219 -33.599998474121094
v 33.599998474121094 161.39999389648438 -33.599998474121094
v 33.599998474121094 150.44999694824219 -29.399999618530273
v 33.599998474121094 155.92500305175781 -33.599998474121094
v 33.599998474121094 161.39999389648438 -29.399999618530273
v 29.399999618530273 150.44999694824219 -33.599998474121094
v 29.399999618530273 161.39999389648438 -33.599998474121094
f 2148 2141 2145 2143 2146 2144 2147 2142
f 2146 2143 2151 2149 2152 2150 2153 2144
f 2152 2149 2156 2154 2157 2155 2158 2150
f 2157 2154 2159 2141 2148 2142 2160 2155
f 2159 2154 2156 2149 2151 2143 2145 2141
f 2158 2155 2160 2142 2147 2144 2153 2150
g object_109
v 33.599998474121094 150.44999694824219 -33.599998474121094
v 33.599998474121094 161.39999389648438 -33.599998474121094
v 33.599998474121094 150.44999694824219 -25.200000762939453
v 33.599998474121094 161.39999389648438 -25.200000762939453
v 33.599998474121094 150.44999694824219 -29.399999618530273
v 33.599998474121094 155.92500305175781 -25.200000762939453
v 33.599998474121094 161.39999389648438 -29.399999618530273
v 33.599998474121094 155.92500305175781 -33.599998474121094
v 42 150.44999694824219 -25.200000762939453
v 42 161.39999389648438 -25.200000762939453
v 37.799999237060547 150.44999694824219 -25.200000762939453
v 42 155.92500305175781 -25.200000762939453
v 37.799999237060547 161.39999389648438 -25.200000762939453
v 42 150.44999694824219 -33.599998474121094
v 42 161.39999389648438 -33.599998474121094
v 42 150.44999694824219 -29.399999618530273
v 42 155.92500305175781 -33.599998474121094
v 42 161.39999389648438 -29.399999618530273
v 37.799999237060547 150.44999694824219 -33.599998474121094
v 37.799999237060547 161.39999389648438 -33.599998474121094
f 2168 2161 2165 2163 2166 2164 2167 2162
f 2166 2163 2171 2169 2172 2170 2173 2164
f 2172 2169 2176 2174 2177 2175 2178 2170
f 2177 2174 2179 2161 2168 2162 2180 2175
f 2179 2174 2176 2169 2171 2163 2165 2161
f 2178 2175 2180 2162 2167 2164 2173 2170
g object_110
v 42 150.44999694824219 -33.599998474121094
v 42 161.39999389648438 -33.599998474121094
v 42 150.44999694824219 -25.200000762939453
v 42 161.39999389648438 -25.200000762939453
v 42 150.44999694824219 -29.399999618530273
v 42 155.92500305175781 -25.200000762939453
v 42 161.39999389648438 -29.399999618530273
v 42 155.92500305175781 -33.599998474121094
v 50.400001525878906 150.44999694824219 -25.200000762939453
v 50.400001525878906 161.39999389648438 -25.200000762939453
v 46.200000762939453 150.44999694824219 -25.200000762939453
v 50.400001525878906 155.92500305175781 -25.200000762939453
v 46.200000762939453 161.39999389648438 -25.200000762939453
v 50.400001525878906 150.44999694824219 -33.599998474121094
v 50.400001525878906 161.39999389648438 -33.599998474121094
v 50.400001525878906 150.44999694824219 -29.399999618530273
v 50.400001525878906 155.92500305175781 -33.599998474121094
v 50.400001525878906 161.39999389648438 -29.399999618530273
v 46.200000762939453 150.44999694824219 -33.599998474121094
v 46.200000762939453 161.39999389648438 -33.599998474121094
f 2188 2181 2185 2183 2186 2184 2187 2182
f 2186 2183 2191 2189 2192 2190 2193 2184
f 2192 2189 2196 2194 2197 2195 2198 2190
f 2197 2194 2199 2181 2188 2182 2200 2195
f 2199 2194 2196 2189 2191 2183 2185 2181
f 2198 2195 2200 2182 2187 2184 2193 2190
g object_111
v 8.3999996185302734 150.44999694824219 -42
v 8.3999996185302734 161.39999389648438 -42
v 8.3999996185302734 150.44999694824219 -33.599998474121094
v 8.3999996185302734 161.39999389648438 -33.599998474121094
v 8.3999996185302734 150.44999694824219 -37.799999237060547
v 8.3999996185302734 155.92500305175781 -33.599998474121094
v 8.3999996185302734 161.39999389648438 -37.799999237060547
v 8.3999996185302734 155.92500305175781 -42
v 16.799999237060547 150.44999694824219 -33.599998474121094
v 16.799999237060547 161.39999389648438 -33.599998474121094
v 12.600000381469727 150.44999694824219 -33.599998474121094
v 16.799999237060547 155.92500305175781 -33.599998474121094
v 12.600000381469727 161.39999389648438 -33.599998474121094
v 16.799999237060547 150.44999694824219 -42
v 16.799999237060547 161.39999389648438 -42
v 16.799999237060547 150.44999694824219 -37.799999237060547
v 16.799999237060547 155.92500305175781 -42
v 16.799999237060547 161.39999389648438 -37.799999237060547
v 12.600000381469727 150.44999694824219 -42
v 12.600000381469727 161.39999389648438 -42
f 2208 2201 2205 2203 2206 2204 2207 2202
f 2206 2203 2211 2209 2212 2210 2213 2204
f 2212 2209 2216 2214 2217 2215 2218 2210
f 2217 2214 2219 2201 2208 2202 2220 2215
f 2219 2214 2216 2209 2211 2203 2205 2201
f 2218 2215 2220 2202 2207 2204 2213 2210
g object_112
v 16.799999237060547 150.44999694824219 -42
v 16.799999237060547 161.39999389648438 -42
v 16.799999237060547 150.44999694824219 -33.599998474121094
v 16.799999237060547 161.39999389648438 -33.599998474121094
v 16.799999237060547 150.44999694824219 -37.799999237060547
v 16.799999237060547 155.92500305175781 -33.599998474121094
v 16.799999237060547 161.39999389648438 -37.799999237060547
v 16.799999237060547 155.92500305175781 -42
v 25.200000762939453 150.44999694824219 -33.599998474121094
v 25.200000762939453 161.39999389648438 -33.599998474121094
v 21 150.44999694824219 -33.599998474121094
v 25.200000762939453 155.92500305175781 -33.599998474121094
v 21 161.39999389648438 -33.599998474121094
v 25.200000762939453 150.44999694824219 -42
v 25.200000762939453 161.39999389648438 -42
v 25.200000762939453 150.44999694824219 -37.799999237060547
v 25.200000762939453 155.92500305175781 -42
v 25.200000762939453 161.39999389648438 -37.799999237060547
v 21 150.44999694824219 -42
v 21 161.39999389648438 -42
f 2228 2221 2225 2223 2226 2224 2227 2222
f 2226 2223 2231 2229 2232 2230 2233 2224
f 2232 2229 2236 2234 2237 2235 2238 2230
f 2237 2234 2239 2221 2228 2222 2240 2235
f 2239 2234 2236 2229 2231 2223 2225 2221
f 2238 2235 2240 2222 2227 2224 2233 2230
g object_113
v 25.200000762939453 150.44999694824219 -42
v 25.200000762939453 161.39999389648438 -42
v 25.200000762939453 150.44999694824219 -33.599998474121094
v 25.200000762939453 161.39999389648438 -33.599998474121094
v 25.200000762939453 150.44999694824219 -37.799999237060547
v 25.200000762939453 155.92500305175781 -33.599998474121094
v 25.200000762939453 161.39999389648438 -37.799999237060547
v 25.200000762939453 155.92500305175781 -42
v 33.599998474121094 150.44999694824219 -33.599998474121094
v 33.599998474121094 161.39999389648438 -33.599998474121094
v 29.399999618530273 150.44999694824219 -33.599998474121094
v 33.599998474121094 155.92500305175781 -33.599998474121094
v 29.399999618530273 161.39999389648438 -33.599998474121094
v 33.599998474121094 150.44999694824219 -42
v 33.599998474121094 161.39999389648438 -42
v 33.599998474121094 150.44999694824219 -37.799999237060547
v 33.599998474121094 155.92500305175781 -42
v 33.599998474121094 161.39999389648438 -37.799999237060547
v 29.399999618530273 150.44999694824219 -42
v 29.399999618530273 161.39999389648438 -42
f 2248 2241 2245 2243 2246 2244 2247 2242
f 2246 2243 2251 2249 2252 2250 2253 2244
f 2252 2249 2256 2254 2257 2255 2258 2250
f 2257 2254 2259 2241 2248 2242 2260 2255
f 2259 2254 2256 2249 2251 2243 2245 2241
f 2258 2255 2260 2242 2247 2244 2253 2250
g object_114
v 33.599998474121094 150.44999694824219 -42
v 33.599998474121094 161.39999389648438 -42
v 33.599998474121094 150.44999694824219 -33.599998474121094
v 33.599998474121094 161.39999389648438 -33.599998474121094
v 33.599998474121094 150.44999694824219 -37.799999237060547
v 33.599998474121094 155.92500305175781 -33.599998474121094
v 33.599998474121094 161.39999389648438 -37.799999237060547
v 33.599998474121094 155.92500305175781 -42
v 42 150.44999694824219 -33.599998474121094
v 42 161.39999389648438 -33.599998474121094
v 37.799999237060547 150.44999694824219 -33.599998474121094
v 42 155.92500305175781 -33.599998474121094
v 37.799999237060547 161.39999389648438 -33.599998474121094
v 42 150.44999694824219 -42
v 42 161.39999389648438 -42
v 42 150.44999694824219 -37.799999237060547
v 42 155.92500305175781 -42
v 42 161.39999389648438 -37.799999237060547
v 37.799999237060547 150.44999694824219 -42
v 37.799999237060547 161.39999389648438 -42
f 2268 2261 2265 2263 2266 2264 2267 2262
f 2266 2263 2271 2269 2272 2270 2273 2264
f 2272 2269 2276 2274 2277 2275 2278 2270
f 2277 2274 2279 2261 2268 2262 2280 2275
f 2279 2274 2276 2269 2271 2263 2265 2261
f 2278 2275 2280 2262 2267 2264 2273 2270
g object_115
v 42 150.44999694824219 -42
v 42 161.39999389648438 -42
v 42 150.44999694824219 -33.599998474121094
v 42 161.39999389648438 -33.599998474121094
v 42 150.44999694824219 -37.799999237060547
v 42 155.92500305175781 -33.599998474121094
v 42 161.39999389648438 -37.799999237060547
v 42 155.92500305175781 -42
v 50.400001525878906 150.44999694824219 -33.599998474121094
v 50.400001525878906 161.39999389648438 -33.599998474121094
v 46.200000762939453 150.44999694824219 -33.599998474121094
v 50.400001525878906 155.92500305175781 -33.599998474121094
v 46.200000762939453 161.39999389648438 -33.599998474121094
v 50.400001525878906 150.44999694824219 -42
v 50.400001525878906 161.39999389648438 -42
v 50.400001525878906 150.44999694824219 -37.799999237060547
v 50.400001525878906 155.92500305175781 -42
v 50.400001525878906 161.39999389648438 -37.799999237060547
v 46.200000762939453 150.44999694824219 -42
v 46.200000762939453 161.39999389648438 -42
f 2288 2281 2285 2283 2286 2284 2287 2282
f 2286 2283 2291 2289 2292 2290 2293 2284
f 2292 2289 2296 2294 2297 2295 2298 2290
f 2297 2294 2299 2281 2288 2282 2300 2295
f 2299 2294 2296 2289 2291 2283 2285 2281
f 2298 2295 2300 2282 2287 2284 2293 2290
g object_116
v 8.3999996185302734 150.44999694824219 -50.400001525878906
v 8.3999996185302734 161.39999389648438 -50.400001525878906
v 8.3999996185302734 150.44999694824219 -42
v 8.3999996185302734 161.39999389648438 -42
v 8.3999996185302734 150.44999694824219 -46.200000762939453
v 8.3999996185302734 155.92500305175781 -42
v 8.3999996185302734 161.39999389648438 -46.200000762939453
v 8.3999996185302734 155.92500305175781 -50.400001525878906
v 16.799999237060547 150.44999694824219 -42
v 16.799999237060547 161.39999389648438 -42
v 12.600000381469727 150.44999694824219 -42
v 16.799999237060547 155.92500305175781 -42
v 12.600000381469727 161.39999389648438 -42
v 16.799999237060547 150.44999694824219 -50.400001525878906
v 16.799999237060547 161.39999389648438 -50.400001525878906
v 16.799999237060547 150.44999694824219 -46.200000762939453
v 16.799999237060547 155.92500305175781 -50.400001525878906
v 16.799999237060547 161.39999389648438 -46.200000762939453
v 12.600000381469727 150.44999694824219 -50.400001525878906
v 12.600000381469727 161.39999389648438 -50.400001525878906
f 2308 2301 2305 2303 2306 2304 2307 2302
f 2306 2303 2311 2309 2312 2310 2313 2304
f 2312 2309 2316 2314 2317 2315 2318 2310
f 2317 2314 2319 2301 2308 2302 2320 2315
f 2319 2314 2316 2309 2311 2303 2305 2301
f 2318 2315 2320 2302 2307 2304 2313 2310
g object_117
v 42 150.44999694824219 -50.400001525878906
v 42 161.39999389648438 -50.400001525878906
v 42 150.44999694824219 -42
v 42 161.39999389648438 -42
v 42 150.44999694824219 -46.200000762939453
v 42 155.92500305175781 -42
v 42 161.39999389648438 -46.200000762939453
v 42 155.92500305175781 -50.400001525878906
v 50.400001525878906 150.44999694824219 -42
v 50.400001525878906 161.39999389648438 -42
v 46.200000762939453 150.44999694824219 -42
v 50.400001525878906 155.92500305175781 -42
v 46.200000762939453 161.39999389648438 -42
v 50.400001525878906 150.44999694824219 -50.400001525878906
v 50.400001525878906 161.39999389648438 -50.400001525878906
v 50.400001525878906 150.44999694824219 -46.200000762939453
v 50.400001525878906 155.92500305175781 -50.400001525878906
v 50.400001525878906 161.39999389648438 -46.200000762939453
v 46.200000762939453 150.44999694824219 -50.400001525878906
v 46.200000762939453 161.39999389648438 -50.400001525878906
f 2328 2321 2325 2323 2326 2324 2327 2322
f 2326 2323 2331 2329 2332 2330 2333 2324
f 2332 2329 2336 2334 2337 2335 2338 2330
f 2337 2334 2339 2321 2328 2322 2340 2335
f 2339 2334 2336 2329 2331 2323 2325 2321
f 2338 2335 2340 2322 2327 2324 2333 2330
g object_118
v 16.799999237060547 150.44999694824219 -50.400001525878906
v 16.799999237060547 161.39999389648438 -50.400001525878906
v 25.200000762939453 150.44999694824219 -50.400001525878906
v 25.200000762939453 161.39999389648438 -50.400001525878906
v 21 150.44999694824219 -50.400001525878906
v 25.200000762939453 155.92500305175781 -50.400001525878906
v 21 161.39999389648438 -50.400001525878906
v 16.799999237060547 155.92500305175781 -50.400001525878906
v 25.200000762939453 150.44999694824219 -58.799999237060547
v 25.200000762939453 161.39999389648438 -58.799999237060547
v 25.200000762939453 150.44999694824219 -54.599998474121094
v 25.200000762939453 155.92500305175781 -58.799999237060547
v 25.200000762939453 161.39999389648438 -54.599998474121094
v 16.799999237060547 150.44999694824219 -58.799999237060547
v 16.799999237060547 161.39999389648438 -58.799999237060547
v 21 150.44999694824219 -58.799999237060547
v 16.799999237060547 155.92500305175781 -58.799999237060547
v 21 161.39999389648438 -58.799999237060547
v 16.799999237060547 150.44999694824219 -54.599998474121094
v 16.799999237060547 161.39999389648438 -54.599998474121094
f 2348 2341 2345 2343 2346 2344 2347 2342
f 2346 2343 2351 2349 2352 2350 2353 2344
f 2352 2349 2356 2354 2357 2355 2358 2350
f 2357 2354 2359 2341 2348 2342 2360 2355
f 2345 2341 2359 2354 2356 2349 2351 2343
f 2360 2342 2347 2344 2353 2350 2358 2355
g object_119
v 25.200000762939453 150.44999694824219 -50.400001525878906
v 25.200000762939453 161.39999389648438 -50.400001525878906
v 33.599998474121094 150.44999694824219 -50.400001525878906
v 33.599998474121094 161.39999389648438 -50.400001525878906
v 29.399999618530273 150.44999694824219 -50.400001525878906
v 33.599998474121094 155.92500305175781 -50.400001525878906
v 29.399999618530273 161.39999389648438 -50.400001525878906
v 25.200000762939453 155.92500305175781 -50.400001525878906
v 33.599998474121094 150.44999694824219 -58.799999237060547
v 33.599998474121094 161.39999389648438 -58.799999237060547
v 33.599998474121094 150.44999694824219 -54.599998474121094
v 33.599998474121094 155.92500305175781 -58.799999237060547
v 33.599998474121094 161.39999389648438 -54.599998474121094
v 25.200000762939453 150.44999694824219 -58.799999237060547
v 25.200000762939453 161.39999389648438 -58.799999237060547
v 29.399999618530273 150.44999694824219 -58.799999237060547
v 25.200000762939453 155.92500305175781 -58.799999237060547
v 29.399999618530273 161.39999389648438 -58.799999237060547
v 25.200000762939453 150.44999694824219 -54.599998474121094
v 25.200000762939453 161.39999389648438 -54.599998474121094
f 2368 2361 2365 2363 2366 2364 2367 2362
f 2366 2363 2371 2369 2372 2370 2373 2364
f 2372 2369 2376 2374 2377 2375 2378 2370
f 2377 2374 2379 2361 2368 2362 2380 2375
f 2365 2361 2379 2374 2376 2369 2371 2363
f 2380 2362 2367 2364 2373 2370 2378 2375
g object_120
v 33.599998474121094 150.44999694824219 -50.400001525878906
v 33.599998474121094 161.39999389648438 -50.400001525878906
v 42 150.44999694824219 -50.400001525878906
v 42 161.39999389648438 -50.400001525878906
v 37.799999237060547 150.44999694824219 -50.400001525878906
v 42 155.92500305175781 -50.400001525878906
v 37.799999237060547 161.39999389648438 -50.400001525878906
v 33.599998474121094 155.92500305175781 -50.400001525878906
v 42 150.44999694824219 -58.799999237060547
v 42 161.39999389648438 -58.799999237060547
v 42 150.44999694824219 -54.599998474121094
v 42 155.92500305175781 -58.799999237060547
v 42 161.39999389648438 -54.599998474121094
v 33.599998474121094 150.44999694824219 -58.799999237060547
v 33.599998474121094 161.39999389648438 -58.799999237060547
v 37.799999237060547 150.44999694824219 -58.799999237060547
v 33.599998474121094 155.92500305175781 -58.799999237060547
v 37.799999237060547 161.39999389648438 -58.799999237060547
v 33.599998474121094 150.44999694824219 -54.599998474121094
v 33.599998474121094 161.39999389648438 -54.599998474121094
f 2388 2381 2385 2383 2386 2384 2387 2382
f 2386 2383 2391 2389 2392 2390 2393 2384
f 2392 2389 2396 2394 2397 2395 2398 2390
f 2397 2394 2399 2381 2388 2382 2400 2395
f 2385 2381 2399 2394 2396 2389 2391 2383
f 2400 2382 2387 2384 2393 2390 2398 2395
g object_121
v 8.3999996185302734 19.049999237060547 -75.599998474121094
v 8.3999996185302734 30 -75.599998474121094
v 16.799999237060547 19.049999237060547 -75.599998474121094
v 16.799999237060547 30 -75.599998474121094
v 12.600000381469727 19.049999237060547 -75.599998474121094
v 16.799999237060547 24.524999618530273 -75.599998474121094
v 12.600000381469727 30 -75.599998474121094
v 8.3999996185302734 24.524999618530273 -75.599998474121094
v 16.799999237060547 19.049999237060547 -84
v 16.799999237060547 30 -84
v 16.799999237060547 19.049999237060547 -79.800003051757812
v 16.799999237060547 24.524999618530273 -84
v 16.799999237060547 30 -79.800003051757812
v 8.3999996185302734 19.049999237060547 -84
v 8.3999996185302734 30 -84
v 12.600000381469727 19.049999237060547 -84
v 8.3999996185302734 24.524999618530273 -84
v 12.600000381469727 30 -84
v 8.3999996185302734 19.049999237060547 -79.800003051757812
v 8.3999996185302734 30 -79.800003051757812
f 2408 2401 2405 2403 2406 2404 2407 2402
f 2406 2403 2411 2409 2412 2410 2413 2404
f 2412 2409 2416 2414 2417 2415 2418 2410
f 2417 2414 2419 2401 2408 2402 2420 2415
f 2405 2401 2419 2414 2416 2409 2411 2403
f 2420 2402 2407 2404 2413 2410 2418 2415
g object_122
v 16.799999237060547 19.049999237060547 -75.599998474121094
v 16.799999237060547 30 -75.599998474121094
v 25.200000762939453 19.049999237060547 -75.599998474121094
v 25.200000762939453 30 -75.599998474121094
v 21 19.049999237060547 -75.599998474121094
v 25.200000762939453 24.524999618530273 -75.599998474121094
v 21 30 -75.599998474121094
v 16.799999237060547 24.524999618530273 -75.599998474121094
v 25.200000762939453 19.049999237060547 -84
v 25.200000762939453 30 -84
v 25.200000762939453 19.049999237060547 -79.800003051757812
v 25.200000762939453 24.524999618530273 -84
v 25.200000762939453 30 -79.800003051757812
v 16.799999237060547 19.049999237060547 -84
v 16.799999237060547 30 -84
v 21 19.049999237060547 -84
v 16.799999237060547 24.524999618530273 -84
v 21 30 -84
v 16.799999237060547 19.049999237060547 -79.800003051757812
v 16.799999237060547 30 -79.800003051757812
f 2428 2421 2425 2423 2426 2424 2427 2422
f 2426 2423 2431 2429 2432 2430 2433 2424
f 2432 2429 2436 2434 2437 2435 2438 2430
f 2437 2434 2439 2421 2428 2422 2440 2435
f 2425 2421 2439 2434 2436 2429 2431 2423
f 2440 2422 2427 2424 2433 2430 2438 2435
g object_123
v 25.200000762939453 19.049999237060547 -75.599998474121094
v 25.200000762939453 30 -75.599998474121094
v 33.599998474121094 19.049999237060547 -75.599998474121094
v 33.599998474121094 30 -75.599998474121094
v 29.399999618530273 19.049999237060547 -75.599998474121094
v 33.599998474121094 24.524999618530273 -75.599998474121094
v 29.399999618530273 30 -75.599998474121094
v 25.200000762939453 24.524999618530273 -75.599998474121094
v 33.599998474121094 19.049999237060547 -84
v 33.599998474121094 30 -84
v 33.599998474121094 19.049999237060547 -79.800003051757812
v 33.599998474121094 24.524999618530273 -84
v 33.599998474121094 30 -79.800003051757812
v 25.200000762939453 19.049999237060547 -84
v 25.200000762939453 30 -84
v 29.399999618530273 19.049999237060547 -84
v 25.200000762939453 24.524999618530273 -84
v 29.399999618530273 30 -84
v 25.200000762939453 19.049999237060547 -79.800003051757812
v 25.200000762939453 30 -79.800003051757812
f 2448 2441 2445 2443 2446 2444 2447 2442
f 2446 2443 2451 2449 2452 2450 2453 2444
f 2452 2449 2456 2454 2457 2455 2458 2450
f 2457 2454 2459 2441 2448 2442 2460 2455
f 2445 2441 2459 2454 2456 2449 2451 2443
f 2460 2442 2447 2444 2453 2450 2458 2455
g object_124
v 33.599998474121094 19.049999237060547 -75.599998474121094
v 33.599998474121094 30 -75.599998474121094
v 42 19.049999237060547 -75.599998474121094
v 42 30 -75.599998474121094
v 37.799999237060547 19.049999237060547 -75.599998474121094
v 42 24.524999618530273 -75.599998474121094
v 37.799999237060547 30 -75.599998474121094
v 33.599998474121094 24.524999618530273 -75.599998474121094
v 42 19.049999237060547 -84
v 42 30 -84
v 42 19.049999237060547 -79.800003051757812
v 42 24.524999618530273 -84
v 42 30 -79.800003051757812
v 33.599998474121094 19.049999237060547 -84
v 33.599998474121094 30 -84
v 37.799999237060547 19.049999237060547 -84
v 33.599998474121094 24.524999618530273 -84
v 37.799999237060547 30 -84
v 33.599998474121094 19.049999237060547 -79.800003051757812
v 33.599998474121094 30 -79.800003051757812
f 2468 2461 2465 2463 2466 2464 2467 2462
f 2466 2463 2471 2469 2472 2470 2473 2464
f 2472 2469 2476 2474 2477 2475 2478 2470
f 2477 2474 2479 2461 2468 2462 2480 2475
f 2465 2461 2479 2474 2476 2469 2471 2463
f 2480 2462 2467 2464 2473 2470 2478 2475
g object_125
v 42 19.049999237060547 -75.599998474121094
v 42 30 -75.599998474121094
v 50.400001525878906 19.049999237060547 -75.599998474121094
v 50.400001525878906 30 -75.599998474121094
v 46.200000762939453 19.049999237060547 -75.599998474121094
v 50.400001525878906 24.524999618530273 -75.599998474121094
v 46.200000762939453 30 -75.599998474121094
v 42 24.524999618530273 -75.599998474121094
v 50.400001525878906 19.049999237060547 -84
v 50.400001525878906 30 -84
v 50.400001525878906 19.049999237060547 -79.800003051757812
v 50.400001525878906 24.524999618530273 -84
v 50.400001525878906 30 -79.800003051757812
v 42 19.049999237060547 -84
v 42 30 -84
v 46.200000762939453 19.049999237060547 -84
v 42 24.524999618530273 -84
v 46.200000762939453 30 -84
v 42 19.049999237060547 -79.800003051757812
v 42 30 -79.800003051757812
f 2488 2481 2485 2483 2486 2484 2487 2482
f 2486 2483 2491 2489 2492 2490 2493 2484
f 2492 2489 2496 2494 2497 2495 2498 2490
f 2497 2494 2499 2481 2488 2482 2500 2495
f 2485 2481 2499 2494 2496 2489 2491 2483
f 2500 2482 2487 2484 2493 2490 2498 2495
g object_126
v 8.3999996185302734 19.049999237060547 -67.199996948242188
v 8.3999996185302734 30 -67.199996948242188
v 16.799999237060547 19.049999237060547 -67.199996948242188
v 16.799999237060547 30 -67.199996948242188
v 12.600000381469727 19.049999237060547 -67.199996948242188
v 16.799999237060547 24.524999618530273 -67.199996948242188
v 12.600000381469727 30 -67.199996948242188
v 8.3999996185302734 24.524999618530273 -67.199996948242188
v 16.799999237060547 19.049999237060547 -75.599998474121094
v 16.799999237060547 30 -75.599998474121094
v 16.799999237060547 19.049999237060547 -71.400001525878906
v 16.799999237060547 24.524999618530273 -75.599998474121094
v 16.799999237060547 30 -71.400001525878906
v 8.3999996185302734 19.049999237060547 -75.599998474121094
v 8.3999996185302734 30 -75.599998474121094
v 12.600000381469727 19.049999237060547 -75.599998474121094
v 8.3999996185302734 24.524999618530273 -75.599998474121094
v 12.600000381469727 30 -75.599998474121094
v 8.3999996185302734 19.049999237060547 -71.400001525878906
v 8.3999996185302734 30 -71.400001525878906
f 2508 2501 2505 2503 2506 2504 2507 2502
f 2506 2503 2511 2509 2512 2510 2513 2504
f 2512 2509 2516 2514 2517 2515 2518 2510
f 2517 2514 2519 2501 2508 2502 2520 2515
f 2505 2501 2519 2514 2516 2509 2511 2503
f 2520 2502 2507 2504 2513 2510 2518 2515
g object_127
v 42 19.049999237060547 -67.199996948242188
v 42 30 -67.199996948242188
v 50.400001525878906 19.049999237060547 -67.199996948242188
v 50.400001525878906 30 -67.199996948242188
v 46.200000762939453 19.049999237060547 -67.199996948242188
v 50.400001525878906 24.524999618530273 -67.199996948242188
v 46.200000762939453 30 -67.199996948242188
v 42 24.524999618530273 -67.199996948242188
v 50.400001525878906 19.049999237060547 -75.599998474121094
v 50.400001525878906 30 -75.599998474121094
v 50.400001525878906 19.049999237060547 -71.400001525878906
v 50.400001525878906 24.524999618530273 -75.599998474121094
v 50.400001525878906 30 -71.400001525878906
v 42 19.049999237060547 -75.599998474121094
v 42 30 -75.599998474121094
v 46.200000762939453 19.049999237060547 -75.599998474121094
v 42 24.524999618530273 -75.599998474121094
v 46.200000762939453 30 -75.599998474121094
v 42 19.049999237060547 -71.400001525878906
v 42 30 -71.400001525878906
f 2528 2521 2525 2523 2526 2524 2527 2522
f 2526 2523 2531 2529 2532 2530 2533 2524
f 2532 2529 2536 2534 2537 2535 2538 2530
f 2537 2534 2539 2521 2528 2522 2540 2535
f 2525 2521 2539 2534 2536 2529 2531 2523
f 2540 2522 2527 2524 2533 2530 2538 2535
g object_128
v 42 19.049999237060547 -58.799999237060547
v 42 30 -58.799999237060547
v 50.400001525878906 19.049999237060547 -58.799999237060547
v 50.400001525878906 30 -58.799999237060547
v 46.200000762939453 19.049999237060547 -58.799999237060547
v 50.400001525878906 24.524999618530273 -58.799999237060547
v 46.200000762939453 30 -58.799999237060547
v 42 24.524999618530273 -58.799999237060547
v 50.400001525878906 19.049999237060547 -67.199996948242188
v 50.400001525878906 30 -67.199996948242188
v 50.400001525878906 19.049999237060547 -63
v 50.400001525878906 24.524999618530273 -67.199996948242188
v 50.400001525878906 30 -63
v 42 19.049999237060547 -67.199996948242188
v 42 30 -67.199996948242188
v 46.200000762939453 19.049999237060547 -67.199996948242188
v 42 24.524999618530273 -67.199996948242188
v 46.200000762939453 30 -67.199996948242188
v 42 19.049999237060547 -63
v 42 30 -63
f 2548 2541 2545 2543 2546 2544 2547 2542
f 2546 2543 2551 2549 2552 2550 2553 2544
f 2552 2549 2556 2554 2557 2555 2558 2550
f 2557 2554 2559 2541 2548 2542 2560 2555
f 2545 2541 2559 2554 2556 2549 2551 2543
f 2560 2542 2547 2544 2553 2550 2558 2555
g object_129
v 33.599998474121094 19.049999237060547 -67.199996948242188
v 33.599998474121094 30 -67.199996948242188
v 42 19.049999237060547 -67.199996948242188
v 42 30 -67.199996948242188
v 37.799999237060547 19.049999237060547 -67.199996948242188
v 42 24.524999618530273 -67.199996948242188
v 37.799999237060547 30 -67.199996948242188
v 33.599998474121094 24.524999618530273 -67.199996948242188
v 42 19.049999237060547 -75.599998474121094
v 42 30 -75.599998474121094
v 42 19.049999237060547 -71.400001525878906
v 42 24.524999618530273 -75.599998474121094
v 42 30 -71.400001525878906
v 33.599998474121094 19.049999237060547 -75.599998474121094
v 33.599998474121094 30 -75.599998474121094
v 37.799999237060547 19.049999237060547 -75.599998474121094
v 33.599998474121094 24.524999618530273 -75.599998474121094
v 37.799999237060547 30 -75.599998474121094
v 33.599998474121094 19.049999237060547 -71.400001525878906
v 33.599998474121094 30 -71.400001525878906
f 2567 2562 2568 2561 2565 2563 2566 2564
f 2566 2563 2571 2569 2572 2570 2573 2564
f 2572 2569 2576 2574 2577 2575 2578 2570
f 2577 2574 2579 2561 2568 2562 2580 2575
f 2565 2561 2579 2574 2576 2569 2571 2563
f 2580 2562 2567 2564 2573 2570 2578 2575
g object_130
v 16.799999237060547 19.049999237060547 -67.199996948242188
v 16.799999237060547 30 -67.199996948242188
v 25.200000762939453 19.049999237060547 -67.199996948242188
v 25.200000762939453 30 -67.199996948242188
v 21 19.049999237060547 -67.199996948242188
v 25.200000762939453 24.524999618530273 -67.199996948242188
v 21 30 -67.199996948242188
v 16.799999237060547 24.524999618530273 -67.199996948242188
v 25.200000762939453 19.049999237060547 -75.599998474121094
v 25.200000762939453 30 -75.599998474121094
v 25.200000762939453 19.049999237060547 -71.400001525878906
v 25.200000762939453 24.524999618530273 -75.599998474121094
v 25.200000762939453 30 -71.400001525878906
v 16.799999237060547 19.049999237060547 -75.599998474121094
v 16.799999237060547 30 -75.599998474121094
v 21 19.049999237060547 -75.599998474121094
v 16.799999237060547 24.524999618530273 -75.599998474121094
v 21 30 -75.599998474121094
v 16.799999237060547 19.049999237060547 -71.400001525878906
v 16.799999237060547 30 -71.400001525878906
f 2588 2581 2585 2583 2586 2584 2587 2582
f 2586 2583 2591 2589 2592 2590 2593 2584
f 2592 2589 2596 2594 2597 2595 2598 2590
f 2597 2594 2599 2581 2588 2582 2600 2595
f 2585 2581 2599 2594 2596 2589 2591 2583
f 2600 2582 2587 2584 2593 2590 2598 2595
g object_131
v 8.3999996185302734 19.049999237060547 -58.799999237060547
v 8.3999996185302734 30 -58.799999237060547
v 16.799999237060547 19.049999237060547 -58.799999237060547
v 16.799999237060547 30 -58.799999237060547
v 12.600000381469727 19.049999237060547 -58.799999237060547
v 16.799999237060547 24.524999618530273 -58.799999237060547
v 12.600000381469727 30 -58.799999237060547
v 8.3999996185302734 24.524999618530273 -58.799999237060547
v 16.799999237060547 19.049999237060547 -67.199996948242188
v 16.799999237060547 30 -67.199996948242188
v 16.799999237060547 19.049999237060547 -63
v 16.799999237060547 24.524999618530273 -67.199996948242188
v 16.799999237060547 30 -63
v 8.3999996185302734 19.049999237060547 -67.199996948242188
v 8.3999996185302734 30 -67.199996948242188
v 12.600000381469727 19.049999237060547 -67.199996948242188
v 8.3999996185302734 24.524999618530273 -67.199996948242188
v 12.600000381469727 30 -67.199996948242188
v 8.3999996185302734 19.049999237060547 -63
v 8.3999996185302734 30 -63
f 2608 2601 2605 2603 2606 2604 2607 2602
f 2606 2603 2611 2609 2612 2610 2613 2604
f 2612 2609 2616 2614 2617 2615 2618 2610
f 2617 2614 2619 2601 2608 2602 2620 2615
f 2605 2601 2619 2614 2616 2609 2611 2603
f 2620 2602 2607 2604 2613 2610 2618 2615
g object_132
v 50.400001525878906 19.049999237060547 -75.599998474121094
v 50.400001525878906 30 -75.599998474121094
v 58.799999237060547 19.049999237060547 -75.599998474121094
v 58.799999237060547 30 -75.599998474121094
v 54.599998474121094 19.049999237060547 -75.599998474121094
v 58.799999237060547 24.524999618530273 -75.599998474121094
v 54.599998474121094 30 -75.599998474121094
v 50.400001525878906 24.524999618530273 -75.599998474121094
v 58.799999237060547 19.049999237060547 -84
v 58.799999237060547 30 -84
v 58.799999237060547 19.049999237060547 -79.800003051757812
v 58.799999237060547 24.524999618530273 -84
v 58.799999237060547 30 -79.800003051757812
v 50.400001525878906 19.049999237060547 -84
v 50.400001525878906 30 -84
v 54.599998474121094 19.049999237060547 -84
v 50.400001525878906 24.524999618530273 -84
v 54.599998474121094 30 -84
v 50.400001525878906 19.049999237060547 -79.800003051757812
v 50.400001525878906 30 -79.800003051757812
f 2628 2621 2625 2623 2626 2624 2627 2622
f 2626 2623 2631 2629 2632 2630 2633 2624
f 2632 2629 2636 2634 2637 2635 2638 2630
f 2637 2634 2639 2621 2628 2622 2640 2635
f 2625 2621 2639 2634 2636 2629 2631 2623
f 2640 2622 2627 2624 2633 2630 2638 2635
g object_133
v 50.400001525878906 19.049999237060547 -67.199996948242188
v 50.400001525878906 30 -67.199996948242188
v 58.799999237060547 19.049999237060547 -67.199996948242188
v 58.799999237060547 30 -67.199996948242188
v 54.599998474121094 19.049999237060547 -67.199996948242188
v 58.799999237060547 24.524999618530273 -67.199996948242188
v 54.599998474121094 30 -67.199996948242188
v 50.400001525878906 24.524999618530273 -67.199996948242188
v 58.799999237060547 19.049999237060547 -75.599998474121094
v 58.799999237060547 30 -75.599998474121094
v 58.799999237060547 19.049999237060547 -71.400001525878906
v 58.799999237060547 24.524999618530273 -75.599998474121094
v 58.799999237060547 30 -71.400001525878906
v 50.400001525878906 19.049999237060547 -75.599998474121094
v 50.400001525878906 30 -75.599998474121094
v 54.599998474121094 19.049999237060547 -75.599998474121094
v 50.400001525878906 24.524999618530273 -75.599998474121094
v 54.599998474121094 30 -75.599998474121094
v 50.400001525878906 19.049999237060547 -71.400001525878906
v 50.400001525878906 30 -71.400001525878906
f 2648 2641 2645 2643 2646 2644 2647 2642
f 2646 2643 2651 2649 2652 2650 2653 2644
f 2652 2649 2656 2654 2657 2655 2658 2650
f 2657 2654 2659 2641 2648 2642 2660 2655
f 2645 2641 2659 2654 2656 2649 2651 2643
f 2660 2642 2647 2644 2653 2650 2658 2655
g object_134
v 50.400001525878906 19.049999237060547 -58.799999237060547
v 50.400001525878906 30 -58.799999237060547
v 58.799999237060547 19.049999237060547 -58.799999237060547
v 58.799999237060547 30 -58.799999237060547
v 54.599998474121094 19.049999237060547 -58.799999237060547
v 58.799999237060547 24.524999618530273 -58.799999237060547
v 54.599998474121094 30 -58.799999237060547
v 50.400001525878906 24.524999618530273 -58.799999237060547
v 58.799999237060547 19.049999237060547 -67.199996948242188
v 58.799999237060547 30 -67.199996948242188
v 58.799999237060547 19.049999237060547 -63
v 58.799999237060547 24.524999618530273 -67.199996948242188
v 58.799999237060547 30 -63
v 50.400001525878906 19.049999237060547 -67.199996948242188
v 50.400001525878906 30 -67.199996948242188
v 54.599998474121094 19.049999237060547 -67.199996948242188
v 50.400001525878906 24.524999618530273 -67.199996948242188
v 54.599998474121094 30 -67.199996948242188
v 50.400001525878906 19.049999237060547 -63
v 50.400001525878906 30 -63
f 2668 2661 2665 2663 2666 2664 2667 2662
f 2666 2663 2671 2669 2672 2670 2673 2664
f 2672 2669 2676 2674 2677 2675 2678 2670
f 2677 2674 2679 2661 2668 2662 2680 2675
f 2665 2661 2679 2674 2676 2669 2671 2663
f 2680 2662 2667 2664 2673 2670 2678 2675
g object_135
v 0 19.049999237060547 -75.599998474121094
v 0 30 -75.599998474121094
v 8.3999996185302734 19.049999237060547 -75.599998474121094
v 8.3999996185302734 30 -75.599998474121094
v 4.1999998092651367 19.049999237060547 -75.599998474121094
v 8.3999996185302734 24.524999618530273 -75.599998474121094
v 4.1999998092651367 30 -75.599998474121094
v 0 24.524999618530273 -75.599998474121094
v 8.3999996185302734 19.049999237060547 -84
v 8.3999996185302734 30 -84
v 8.3999996185302734 19.049999237060547 -79.800003051757812
v 8.3999996185302734 24.524999618530273 -84
v 8.3999996185302734 30 -79.800003051757812
v 0 19.049999237060547 -84
v 0 30 -84
v 4.1999998092651367 19.049999237060547 -84
v 0 24.524999618530273 -84
v 4.1999998092651367 30 -84
v 0 19.049999237060547 -79.800003051757812
v 0 30 -79.800003051757812
f 2688 2681 2685 2683 2686 2684 2687 2682
f 2686 2683 2691 2689 2692 2690 2693 2684
f 2692 2689 2696 2694 2697 2695 2698 2690
f 2697 2694 2699 2681 2688 2682 2700 2695
f 2685 2681 2699 2694 2696 2689 2691 2683
f 2700 2682 2687 2684 2693 2690 2698 2695
g object_136
v 0 19.049999237060547 -67.199996948242188
v 0 30 -67.199996948242188
v 8.3999996185302734 19.049999237060547 -67.199996948242188
v 8.3999996185302734 30 -67.199996948242188
v 4.1999998092651367 19.049999237060547 -67.199996948242188
v 8.3999996185302734 24.524999618530273 -67.199996948242188
v 4.1999998092651367 30 -67.199996948242188
v 0 24.524999618530273 -67.199996948242188
v 8.3999996185302734 19.049999237060547 -75.599998474121094
v 8.3999996185302734 30 -75.599998474121094
v 8.3999996185302734 19.049999237060547 -71.400001525878906
v 8.3999996185302734 24.524999618530273 -75.599998474121094
v 8.3999996185302734 30 -71.400001525878906
v 0 19.049999237060547 -75.599998474121094
v 0 30 -75.599998474121094
v 4.1999998092651367 19.049999237060547 -75.599998474121094
v 0 24.524999618530273 -75.599998474121094
v 4.1999998092651367 30 -75.599998474121094
v 0 19.049999237060547 -71.400001525878906
v 0 30 -71.400001525878906
f 2708 2701 2705 2703 2706 2704 2707 2702
f 2706 2703 2711 2709 2712 2710 2713 2704
f 2712 2709 2716 2714 2717 2715 2718 2710
f 2717 2714 2719 2701 2708 2702 2720 2715
f 2705 2701 2719 2714 2716 2709 2711 2703
f 2720 2702 2707 2704 2713 2710 2718 2715
g object_137
v 0 19.049999237060547 -58.799999237060547
v 0 30 -58.799999237060547
v 8.3999996185302734 19.049999237060547 -58.799999237060547
v 8.3999996185302734 30 -58.799999237060547
v 4.1999998092651367 19.049999237060547 -58.799999237060547
v 8.3999996185302734 24.524999618530273 -58.799999237060547
v 4.1999998092651367 30 -58.799999237060547
v 0 24.524999618530273 -58.799999237060547
v 8.3999996185302734 19.049999237060547 -67.199996948242188
v 8.3999996185302734 30 -67.199996948242188
v 8.3999996185302734 19.049999237060547 -63
v 8.3999996185302734 24.524999618530273 -67.199996948242188
v 8.3999996185302734 30 -63
v 0 19.049999237060547 -67.199996948242188
v 0 30 -67.199996948242188
v 4.1999998092651367 19.049999237060547 -67.199996948242188
v 0 24.524999618530273 -67.199996948242188
v 4.1999998092651367 30 -67.199996948242188
v 0 19.049999237060547 -63
v 0 30 -63
f 2728 2721 2725 2723 2726 2724 2727 2722
f 2726 2723 2731 2729 2732 2730 2733 2724
f 2732 2729 2736 2734 2737 2735 2738 2730
f 2737 2734 2739 2721 2728 2722 2740 2735
f 2725 2721 2739 2734 2736 2729 2731 2723
f 2740 2722 2727 2724 2733 2730 2738 2735
g object_138
v 16.799999237060547 30 -75.599998474121094
v 16.799999237060547 40.950000762939453 -75.599998474121094
v 25.200000762939453 30 -75.599998474121094
v 25.200000762939453 40.950000762939453 -75.599998474121094
v 21 30 -75.599998474121094
v 25.200000762939453 35.474998474121094 -75.599998474121094
v 21 40.950000762939453 -75.599998474121094
v 16.799999237060547 35.474998474121094 -75.599998474121094
v 25.200000762939453 30 -84
v 25.200000762939453 40.950000762939453 -84
v 25.200000762939453 30 -79.800003051757812
v 25.200000762939453 35.474998474121094 -84
v 25.200000762939453 40.950000762939453 -79.800003051757812
v 16.799999237060547 30 -84
v 16.799999237060547 40.950000762939453 -84
v 21 30 -84
v 16.799999237060547 35.474998474121094 -84
v 21 40.950000762939453 -84
v 16.799999237060547 30 -79.800003051757812
v 16.799999237060547 40.950000762939453 -79.800003051757812
f 2748 2741 2745 2743 2746 2744 2747 2742
f 2746 2743 2751 2749 2752 2750 2753 2744
f 2752 2749 2756 2754 2757 2755 2758 2750
f 2757 2754 2759 2741 2748 2742 2760 2755
f 2745 2741 2759 2754 2756 2749 2751 2743
f 2760 2742 2747 2744 2753 2750 2758 2755
g object_139
v 25.200000762939453 30 -75.599998474121094
v 25.200000762939453 40.950000762939453 -75.599998474121094
v 33.599998474121094 30 -75.599998474121094
v 33.599998474121094 40.950000762939453 -75.599998474121094
v 29.399999618530273 30 -75.599998474121094
v 33.599998474121094 35.474998474121094 -75.599998474121094
v 29.399999618530273 40.950000762939453 -75.599998474121094
v 25.200000762939453 35.474998474121094 -75.599998474121094
v 33.599998474121094 30 -84
v 33.599998474121094 40.950000762939453 -84
v 33.599998474121094 30 -79.800003051757812
v 33.599998474121094 35.474998474121094 -84
v 33.599998474121094 40.950000762939453 -79.800003051757812
v 25.200000762939453 30 -84
v 25.200000762939453 40.950000762939453 -84
v 29.399999618530273 30 -84
v 25.200000762939453 35.474998474121094 -84
v 29.399999618530273 40.950000762939453 -84
v 25.200000762939453 30 -79.800003051757812
v 25.200000762939453 40.950000762939453 -79.800003051757812
f 2768 2761 2765 2763 2766 2764 2767 2762
f 2766 2763 2771 2769 2772 2770 2773 2764
f 2772 2769 2776 2774 2777 2775 2778 2770
f 2777 2774 2779 2761 2768 2762 2780 2775
f 2765 2761 2779 2774 2776 2769 2771 2763
f 2780 2762 2767 2764 2773 2770 2778 2775
g object_140
v 33.599998474121094 30 -75.599998474121094
v 33.599998474121094 40.950000762939453 -75.599998474121094
v 42 30 -75.599998474121094
v 42 40.950000762939453 -75.599998474121094
v 37.799999237060547 30 -75.599998474121094
v 42 35.474998474121094 -75.599998474121094
v 37.799999237060547 40.950000762939453 -75.599998474121094
v 33.599998474121094 35.474998474121094 -75.599998474121094
v 42 30 -84
v 42 40.950000762939453 -84
v 42 30 -79.800003051757812
v 42 35.474998474121094 -84
v 42 40.950000762939453 -79.800003051757812
v 33.599998474121094 30 -84
v 33.599998474121094 40.950000762939453 -84
v 37.799999237060547 30 -84
v 33.599998474121094 35.474998474121094 -84
v 37.799999237060547 40.950000762939453 -84
v 33.599998474121094 30 -79.800003051757812
v 33.599998474121094 40.950000762939453 -79.800003051757812
f 2788 2781 2785 2783 2786 2784 2787 2782
f 2786 2783 2791 2789 2792 2790 2793 2784
f 2792 2789 2796 2794 2797 2795 2798 2790
f 2797 2794 2799 2781 2788 2782 2800 2795
f 2785 2781 2799 2794 2796 2789 2791 2783
f 2800 2782 2787 2784 2793 2790 2798 2795
g object_141
v 33.599998474121094 30 -67.199996948242188
v 33.599998474121094 40.950000762939453 -67.199996948242188
v 42 30 -67.199996948242188
v 42 40.950000762939453 -67.199996948242188
v 37.799999237060547 30 -67.199996948242188
v 42 35.474998474121094 -67.199996948242188
v 37.799999237060547 40.950000762939453 -67.199996948242188
v 33.599998474121094 35.474998474121094 -67.199996948242188
v 42 30 -75.599998474121094
v 42 40.950000762939453 -75.599998474121094
v 42 30 -71.400001525878906
v 42 35.474998474121094 -75.599998474121094
v 42 40.950000762939453 -71.400001525878906
v 33.599998474121094 30 -75.599998474121094
v 33.599998474121094 40.950000762939453 -75.599998474121094
v 37.799999237060547 30 -75.599998474121094
v 33.599998474121094 35.474998474121094 -75.599998474121094
v 37.799999237060547 40.950000762939453 -75.599998474121094
v 33.599998474121094 30 -71.400001525878906
v 33.599998474121094 40.950000762939453 -71.400001525878906
f 2808 2801 2805 2803 2806 2804 2807 2802
f 2806 2803 2811 2809 2812 2810 2813 2804
f 2812 2809 2816 2814 2817 2815 2818 2810
f 2817 2814 2819 2801 2808 2802 2820 2815
f 2805 2801 2819 2814 2816 2809 2811 2803
f 2820 2802 2807 2804 2813 2810 2818 2815
g object_142
v 16.799999237060547 30 -67.199996948242188
v 16.799999237060547 40.950000762939453 -67.199996948242188
v 25.200000762939453 30 -67.199996948242188
v 25.200000762939453 40.950000762939453 -67.199996948242188
v 21 30 -67.199996948242188
v 25.200000762939453 35.474998474121094 -67.199996948242188
v 21 40.950000762939453 -67.199996948242188
v 16.799999237060547 35.474998474121094 -67.199996948242188
v 25.200000762939453 30 -75.599998474121094
v 25.200000762939453 40.950000762939453 -75.599998474121094
v 25.200000762939453 30 -71.400001525878906
v 25.200000762939453 35.474998474121094 -75.599998474121094
v 25.200000762939453 40.950000762939453 -71.400001525878906
v 16.799999237060547 30 -75.599998474121094
v 16.799999237060547 40.950000762939453 -75.599998474121094
v 21 30 -75.599998474121094
v 16.799999237060547 35.474998474121094 -75.599998474121094
v 21 40.950000762939453 -75.599998474121094
v 16.799999237060547 30 -71.400001525878906
v 16.799999237060547 40.950000762939453 -71.400001525878906
f 2828 2821 2825 2823 2826 2824 2827 2822
f 2826 2823 2831 2829 2832 2830 2833 2824
f 2832 2829 2836 2834 2837 2835 2838 2830
f 2837 2834 2839 2821 2828 2822 2840 2835
f 2825 2821 2839 2834 2836 2829 2831 2823
f 2840 2822 2827 2824 2833 2830 2838 2835
g object_143
v 16.799999237060547 40.950000762939453 -75.599998474121094
v 16.799999237060547 51.900001525878906 -75.599998474121094
v 25.200000762939453 40.950000762939453 -75.599998474121094
v 25.200000762939453 51.900001525878906 -75.599998474121094
v 21 40.950000762939453 -75.599998474121094
v 25.200000762939453 46.424999237060547 -75.599998474121094
v 21 51.900001525878906 -75.599998474121094
v 16.799999237060547 46.424999237060547 -75.599998474121094
v 25.200000762939453 40.950000762939453 -84
v 25.200000762939453 51.900001525878906 -84
v 25.200000762939453 40.950000762939453 -79.800003051757812
v 25.200000762939453 46.424999237060547 -84
v 25.200000762939453 51.900001525878906 -79.800003051757812
v 16.799999237060547 40.950000762939453 -84
v 16.799999237060547 51.900001525878906 -84
v 21 40.950000762939453 -84
v 16.799999237060547 46.424999237060547 -84
v 21 51.900001525878906 -84
v 16.799999237060547 40.950000762939453 -79.800003051757812
v 16.799999237060547 51.900001525878906 -79.800003051757812
f 2848 2841 2845 2843 2846 2844 2847 2842
f 2846 2843 2851 2849 2852 2850 2853 2844
f 2852 2849 2856 2854 2857 2855 2858 2850
f 2857 2854 2859 2841 2848 2842 2860 2855
f 2845 2841 2859 2854 2856 2849 2851 2843
f 2860 2842 2847 2844 2853 2850 2858 2855
g object_144
v 25.200000762939453 40.950000762939453 -75.599998474121094
v 25.200000762939453 51.900001525878906 -75.599998474121094
v 33.599998474121094 40.950000762939453 -75.599998474121094
v 33.599998474121094 51.900001525878906 -75.599998474121094
v 29.399999618530273 40.950000762939453 -75.599998474121094
v 33.599998474121094 46.424999237060547 -75.599998474121094
v 29.399999618530273 51.900001525878906 -75.599998474121094
v 25.200000762939453 46.424999237060547 -75.599998474121094
v 33.599998474121094 40.950000762939453 -84
v 33.599998474121094 51.900001525878906 -84
v 33.599998474121094 40.950000762939453 -79.800003051757812
v 33.599998474121094 46.424999237060547 -84
v 33.599998474121094 51.900001525878906 -79.800003051757812
v 25.200000762939453 40.950000762939453 -84
v 25.200000762939453 51.900001525878906 -84
v 29.399999618530273 40.950000762939453 -84
v 25.200000762939453 46.424999237060547 -84
v 29.399999618530273 51.900001525878906 -84
v 25.200000762939453 40.950000762939453 -79.800003051757812
v 25.200000762939453 51.900001525878906 -79.800003051757812
f 2868 2861 2865 2863 2866 2864 2867 2862
f 2866 2863 2871 2869 2872 2870 2873 2864
f 2872 2869 2876 2874 2877 2875 2878 2870
f 2877 2874 2879 2861 2868 2862 2880 2875
f 2865 2861 2879 2874 2876 2869 2871 2863
f 2880 2862 2867 2864 2873 2870 2878 2875
g object_145
v 33.599998474121094 40.950000762939453 -75.599998474121094
v 33.599998474121094 51.900001525878906 -75.599998474121094
v 42 40.950000762939453 -75.599998474121094
v 42 51.900001525878906 -75.599998474121094
v 37.799999237060547 40.950000762939453 -75.599998474121094
v 42 46.424999237060547 -75.599998474121094
v 37.799999237060547 51.900001525878906 -75.599998474121094
v 33.599998474121094 46.424999237060547 -75.599998474121094
v 42 40.950000762939453 -84
v 42 51.900001525878906 -84
v 42 40.950000762939453 -79.800003051757812
v 42 46.424999237060547 -84
v 42 51.900001525878906 -79.800003051757812
v 33.599998474121094 40.950000762939453 -84
v 33.599998474121094 51.900001525878906 -84
v 37.799999237060547 40.950000762939453 -84
v 33.599998474121094 46.424999237060547 -84
v 37.799999237060547 51.900001525878906 -84
v 33.599998474121094 40.950000762939453 -79.800003051757812
v 33.599998474121094 51.900001525878906 -79.800003051757812
f 2888 2881 2885 2883 2886 2884 2887 2882
f 2886 2883 2891 2889 2892 2890 2893 2884
f 2892 2889 2896 2894 2897 2895 2898 2890
f 2897 2894 2899 2881 2888 2882 2900 2895
f 2885 2881 2899 2894 2896 2889 2891 2883
f 2900 2882 2887 2884 2893 2890 2898 2895
g object_146
v 33.599998474121094 40.950000762939453 -67.199996948242188
v 33.599998474121094 51.900001525878906 -67.199996948242188
v 42 40.950000762939453 -67.199996948242188
v 42 51.900001525878906 -67.199996948242188
v 37.799999237060547 40.950000762939453 -67.199996948242188
v 42 46.424999237060547 -67.199996948242188
v 37.799999237060547 51.900001525878906 -67.199996948242188
v 33.599998474121094 46.424999237060547 -67.199996948242188
v 42 40.950000762939453 -75.599998474121094
v 42 51.900001525878906 -75.599998474121094
v 42 40.950000762939453 -71.400001525878906
v 42 46.424999237060547 -75.599998474121094
v 42 51.900001525878906 -71.400001525878906
v 33.599998474121094 40.950000762939453 -75.599998474121094
v 33.599998474121094 51.900001525878906 -75.599998474121094
v 37.799999237060547 40.950000762939453 -75.599998474121094
v 33.599998474121094 46.424999237060547 -75.599998474121094
v 37.799999237060547 51.900001525878906 -75.599998474121094
v 33.599998474121094 40.950000762939453 -71.400001525878906
v 33.599998474121094 51.900001525878906 -71.400001525878906
f 2908 2901 2905 2903 2906 2904 2907 2902
f 2906 2903 2911 2909 2912 2910 2913 2904
f 2912 2909 2916 2914 2917 2915 2918 2910
f 2917 2914 2919 2901 2908 2902 2920 2915
f 2905 2901 2919 2914 2916 2909 2911 2903
f 2920 2902 2907 2904 2913 2910 2918 2915
g object_147
v 16.799999237060547 40.950000762939453 -67.199996948242188
v 16.799999237060547 51.900001525878906 -67.199996948242188
v 25.200000762939453 40.950000762939453 -67.199996948242188
v 25.200000762939453 51.900001525878906 -67.199996948242188
v 21 40.950000762939453 -67.199996948242188
v 25.200000762939453 46.424999237060547 -67.199996948242188
v 21 51.900001525878906 -67.199996948242188
v 16.799999237060547 46.424999237060547 -67.199996948242188
v 25.200000762939453 40.950000762939453 -75.599998474121094
v 25.200000762939453 51.900001525878906 -75.599998474121094
v 25.200000762939453 40.950000762939453 -71.400001525878906
v 25.200000762939453 46.424999237060547 -75.599998474121094
v 25.200000762939453 51.900001525878906 -71.400001525878906
v 16.799999237060547 40.950000762939453 -75.599998474121094
v 16.799999237060547 51.900001525878906 -75.599998474121094
v 21 40.950000762939453 -75.599998474121094
v 16.799999237060547 46.424999237060547 -75.599998474121094
v 21 51.900001525878906 -75.599998474121094
v 16.799999237060547 40.950000762939453 -71.400001525878906
v 16.799999237060547 51.900001525878906 -71.400001525878906
f 2928 2921 2925 2923 2926 2924 2927 2922
f 2926 2923 2931 2929 2932 2930 2933 2924
f 2932 2929 2936 2934 2937 2935 2938 2930
f 2937 2934 2939 2921 2928 2922 2940 2935
f 2925 2921 2939 2934 2936 2929 2931 2923
f 2940 2922 2927 2924 2933 2930 2938 2935
g object_148
v 33.599998474121094 117.59999847412109 -50.400001525878906
v 33.599998474121094 128.55000305175781 -50.400001525878906
v 42 117.59999847412109 -50.400001525878906
v 42 128.55000305175781 -50.400001525878906
v 37.799999237060547 117.59999847412109 -50.400001525878906
v 42 123.07499694824219 -50.400001525878906
v 37.799999237060547 128.55000305175781 -50.400001525878906
v 33.599998474121094 123.07499694824219 -50.400001525878906
v 42 117.59999847412109 -58.799999237060547
v 42 128.55000305175781 -58.799999237060547
v 42 117.59999847412109 -54.599998474121094
v 42 123.07499694824219 -58.799999237060547
v 42 128.55000305175781 -54.599998474121094
v 33.599998474121094 117.59999847412109 -58.799999237060547
v 33.599998474121094 128.55000305175781 -58.799999237060547
v 37.799999237060547 117.59999847412109 -58.799999237060547
v 33.599998474121094 123.07499694824219 -58.799999237060547
v 37.799999237060547 128.55000305175781 -58.799999237060547
v 33.599998474121094 117.59999847412109 -54.599998474121094
v 33.599998474121094 128.55000305175781 -54.599998474121094
f 2948 2941 2945 2943 2946 2944 2947 2942
f 2953 2944 2946 2943 2951 2949 2952 2950
f 2952 2949 2956 2954 2957 2955 2958 2950
f 2960 2955 2957 2954 2959 2941 2948 2942
f 2945 2941 2959 2954 2956 2949 2951 2943
f 2960 2942 2947 2944 2953 2950 2958 2955
g object_149
v 25.200000762939453 117.59999847412109 -50.400001525878906
v 25.200000762939453 128.55000305175781 -50.400001525878906
v 33.599998474121094 117.59999847412109 -50.400001525878906
v 33.599998474121094 128.55000305175781 -50.400001525878906
v 29.399999618530273 117.59999847412109 -50.400001525878906
v 33.599998474121094 123.07499694824219 -50.400001525878906
v 29.399999618530273 128.55000305175781 -50.400001525878906
v 25.200000762939453 123.07499694824219 -50.400001525878906
v 33.599998474121094 117.59999847412109 -58.799999237060547
v 33.599998474121094 128.55000305175781 -58.799999237060547
v 33.599998474121094 117.59999847412109 -54.599998474121094
v 33.599998474121094 123.07499694824219 -58.799999237060547
v 33.599998474121094 128.55000305175781 -54.599998474121094
v 25.200000762939453 117.59999847412109 -58.799999237060547
v 25.200000762939453 128.55000305175781 -58.799999237060547
v 29.399999618530273 117.59999847412109 -58.799999237060547
v 25.200000762939453 123.07499694824219 -58.799999237060547
v 29.399999618530273 128.55000305175781 -58.799999237060547
v 25.200000762939453 117.59999847412109 -54.599998474121094
v 25.200000762939453 128.55000305175781 -54.599998474121094
f 2968 2961 2965 2963 2966 2964 2967 2962
f 2973 2964 2966 2963 2971 2969 2972 2970
f 2972 2969 2976 2974 2977 2975 2978 2970
f 2980 2975 2977 2974 2979 2961 2968 2962
f 2965 2961 2979 2974 2976 2969 2971 2963
f 2980 2962 2967 2964 2973 2970 2978 2975
g object_150
v 16.799999237060547 117.59999847412109 -50.400001525878906
v 16.799999237060547 128.55000305175781 -50.400001525878906
v 25.200000762939453 117.59999847412109 -50.400001525878906
v 25.200000762939453 128.55000305175781 -50.400001525878906
v 21 117.59999847412109 -50.400001525878906
v 25.200000762939453 123.07499694824219 -50.400001525878906
v 21 128.55000305175781 -50.400001525878906
v 16.799999237060547 123.07499694824219 -50.400001525878906
v 25.200000762939453 117.59999847412109 -58.799999237060547
v 25.200000762939453 128.55000305175781 -58.799999237060547
v 25.200000762939453 117.59999847412109 -54.599998474121094
v 25.200000762939453 123.07499694824219 -58.799999237060547
v 25.200000762939453 128.55000305175781 -54.599998474121094
v 16.799999237060547 117.59999847412109 -58.799999237060547
v 16.799999237060547 128.55000305175781 -58.799999237060547
v 21 117.59999847412109 -58.799999237060547
v 16.799999237060547 123.07499694824219 -58.799999237060547
v 21 128.55000305175781 -58.799999237060547
v 16.799999237060547 117.59999847412109 -54.599998474121094
v 16.799999237060547 128.55000305175781 -54.599998474121094
f 2988 2981 2985 2983 2986 2984 2987 2982
f 2993 2984 2986 2983 2991 2989 2992 2990
f 2992 2989 2996 2994 2997 2995 2998 2990
f 3000 2995 2997 2994 2999 2981 2988 2982
f 2985 2981 2999 2994 2996 2989 2991 2983
f 3000 2982 2987 2984 2993 2990 2998 2995
g object_151
v 42 117.59999847412109 -50.400001525878906
v 42 128.55000305175781 -50.400001525878906
v 42 117.59999847412109 -42
v 42 128.55000305175781 -42
v 42 117.59999847412109 -46.200000762939453
v 42 123.07499694824219 -42
v 42 128.55000305175781 -46.200000762939453
v 42 123.07499694824219 -50.400001525878906
v 50.400001525878906 117.59999847412109 -42
v 50.400001525878906 128.55000305175781 -42
v 46.200000762939453 117.59999847412109 -42
v 50.400001525878906 123.07499694824219 -42
v 46.200000762939453 128.55000305175781 -42
v 50.400001525878906 117.59999847412109 -50.400001525878906
v 50.400001525878906 128.55000305175781 -50.400001525878906
v 50.400001525878906 117.59999847412109 -46.200000762939453
v 50.400001525878906 123.07499694824219 -50.400001525878906
v 50.400001525878906 128.55000305175781 -46.200000762939453
v 46.200000762939453 117.59999847412109 -50.400001525878906
v 46.200000762939453 128.55000305175781 -50.400001525878906
f 3007 3002 3008 3001 3005 3003 3006 3004
f 3006 3003 3011 3009 3012 3010 3013 3004
f 3018 3010 3012 3009 3016 3014 3017 3015
f 3017 3014 3019 3001 3008 3002 3020 3015
f 3019 3014 3016 3009 3011 3003 3005 3001
f 3018 3015 3020 3002 3007 3004 3013 3010
g object_152
v 8.3999996185302734 117.59999847412109 -50.400001525878906
v 8.3999996185302734 128.55000305175781 -50.400001525878906
v 8.3999996185302734 117.59999847412109 -42
v 8.3999996185302734 128.55000305175781 -42
v 8.3999996185302734 117.59999847412109 -46.200000762939453
v 8.3999996185302734 123.07499694824219 -42
v 8.3999996185302734 128.55000305175781 -46.200000762939453
v 8.3999996185302734 123.07499694824219 -50.400001525878906
v 16.799999237060547 117.59999847412109 -42
v 16.799999237060547 128.55000305175781 -42
v 12.600000381469727 117.59999847412109 -42
v 16.799999237060547 123.07499694824219 -42
v 12.600000381469727 128.55000305175781 -42
v 16.799999237060547 117.59999847412109 -50.400001525878906
v 16.799999237060547 128.55000305175781 -50.400001525878906
v 16.799999237060547 117.59999847412109 -46.200000762939453
v 16.799999237060547 123.07499694824219 -50.400001525878906
v 16.799999237060547 128.55000305175781 -46.200000762939453
v 12.600000381469727 117.59999847412109 -50.400001525878906
v 12.600000381469727 128.55000305175781 -50.400001525878906
f 3027 3022 3028 3021 3025 3023 3026 3024
f 3026 3023 3031 3029 3032 3030 3033 3024
f 3038 3030 3032 3029 3036 3034 3037 3035
f 3037 3034 3039 3021 3028 3022 3040 3035
f 3039 3034 3036 3029 3031 3023 3025 3021
f 3038 3035 3040 3022 3027 3024 3033 3030
g object_153
v 42 117.59999847412109 -42
v 42 128.55000305175781 -42
v 42 117.59999847412109 -33.599998474121094
v 42 128.55000305175781 -33.599998474121094
v 42 117.59999847412109 -37.799999237060547
v 42 123.07499694824219 -33.599998474121094
v 42 128.55000305175781 -37.799999237060547
v 42 123.07499694824219 -42
v 50.400001525878906 117.59999847412109 -33.599998474121094
v 50.400001525878906 128.55000305175781 -33.599998474121094
v 46.200000762939453 117.59999847412109 -33.599998474121094
v 50.400001525878906 123.07499694824219 -33.599998474121094
v 46.200000762939453 128.55000305175781 -33.599998474121094
v 50.400001525878906 117.59999847412109 -42
v 50.400001525878906 128.55000305175781 -42
v 50.400001525878906 117.59999847412109 -37.799999237060547
v 50.400001525878906 123.07499694824219 -42
v 50.400001525878906 128.55000305175781 -37.799999237060547
v 46.200000762939453 117.59999847412109 -42
v 46.200000762939453 128.55000305175781 -42
f 3046 3044 3047 3042 3048 3041 3045 3043
f 3046 3043 3051 3049 3052 3050 3053 3044
f 3058 3050 3052 3049 3056 3054 3057 3055
f 3057 3054 3059 3041 3048 3042 3060 3055
f 3059 3054 3056 3049 3051 3043 3045 3041
f 3058 3055 3060 3042 3047 3044 3053 3050
g object_154
v 33.599998474121094 117.59999847412109 -42
v 33.599998474121094 128.55000305175781 -42
v 33.599998474121094 117.59999847412109 -33.599998474121094
v 33.599998474121094 128.55000305175781 -33.599998474121094
v 33.599998474121094 117.59999847412109 -37.799999237060547
v 33.599998474121094 123.07499694824219 -33.599998474121094
v 33.599998474121094 128.55000305175781 -37.799999237060547
v 33.599998474121094 123.07499694824219 -42
v 42 117.59999847412109 -33.599998474121094
v 42 128.55000305175781 -33.599998474121094
v 37.799999237060547 117.59999847412109 -33.599998474121094
v 42 123.07499694824219 -33.599998474121094
v 37.799999237060547 128.55000305175781 -33.599998474121094
v 42 117.59999847412109 -42
v 42 128.55000305175781 -42
v 42 117.59999847412109 -37.799999237060547
v 42 123.07499694824219 -42
v 42 128.55000305175781 -37.799999237060547
v 37.799999237060547 117.59999847412109 -42
v 37.799999237060547 128.55000305175781 -42
f 3066 3064 3067 3062 3068 3061 3065 3063
f 3066 3063 3071 3069 3072 3070 3073 3064
f 3078 3070 3072 3069 3076 3074 3077 3075
f 3077 3074 3079 3061 3068 3062 3080 3075
f 3079 3074 3076 3069 3071 3063 3065 3061
f 3078 3075 3080 3062 3067 3064 3073 3070
g object_155
v 25.200000762939453 117.59999847412109 -42
v 25.200000762939453 128.55000305175781 -42
v 25.200000762939453 117.59999847412109 -33.599998474121094
v 25.200000762939453 128.55000305175781 -33.599998474121094
v 25.200000762939453 117.59999847412109 -37.799999237060547
v 25.200000762939453 123.07499694824219 -33.599998474121094
v 25.200000762939453 128.55000305175781 -37.799999237060547
v 25.200000762939453 123.07499694824219 -42
v 33.599998474121094 117.59999847412109 -33.599998474121094
v 33.599998474121094 128.55000305175781 -33.599998474121094
v 29.399999618530273 117.59999847412109 -33.599998474121094
v 33.599998474121094 123.07499694824219 -33.599998474121094
v 29.399999618530273 128.55000305175781 -33.599998474121094
v 33.599998474121094 117.59999847412109 -42
v 33.599998474121094 128.55000305175781 -42
v 33.599998474121094 117.59999847412109 -37.799999237060547
v 33.599998474121094 123.07499694824219 -42
v 33.599998474121094 128.55000305175781 -37.799999237060547
v 29.399999618530273 117.59999847412109 -42
v 29.399999618530273 128.55000305175781 -42
f 3086 3084 3087 3082 3088 3081 3085 3083
f 3086 3083 3091 3089 3092 3090 3093 3084
f 3098 3090 3092 3089 3096 3094 3097 3095
f 3097 3094 3099 3081 3088 3082 3100 3095
f 3099 3094 3096 3089 3091 3083 3085 3081
f 3098 3095 3100 3082 3087 3084 3093 3090
g object_156
v 16.799999237060547 117.59999847412109 -42
v 16.799999237060547 128.55000305175781 -42
v 16.799999237060547 117.59999847412109 -33.599998474121094
v 16.799999237060547 128.55000305175781 -33.599998474121094
v 16.799999237060547 117.59999847412109 -37.799999237060547
v 16.799999237060547 123.07499694824219 -33.599998474121094
v 16.799999237060547 128.55000305175781 -37.799999237060547
v 16.799999237060547 123.07499694824219 -42
v 25.200000762939453 117.59999847412109 -33.599998474121094
v 25.200000762939453 128.55000305175781 -33.599998474121094
v 21 117.59999847412109 -33.599998474121094
v 25.200000762939453 123.07499694824219 -33.599998474121094
v 21 128.55000305175781 -33.599998474121094
v 25.200000762939453 117.59999847412109 -42
v 25.200000762939453 128.55000305175781 -42
v 25.200000762939453 117.59999847412109 -37.799999237060547
v 25.200000762939453 123.07499694824219 -42
v 25.200000762939453 128.55000305175781 -37.799999237060547
v 21 117.59999847412109 -42
v 21 128.55000305175781 -42
f 3106 3104 3107 3102 3108 3101 3105 3103
f 3106 3103 3111 3109 3112 3110 3113 3104
f 3118 3110 3112 3109 3116 3114 3117 3115
f 3117 3114 3119 3101 3108 3102 3120 3115
f 3119 3114 3116 3109 3111 3103 3105 3101
f 3118 3115 3120 3102 3107 3104 3113 3110
g object_157
v 8.3999996185302734 117.59999847412109 -42
v 8.3999996185302734 128.55000305175781 -42
v 8.3999996185302734 117.59999847412109 -33.599998474121094
v 8.3999996185302734 128.55000305175781 -33.599998474121094
v 8.3999996185302734 117.59999847412109 -37.799999237060547
v 8.3999996185302734 123.07499694824219 -33.599998474121094
v 8.3999996185302734 128.55000305175781 -37.799999237060547
v 8.3999996185302734 123.07499694824219 -42
v 16.799999237060547 117.59999847412109 -33.599998474121094
v 16.799999237060547 128.55000305175781 -33.599998474121094
v 12.600000381469727 117.59999847412109 -33.599998474121094
v 16.799999237060547 123.07499694824219 -33.599998474121094
v 12.600000381469727 128.55000305175781 -33.599998474121094
v 16.799999237060547 117.59999847412109 -42
v 16.799999237060547 128.55000305175781 -42
v 16.799999237060547 117.59999847412109 -37.799999237060547
v 16.799999237060547 123.07499694824219 -42
v 16.799999237060547 128.55000305175781 -37.799999237060547
v 12.600000381469727 117.59999847412109 -42
v 12.600000381469727 128.55000305175781 -42
f 3126 3124 3127 3122 3128 3121 3125 3123
f 3126 3123 3131 3129 3132 3130 3133 3124
f 3138 3130 3132 3129 3136 3134 3137 3135
f 3137 3134 3139 3121 3128 3122 3140 3135
f 3139 3134 3136 3129 3131 3123 3125 3121
f 3138 3135 3140 3122 3127 3124 3133 3130
g object_158
v 42 117.59999847412109 -33.599998474121094
v 42 128.55000305175781 -33.599998474121094
v 42 117.59999847412109 -25.200000762939453
v 42 128.55000305175781 -25.200000762939453
v 42 117.59999847412109 -29.399999618530273
v 42 123.07499694824219 -25.200000762939453
v 42 128.55000305175781 -29.399999618530273
v 42 123.07499694824219 -33.599998474121094
v 50.400001525878906 117.59999847412109 -25.200000762939453
v 50.400001525878906 128.55000305175781 -25.200000762939453
v 46.200000762939453 117.59999847412109 -25.200000762939453
v 50.400001525878906 123.07499694824219 -25.200000762939453
v 46.200000762939453 128.55000305175781 -25.200000762939453
v 50.400001525878906 117.59999847412109 -33.599998474121094
v 50.400001525878906 128.55000305175781 -33.599998474121094
v 50.400001525878906 117.59999847412109 -29.399999618530273
v 50.400001525878906 123.07499694824219 -33.599998474121094
v 50.400001525878906 128.55000305175781 -29.399999618530273
v 46.200000762939453 117.59999847412109 -33.599998474121094
v 46.200000762939453 128.55000305175781 -33.599998474121094
f 3147 3142 3148 3141 3145 3143 3146 3144
f 3146 3143 3151 3149 3152 3150 3153 3144
f 3158 3150 3152 3149 3156 3154 3157 3155
f 3157 3154 3159 3141 3148 3142 3160 3155
f 3159 3154 3156 3149 3151 3143 3145 3141
f 3158 3155 3160 3142 3147 3144 3153 3150
g object_159
v 33.599998474121094 117.59999847412109 -33.599998474121094
v 33.599998474121094 128.55000305175781 -33.599998474121094
v 33.599998474121094 117.59999847412109 -25.200000762939453
v 33.599998474121094 128.55000305175781 -25.200000762939453
v 33.599998474121094 117.59999847412109 -29.399999618530273
v 33.599998474121094 123.07499694824219 -25.200000762939453
v 33.599998474121094 128.55000305175781 -29.399999618530273
v 33.599998474121094 123.07499694824219 -33.599998474121094
v 42 117.59999847412109 -25.200000762939453
v 42 128.55000305175781 -25.200000762939453
v 37.799999237060547 117.59999847412109 -25.200000762939453
v 42 123.07499694824219 -25.200000762939453
v 37.799999237060547 128.55000305175781 -25.200000762939453
v 42 117.59999847412109 -33.599998474121094
v 42 128.55000305175781 -33.599998474121094
v 42 117.59999847412109 -29.399999618530273
v 42 123.07499694824219 -33.599998474121094
v 42 128.55000305175781 -29.399999618530273
v 37.799999237060547 117.59999847412109 -33.599998474121094
v 37.799999237060547 128.55000305175781 -33.599998474121094
f 3167 3162 3168 3161 3165 3163 3166 3164
f 3166 3163 3171 3169 3172 3170 3173 3164
f 3178 3170 3172 3169 3176 3174 3177 3175
f 3177 3174 3179 3161 3168 3162 3180 3175
f 3179 3174 3176 3169 3171 3163 3165 3161
f 3178 3175 3180 3162 3167 3164 3173 3170
g object_160
v 25.200000762939453 117.59999847412109 -33.599998474121094
v 25.200000762939453 128.55000305175781 -33.599998474121094
v 25.200000762939453 117.59999847412109 -25.200000762939453
v 25.200000762939453 128.55000305175781 -25.200000762939453
v 25.200000762939453 117.59999847412109 -29.399999618530273
v 25.200000762939453 123.07499694824219 -25.200000762939453
v 25.200000762939453 128.55000305175781 -29.399999618530273
v 25.200000762939453 123.07499694824219 -33.599998474121094
v 33.599998474121094 117.59999847412109 -25.200000762939453
v 33.599998474121094 128.55000305175781 -25.200000762939453
v 29.399999618530273 117.59999847412109 -25.200000762939453
v 33.599998474121094 123.07499694824219 -25.200000762939453
v 29.399999618530273 128.55000305175781 -25.200000762939453
v 33.599998474121094 117.59999847412109 -33.599998474121094
v 33.599998474121094 128.55000305175781 -33.599998474121094
v 33.599998474121094 117.59999847412109 -29.399999618530273
v 33.599998474121094 123.07499694824219 -33.599998474121094
v 33.599998474121094 128.55000305175781 -29.399999618530273
v 29.399999618530273 117.59999847412109 -33.599998474121094
v 29.399999618530273 128.55000305175781 -33.599998474121094
f 3187 3182 3188 3181 3185 3183 3186 3184
f 3186 3183 3191 3189 3192 3190 3193 3184
f 3198 3190 3192 3189 3196 3194 3197 3195
f 3197 3194 3199 3181 3188 3182 3200 3195
f 3199 3194 3196 3189 3191 3183 3185 3181
f 3198 3195 3200 3182 3187 3184 3193 3190
g object_161
v 16.799999237060547 117.59999847412109 -33.599998474121094
v 16.799999237060547 128.55000305175781 -33.599998474121094
v 16.799999237060547 117.59999847412109 -25.200000762939453
v 16.799999237060547 128.55000305175781 -25.200000762939453
v 16.799999237060547 117.59999847412109 -29.399999618530273
v 16.799999237060547 123.07499694824219 -25.200000762939453
v 16.799999237060547 128.55000305175781 -29.399999618530273
v 16.799999237060547 123.07499694824219 -33.599998474121094
v 25.200000762939453 117.59999847412109 -25.200000762939453
v 25.200000762939453 128.55000305175781 -25.200000762939453
v 21 117.59999847412109 -25.200000762939453
v 25.200000762939453 123.07499694824219 -25.200000762939453
v 21 128.55000305175781 -25.200000762939453
v 25.200000762939453 117.59999847412109 -33.599998474121094
v 25.200000762939453 128.55000305175781 -33.599998474121094
v 25.200000762939453 117.59999847412109 -29.399999618530273
v 25.200000762939453 123.07499694824219 -33.599998474121094
v 25.200000762939453 128.55000305175781 -29.399999618530273
v 21 117.59999847412109 -33.599998474121094
v 21 128.55000305175781 -33.599998474121094
f 3207 3202 3208 3201 3205 3203 3206 3204
f 3206 3203 3211 3209 3212 3210 3213 3204
f 3218 3210 3212 3209 3216 3214 3217 3215
f 3217 3214 3219 3201 3208 3202 3220 3215
f 3219 3214 3216 3209 3211 3203 3205 3201
f 3218 3215 3220 3202 3207 3204 3213 3210
g object_162
v 8.3999996185302734 117.59999847412109 -33.599998474121094
v 8.3999996185302734 128.55000305175781 -33.599998474121094
v 8.3999996185302734 117.59999847412109 -25.200000762939453
v 8.3999996185302734 128.55000305175781 -25.200000762939453
v 8.3999996185302734 117.59999847412109 -29.399999618530273
v 8.3999996185302734 123.07499694824219 -25.200000762939453
v 8.3999996185302734 128.55000305175781 -29.399999618530273
v 8.3999996185302734 123.07499694824219 -33.599998474121094
v 16.799999237060547 117.59999847412109 -25.200000762939453
v 16.799999237060547 128.55000305175781 -25.200000762939453
v 12.600000381469727 117.59999847412109 -25.200000762939453
v 16.799999237060547 123.07499694824219 -25.200000762939453
v 12.600000381469727 128.55000305175781 -25.200000762939453
v 16.799999237060547 117.59999847412109 -33.599998474121094
v 16.799999237060547 128.55000305175781 -33.599998474121094
v 16.799999237060547 117.59999847412109 -29.399999618530273
v 16.799999237060547 123.07499694824219 -33.599998474121094
v 16.799999237060547 128.55000305175781 -29.399999618530273
v 12.600000381469727 117.59999847412109 -33.599998474121094
v 12.600000381469727 128.55000305175781 -33.599998474121094
f 3227 3222 3228 3221 3225 3223 3226 3224
f 3226 3223 3231 3229 3232 3230 3233 3224
f 3238 3230 3232 3229 3236 3234 3237 3235
f 3237 3234 3239 3221 3228 3222 3240 3235
f 3239 3234 3236 3229 3231 3223 3225 3221
f 3238 3235 3240 3222 3227 3224 3233 3230
g object_163
v 33.599998474121094 95.699996948242188 -50.400001525878906
v 33.599998474121094 106.65000152587891 -50.400001525878906
v 42 95.699996948242188 -50.400001525878906
v 42 106.65000152587891 -50.400001525878906
v 37.799999237060547 95.699996948242188 -50.400001525878906
v 42 101.17500305175781 -50.400001525878906
v 37.799999237060547 106.65000152587891 -50.400001525878906
v 33.599998474121094 101.17500305175781 -50.400001525878906
v 42 95.699996948242188 -58.799999237060547
v 42 106.65000152587891 -58.799999237060547
v 42 95.699996948242188 -54.599998474121094
v 42 101.17500305175781 -58.799999237060547
v 42 106.65000152587891 -54.599998474121094
v 33.599998474121094 95.699996948242188 -58.799999237060547
v 33.599998474121094 106.65000152587891 -58.799999237060547
v 37.799999237060547 95.699996948242188 -58.799999237060547
v 33.599998474121094 101.17500305175781 -58.799999237060547
v 37.799999237060547 106.65000152587891 -58.799999237060547
v 33.599998474121094 95.699996948242188 -54.599998474121094
v 33.599998474121094 106.65000152587891 -54.599998474121094
f 3248 3241 3245 3243 3246 3244 3247 3242
f 3246 3243 3251 3249 3252 3250 3253 3244
f 3252 3249 3256 3254 3257 3255 3258 3250
f 3257 3254 3259 3241 3248 3242 3260 3255
f 3245 3241 3259 3254 3256 3249 3251 3243
f 3260 3242 3247 3244 3253 3250 3258 3255
g object_164
v 25.200000762939453 95.699996948242188 -50.400001525878906
v 25.200000762939453 106.65000152587891 -50.400001525878906
v 33.599998474121094 95.699996948242188 -50.400001525878906
v 33.599998474121094 106.65000152587891 -50.400001525878906
v 29.399999618530273 95.699996948242188 -50.400001525878906
v 33.599998474121094 101.17500305175781 -50.400001525878906
v 29.399999618530273 106.65000152587891 -50.400001525878906
v 25.200000762939453 101.17500305175781 -50.400001525878906
v 33.599998474121094 95.699996948242188 -58.799999237060547
v 33.599998474121094 106.65000152587891 -58.799999237060547
v 33.599998474121094 95.699996948242188 -54.599998474121094
v 33.599998474121094 101.17500305175781 -58.799999237060547
v 33.599998474121094 106.65000152587891 -54.599998474121094
v 25.200000762939453 95.699996948242188 -58.799999237060547
v 25.200000762939453 106.65000152587891 -58.799999237060547
v 29.399999618530273 95.699996948242188 -58.799999237060547
v 25.200000762939453 101.17500305175781 -58.799999237060547
v 29.399999618530273 106.65000152587891 -58.799999237060547
v 25.200000762939453 95.699996948242188 -54.599998474121094
v 25.200000762939453 106.65000152587891 -54.599998474121094
f 3268 3261 3265 3263 3266 3264 3267 3262
f 3266 3263 3271 3269 3272 3270 3273 3264
f 3272 3269 3276 3274 3277 3275 3278 3270
f 3277 3274 3279 3261 3268 3262 3280 3275
f 3265 3261 3279 3274 3276 3269 3271 3263
f 3280 3262 3267 3264 3273 3270 3278 3275
g object_165
v 16.799999237060547 95.699996948242188 -50.400001525878906
v 16.799999237060547 106.65000152587891 -50.400001525878906
v 25.200000762939453 95.699996948242188 -50.400001525878906
v 25.200000762939453 106.65000152587891 -50.400001525878906
v 21 95.699996948242188 -50.400001525878906
v 25.200000762939453 101.17500305175781 -50.400001525878906
v 21 106.65000152587891 -50.400001525878906
v 16.799999237060547 101.17500305175781 -50.400001525878906
v 25.200000762939453 95.699996948242188 -58.799999237060547
v 25.200000762939453 106.65000152587891 -58.799999237060547
v 25.200000762939453 95.699996948242188 -54.599998474121094
v 25.200000762939453 101.17500305175781 -58.799999237060547
v 25.200000762939453 106.65000152587891 -54.599998474121094
v 16.799999237060547 95.699996948242188 -58.799999237060547
v 16.799999237060547 106.65000152587891 -58.799999237060547
v 21 95.699996948242188 -58.799999237060547
v 16.799999237060547 101.17500305175781 -58.799999237060547
v 21 106.65000152587891 -58.799999237060547
v 16.799999237060547 95.699996948242188 -54.599998474121094
v 16.799999237060547 106.65000152587891 -54.599998474121094
f 3288 3281 3285 3283 3286 3284 3287 3282
f 3286 3283 3291 3289 3292 3290 3293 3284
f 3292 3289 3296 3294 3297 3295 3298 3290
f 3297 3294 3299 3281 3288 3282 3300 3295
f 3285 3281 3299 3294 3296 3289 3291 3283
f 3300 3282 3287 3284 3293 3290 3298 3295
g object_166
v 42 95.699996948242188 -50.400001525878906
v 42 106.65000152587891 -50.400001525878906
v 42 95.699996948242188 -42
v 42 106.65000152587891 -42
v 42 95.699996948242188 -46.200000762939453
v 42 101.17500305175781 -42
v 42 106.65000152587891 -46.200000762939453
v 42 101.17500305175781 -50.400001525878906
v 50.400001525878906 95.699996948242188 -42
v 50.400001525878906 106.65000152587891 -42
v 46.200000762939453 95.699996948242188 -42
v 50.400001525878906 101.17500305175781 -42
v 46.200000762939453 106.65000152587891 -42
v 50.400001525878906 95.699996948242188 -50.400001525878906
v 50.400001525878906 106.65000152587891 -50.400001525878906
v 50.400001525878906 95.699996948242188 -46.200000762939453
v 50.400001525878906 101.17500305175781 -50.400001525878906
v 50.400001525878906 106.65000152587891 -46.200000762939453
v 46.200000762939453 95.699996948242188 -50.400001525878906
v 46.200000762939453 106.65000152587891 -50.400001525878906
f 3308 3301 3305 3303 3306 3304 3307 3302
f 3306 3303 3311 3309 3312 3310 3313 3304
f 3312 3309 3316 3314 3317 3315 3318 3310
f 3317 3314 3319 3301 3308 3302 3320 3315
f 3319 3314 3316 3309 3311 3303 3305 3301
f 3318 3315 3320 3302 3307 3304 3313 3310
g object_167
v 8.3999996185302734 95.699996948242188 -50.400001525878906
v 8.3999996185302734 106.65000152587891 -50.400001525878906
v 8.3999996185302734 95.699996948242188 -42
v 8.3999996185302734 106.65000152587891 -42
v 8.3999996185302734 95.699996948242188 -46.200000762939453
v 8.3999996185302734 101.17500305175781 -42
v 8.3999996185302734 106.65000152587891 -46.200000762939453
v 8.3999996185302734 101.17500305175781 -50.400001525878906
v 16.799999237060547 95.699996948242188 -42
v 16.799999237060547 106.65000152587891 -42
v 12.600000381469727 95.699996948242188 -42
v 16.799999237060547 101.17500305175781 -42
v 12.600000381469727 106.65000152587891 -42
v 16.799999237060547 95.699996948242188 -50.400001525878906
v 16.799999237060547 106.65000152587891 -50.400001525878906
v 16.799999237060547 95.699996948242188 -46.200000762939453
v 16.799999237060547 101.17500305175781 -50.400001525878906
v 16.799999237060547 106.65000152587891 -46.200000762939453
v 12.600000381469727 95.699996948242188 -50.400001525878906
v 12.600000381469727 106.65000152587891 -50.400001525878906
f 3328 3321 3325 3323 3326 3324 3327 3322
f 3326 3323 3331 3329 3332 3330 3333 3324
f 3332 3329 3336 3334 3337 3335 3338 3330
f 3337 3334 3339 3321 3328 3322 3340 3335
f 3339 3334 3336 3329 3331 3323 3325 3321
f 3338 3335 3340 3322 3327 3324 3333 3330
g object_168
v 42 95.699996948242188 -42
v 42 106.65000152587891 -42
v 42 95.699996948242188 -33.599998474121094
v 42 106.65000152587891 -33.599998474121094
v 42 95.699996948242188 -37.799999237060547
v 42 101.17500305175781 -33.599998474121094
v 42 106.65000152587891 -37.799999237060547
v 42 101.17500305175781 -42
v 50.400001525878906 95.699996948242188 -33.599998474121094
v 50.400001525878906 106.65000152587891 -33.599998474121094
v 46.200000762939453 95.699996948242188 -33.599998474121094
v 50.400001525878906 101.17500305175781 -33.599998474121094
v 46.200000762939453 106.65000152587891 -33.599998474121094
v 50.400001525878906 95.699996948242188 -42
v 50.400001525878906 106.65000152587891 -42
v 50.400001525878906 95.699996948242188 -37.799999237060547
v 50.400001525878906 101.17500305175781 -42
v 50.400001525878906 106.65000152587891 -37.799999237060547
v 46.200000762939453 95.699996948242188 -42
v 46.200000762939453 106.65000152587891 -42
f 3348 3341 3345 3343 3346 3344 3347 3342
f 3346 3343 3351 3349 3352 3350 3353 3344
f 3352 3349 3356 3354 3357 3355 3358 3350
f 3357 3354 3359 3341 3348 3342 3360 3355
f 3359 3354 3356 3349 3351 3343 3345 3341
f 3358 3355 3360 3342 3347 3344 3353 3350
g object_169
v 33.599998474121094 95.699996948242188 -42
v 33.599998474121094 106.65000152587891 -42
v 33.599998474121094 95.699996948242188 -33.599998474121094
v 33.599998474121094 106.65000152587891 -33.599998474121094
v 33.599998474121094 95.699996948242188 -37.799999237060547
v 33.599998474121094 101.17500305175781 -33.599998474121094
v 33.599998474121094 106.65000152587891 -37.799999237060547
v 33.599998474121094 101.17500305175781 -42
v 42 95.699996948242188 -33.599998474121094
v 42 106.65000152587891 -33.599998474121094
v 37.799999237060547 95.699996948242188 -33.599998474121094
v 42 101.17500305175781 -33.599998474121094
v 37.799999237060547 106.65000152587891 -33.599998474121094
v 42 95.699996948242188 -42
v 42 106.65000152587891 -42
v 42 95.699996948242188 -37.799999237060547
v 42 101.17500305175781 -42
v 42 106.65000152587891 -37.799999237060547
v 37.799999237060547 95.699996948242188 -42
v 37.799999237060547 106.65000152587891 -42
f 3368 3361 3365 3363 3366 3364 3367 3362
f 3366 3363 3371 3369 3372 3370 3373 3364
f 3372 3369 3376 3374 3377 3375 3378 3370
f 3377 3374 3379 3361 3368 3362 3380 3375
f 3379 3374 3376 3369 3371 3363 3365 3361
f 3378 3375 3380 3362 3367 3364 3373 3370
g object_170
v 25.200000762939453 95.699996948242188 -42
v 25.200000762939453 106.65000152587891 -42
v 25.200000762939453 95.699996948242188 -33.599998474121094
v 25.200000762939453 106.65000152587891 -33.599998474121094
v 25.200000762939453 95.699996948242188 -37.799999237060547
v 25.200000762939453 101.17500305175781 -33.599998474121094
v 25.200000762939453 106.65000152587891 -37.799999237060547
v 25.200000762939453 101.17500305175781 -42
v 33.599998474121094 95.699996948242188 -33.599998474121094
v 33.599998474121094 106.65000152587891 -33.599998474121094
v 29.399999618530273 95.699996948242188 -33.599998474121094
v 33.599998474121094 101.17500305175781 -33.599998474121094
v 29.399999618530273 106.65000152587891 -33.599998474121094
v 33.599998474121094 95.699996948242188 -42
v 33.599998474121094 106.65000152587891 -42
v 33.599998474121094 95.699996948242188 -37.799999237060547
v 33.599998474121094 101.17500305175781 -42
v 33.599998474121094 106.65000152587891 -37.799999237060547
v 29.399999618530273 95.699996948242188 -42
v 29.399999618530273 106.65000152587891 -42
f 3388 3381 3385 3383 3386 3384 3387 3382
f 3386 3383 3391 3389 3392 3390 3393 3384
f 3392 3389 3396 3394 3397 3395 3398 3390
f 3397 3394 3399 3381 3388 3382 3400 3395
f 3399 3394 3396 3389 3391 3383 3385 3381
f 3398 3395 3400 3382 3387 3384 3393 3390
g object_171
v 16.799999237060547 95.699996948242188 -42
v 16.799999237060547 106.65000152587891 -42
v 16.799999237060547 95.699996948242188 -33.599998474121094
v 16.799999237060547 106.65000152587891 -33.599998474121094
v 16.799999237060547 95.699996948242188 -37.799999237060547
v 16.799999237060547 101.17500305175781 -33.599998474121094
v 16.799999237060547 106.65000152587891 -37.799999237060547
v 16.799999237060547 101.17500305175781 -42
v 25.200000762939453 95.699996948242188 -33.599998474121094
v 25.200000762939453 106.65000152587891 -33.599998474121094
v 21 95.699996948242188 -33.599998474121094
v 25.200000762939453 101.17500305175781 -33.599998474121094
v 21 106.65000152587891 -33.599998474121094
v 25.200000762939453 95.699996948242188 -42
v 25.200000762939453 106.65000152587891 -42
v 25.200000762939453 95.699996948242188 -37.799999237060547
v 25.200000762939453 101.17500305175781 -42
v 25.200000762939453 106.65000152587891 -37.799999237060547
v 21 95.699996948242188 -42
v 21 106.65000152587891 -42
f 3408 3401 3405 3403 3406 3404 3407 3402
f 3406 3403 3411 3409 3412 3410 3413 3404
f 3412 3409 3416 3414 3417 3415 3418 3410
f 3417 3414 3419 3401 3408 3402 3420 3415
f 3419 3414 3416 3409 3411 3403 3405 3401
f 3418 3415 3420 3402 3407 3404 3413 3410
g object_172
v 8.3999996185302734 95.699996948242188 -42
v 8.3999996185302734 106.65000152587891 -42
v 8.3999996185302734 95.699996948242188 -33.599998474121094
v 8.3999996185302734 106.65000152587891 -33.599998474121094
v 8.3999996185302734 95.699996948242188 -37.799999237060547
v 8.3999996185302734 101.17500305175781 -33.599998474121094
v 8.3999996185302734 106.65000152587891 -37.799999237060547
v 8.3999996185302734 101.17500305175781 -42
v 16.799999237060547 95.699996948242188 -33.599998474121094
v 16.799999237060547 106.65000152587891 -33.599998474121094
v 12.600000381469727 95.699996948242188 -33.599998474121094
v 16.799999237060547 101.17500305175781 -33.599998474121094
v 12.600000381469727 106.65000152587891 -33.599998474121094
v 16.799999237060547 95.699996948242188 -42
v 16.799999237060547 106.65000152587891 -42
v 16.799999237060547 95.699996948242188 -37.799999237060547
v 16.799999237060547 101.17500305175781 -42
v 16.799999237060547 106.65000152587891 -37.799999237060547
v 12.600000381469727 95.699996948242188 -42
v 12.600000381469727 106.65000152587891 -42
f 3428 3421 3425 3423 3426 3424 3427 3422
f 3426 3423 3431 3429 3432 3430 3433 3424
f 3432 3429 3436 3434 3437 3435 3438 3430
f 3437 3434 3439 3421 3428 3422 3440 3435
f 3439 3434 3436 3429 3431 3423 3425 3421
f 3438 3435 3440 3422 3427 3424 3433 3430
g object_173
v 42 95.699996948242188 -33.599998474121094
v 42 106.65000152587891 -33.599998474121094
v 42 95.699996948242188 -25.200000762939453
v 42 106.65000152587891 -25.200000762939453
v 42 95.699996948242188 -29.399999618530273
v 42 101.17500305175781 -25.200000762939453
v 42 106.65000152587891 -29.399999618530273
v 42 101.17500305175781 -33.599998474121094
v 50.400001525878906 95.699996948242188 -25.200000762939453
v 50.400001525878906 106.65000152587891 -25.200000762939453
v 46.200000762939453 95.699996948242188 -25.200000762939453
v 50.400001525878906 101.17500305175781 -25.200000762939453
v 46.200000762939453 106.65000152587891 -25.200000762939453
v 50.400001525878906 95.699996948242188 -33.599998474121094
v 50.400001525878906 106.65000152587891 -33.599998474121094
v 50.400001525878906 95.699996948242188 -29.399999618530273
v 50.400001525878906 101.17500305175781 -33.599998474121094
v 50.400001525878906 106.65000152587891 -29.399999618530273
v 46.200000762939453 95.699996948242188 -33.599998474121094
v 46.200000762939453 106.65000152587891 -33.599998474121094
f 3448 3441 3445 3443 3446 3444 3447 3442
f 3446 3443 3451 3449 3452 3450 3453 3444
f 3452 3449 3456 3454 3457 3455 3458 3450
f 3457 3454 3459 3441 3448 3442 3460 3455
f 3459 3454 3456 3449 3451 3443 3445 3441
f 3458 3455 3460 3442 3447 3444 3453 3450
g object_174
v 33.599998474121094 95.699996948242188 -33.599998474121094
v 33.599998474121094 106.65000152587891 -33.599998474121094
v 33.599998474121094 95.699996948242188 -25.200000762939453
v 33.599998474121094 106.65000152587891 -25.200000762939453
v 33.599998474121094 95.699996948242188 -29.399999618530273
v 33.599998474121094 101.17500305175781 -25.200000762939453
v 33.599998474121094 106.65000152587891 -29.399999618530273
v 33.599998474121094 101.17500305175781 -33.599998474121094
v 42 95.699996948242188 -25.200000762939453
v 42 106.65000152587891 -25.200000762939453
v 37.799999237060547 95.699996948242188 -25.200000762939453
v 42 101.17500305175781 -25.200000762939453
v 37.799999237060547 106.65000152587891 -25.200000762939453
v 42 95.699996948242188 -33.599998474121094
v 42 106.65000152587891 -33.599998474121094
v 42 95.699996948242188 -29.399999618530273
v 42 101.17500305175781 -33.599998474121094
v 42 106.65000152587891 -29.399999618530273
v 37.799999237060547 95.699996948242188 -33.599998474121094
v 37.799999237060547 106.65000152587891 -33.599998474121094
f 3468 3461 3465 3463 3466 3464 3467 3462
f 3466 3463 3471 3469 3472 3470 3473 3464
f 3472 3469 3476 3474 3477 3475 3478 3470
f 3477 3474 3479 3461 3468 3462 3480 3475
f 3479 3474 3476 3469 3471 3463 3465 3461
f 3478 3475 3480 3462 3467 3464 3473 3470
g object_175
v 25.200000762939453 95.699996948242188 -33.599998474121094
v 25.200000762939453 106.65000152587891 -33.599998474121094
v 25.200000762939453 95.699996948242188 -25.200000762939453
v 25.200000762939453 106.65000152587891 -25.200000762939453
v 25.200000762939453 95.699996948242188 -29.399999618530273
v 25.200000762939453 101.17500305175781 -25.200000762939453
v 25.200000762939453 106.65000152587891 -29.399999618530273
v 25.200000762939453 101.17500305175781 -33.599998474121094
v 33.599998474121094 95.699996948242188 -25.200000762939453
v 33.599998474121094 106.65000152587891 -25.200000762939453
v 29.399999618530273 95.699996948242188 -25.200000762939453
v 33.599998474121094 101.17500305175781 -25.200000762939453
v 29.399999618530273 106.65000152587891 -25.200000762939453
v 33.599998474121094 95.699996948242188 -33.599998474121094
v 33.599998474121094 106.65000152587891 -33.599998474121094
v 33.599998474121094 95.699996948242188 -29.399999618530273
v 33.599998474121094 101.17500305175781 -33.599998474121094
v 33.599998474121094 106.65000152587891 -29.399999618530273
v 29.399999618530273 95.699996948242188 -33.599998474121094
v 29.399999618530273 106.65000152587891 -33.599998474121094
f 3488 3481 3485 3483 3486 3484 3487 3482
f 3486 3483 3491 3489 3492 3490 3493 3484
f 3492 3489 3496 3494 3497 3495 3498 3490
f 3497 3494 3499 3481 3488 3482 3500 3495
f 3499 3494 3496 3489 3491 3483 3485 3481
f 3498 3495 3500 3482 3487 3484 3493 3490
g object_176
v 16.799999237060547 95.699996948242188 -33.599998474121094
v 16.799999237060547 106.65000152587891 -33.599998474121094
v 16.799999237060547 95.699996948242188 -25.200000762939453
v 16.799999237060547 106.65000152587891 -25.200000762939453
v 16.799999237060547 95.699996948242188 -29.399999618530273
v 16.799999237060547 101.17500305175781 -25.200000762939453
v 16.799999237060547 106.65000152587891 -29.399999618530273
v 16.799999237060547 101.17500305175781 -33.599998474121094
v 25.200000762939453 95.699996948242188 -25.200000762939453
v 25.200000762939453 106.65000152587891 -25.200000762939453
v 21 95.699996948242188 -25.200000762939453
v 25.200000762939453 101.17500305175781 -25.200000762939453
v 21 106.65000152587891 -25.200000762939453
v 25.200000762939453 95.699996948242188 -33.599998474121094
v 25.200000762939453 106.65000152587891 -33.599998474121094
v 25.200000762939453 95.699996948242188 -29.399999618530273
v 25.200000762939453 101.17500305175781 -33.599998474121094
v 25.200000762939453 106.65000152587891 -29.399999618530273
v 21 95.699996948242188 -33.599998474121094
v 21 106.65000152587891 -33.599998474121094
f 3508 3501 3505 3503 3506 3504 3507 3502
f 3506 3503 3511 3509 3512 3510 3513 3504
f 3512 3509 3516 3514 3517 3515 3518 3510
f 3517 3514 3519 3501 3508 3502 3520 3515
f 3519 3514 3516 3509 3511 3503 3505 3501
f 3518 3515 3520 3502 3507 3504 3513 3510
g object_177
v 8.3999996185302734 95.699996948242188 -33.599998474121094
v 8.3999996185302734 106.65000152587891 -33.599998474121094
v 8.3999996185302734 95.699996948242188 -25.200000762939453
v 8.3999996185302734 106.65000152587891 -25.200000762939453
v 8.3999996185302734 95.699996948242188 -29.399999618530273
v 8.3999996185302734 101.17500305175781 -25.200000762939453
v 8.3999996185302734 106.65000152587891 -29.399999618530273
v 8.3999996185302734 101.17500305175781 -33.599998474121094
v 16.799999237060547 95.699996948242188 -25.200000762939453
v 16.799999237060547 106.65000152587891 -25.200000762939453
v 12.600000381469727 95.699996948242188 -25.200000762939453
v 16.799999237060547 101.17500305175781 -25.200000762939453
v 12.600000381469727 106.65000152587891 -25.200000762939453
v 16.799999237060547 95.699996948242188 -33.599998474121094
v 16.799999237060547 106.65000152587891 -33.599998474121094
v 16.799999237060547 95.699996948242188 -29.399999618530273
v 16.799999237060547 101.17500305175781 -33.599998474121094
v 16.799999237060547 106.65000152587891 -29.399999618530273
v 12.600000381469727 95.699996948242188 -33.599998474121094
v 12.600000381469727 106.65000152587891 -33.599998474121094
f 3528 3521 3525 3523 3526 3524 3527 3522
f 3526 3523 3531 3529 3532 3530 3533 3524
f 3532 3529 3536 3534 3537 3535 3538 3530
f 3537 3534 3539 3521 3528 3522 3540 3535
f 3539 3534 3536 3529 3531 3523 3525 3521
f 3538 3535 3540 3522 3527 3524 3533 3530
g object_178
v 33.599998474121094 73.800003051757812 -50.400001525878906
v 33.599998474121094 84.75 -50.400001525878906
v 42 73.800003051757812 -50.400001525878906
v 42 84.75 -50.400001525878906
v 37.799999237060547 73.800003051757812 -50.400001525878906
v 42 79.275001525878906 -50.400001525878906
v 37.799999237060547 84.75 -50.400001525878906
v 33.599998474121094 79.275001525878906 -50.400001525878906
v 42 73.800003051757812 -58.799999237060547
v 42 84.75 -58.799999237060547
v 42 73.800003051757812 -54.599998474121094
v 42 79.275001525878906 -58.799999237060547
v 42 84.75 -54.599998474121094
v 33.599998474121094 73.800003051757812 -58.799999237060547
v 33.599998474121094 84.75 -58.799999237060547
v 37.799999237060547 73.800003051757812 -58.799999237060547
v 33.599998474121094 79.275001525878906 -58.799999237060547
v 37.799999237060547 84.75 -58.799999237060547
v 33.599998474121094 73.800003051757812 -54.599998474121094
v 33.599998474121094 84.75 -54.599998474121094
f 3548 3541 3545 3543 3546 3544 3547 3542
f 3553 3544 3546 3543 3551 3549 3552 3550
f 3552 3549 3556 3554 3557 3555 3558 3550
f 3560 3555 3557 3554 3559 3541 3548 3542
f 3545 3541 3559 3554 3556 3549 3551 3543
f 3560 3542 3547 3544 3553 3550 3558 3555
g object_179
v 25.200000762939453 73.800003051757812 -50.400001525878906
v 25.200000762939453 84.75 -50.400001525878906
v 33.599998474121094 73.800003051757812 -50.400001525878906
v 33.599998474121094 84.75 -50.400001525878906
v 29.399999618530273 73.800003051757812 -50.400001525878906
v 33.599998474121094 79.275001525878906 -50.400001525878906
v 29.399999618530273 84.75 -50.400001525878906
v 25.200000762939453 79.275001525878906 -50.400001525878906
v 33.599998474121094 73.800003051757812 -58.799999237060547
v 33.599998474121094 84.75 -58.799999237060547
v 33.599998474121094 73.800003051757812 -54.599998474121094
v 33.599998474121094 79.275001525878906 -58.799999237060547
v 33.599998474121094 84.75 -54.599998474121094
v 25.200000762939453 73.800003051757812 -58.799999237060547
v 25.200000762939453 84.75 -58.799999237060547
v 29.399999618530273 73.800003051757812 -58.799999237060547
v 25.200000762939453 79.275001525878906 -58.799999237060547
v 29.399999618530273 84.75 -58.799999237060547
v 25.200000762939453 73.800003051757812 -54.599998474121094
v 25.200000762939453 84.75 -54.599998474121094
f 3568 3561 3565 3563 3566 3564 3567 3562
f 3573 3564 3566 3563 3571 3569 3572 3570
f 3572 3569 3576 3574 3577 3575 3578 3570
f 3580 3575 3577 3574 3579 3561 3568 3562
f 3565 3561 3579 3574 3576 3569 3571 3563
f 3580 3562 3567 3564 3573 3570 3578 3575
g object_180
v 16.799999237060547 73.800003051757812 -50.400001525878906
v 16.799999237060547 84.75 -50.400001525878906
v 25.200000762939453 73.800003051757812 -50.400001525878906
v 25.200000762939453 84.75 -50.400001525878906
v 21 73.800003051757812 -50.400001525878906
v 25.200000762939453 79.275001525878906 -50.400001525878906
v 21 84.75 -50.400001525878906
v 16.799999237060547 79.275001525878906 -50.400001525878906
v 25.200000762939453 73.800003051757812 -58.799999237060547
v 25.200000762939453 84.75 -58.799999237060547
v 25.200000762939453 73.800003051757812 -54.599998474121094
v 25.200000762939453 79.275001525878906 -58.799999237060547
v 25.200000762939453 84.75 -54.599998474121094
v 16.799999237060547 73.800003051757812 -58.799999237060547
v 16.799999237060547 84.75 -58.799999237060547
v 21 73.800003051757812 -58.799999237060547
v 16.799999237060547 79.275001525878906 -58.799999237060547
v 21 84.75 -58.799999237060547
v 16.799999237060547 73.800003051757812 -54.599998474121094
v 16.799999237060547 84.75 -54.599998474121094
f 3588 3581 3585 3583 3586 3584 3587 3582
f 3593 3584 3586 3583 3591 3589 3592 3590
f 3592 3589 3596 3594 3597 3595 3598 3590
f 3600 3595 3597 3594 3599 3581 3588 3582
f 3585 3581 3599 3594 3596 3589 3591 3583
f 3600 3582 3587 3584 3593 3590 3598 3595
g object_181
v 42 73.800003051757812 -50.400001525878906
v 42 84.75 -50.400001525878906
v 42 73.800003051757812 -42
v 42 84.75 -42
v 42 73.800003051757812 -46.200000762939453
v 42 79.275001525878906 -42
v 42 84.75 -46.200000762939453
v 42 79.275001525878906 -50.400001525878906
v 50.400001525878906 73.800003051757812 -42
v 50.400001525878906 84.75 -42
v 46.200000762939453 73.800003051757812 -42
v 50.400001525878906 79.275001525878906 -42
v 46.200000762939453 84.75 -42
v 50.400001525878906 73.800003051757812 -50.400001525878906
v 50.400001525878906 84.75 -50.400001525878906
v 50.400001525878906 73.800003051757812 -46.200000762939453
v 50.400001525878906 79.275001525878906 -50.400001525878906
v 50.400001525878906 84.75 -46.200000762939453
v 46.200000762939453 73.800003051757812 -50.400001525878906
v 46.200000762939453 84.75 -50.400001525878906
f 3606 3604 3607 3602 3608 3601 3605 3603
f 3606 3603 3611 3609 3612 3610 3613 3604
f 3618 3610 3612 3609 3616 3614 3617 3615
f 3617 3614 3619 3601 3608 3602 3620 3615
f 3619 3614 3616 3609 3611 3603 3605 3601
f 3618 3615 3620 3602 3607 3604 3613 3610
g object_182
v 8.3999996185302734 73.800003051757812 -50.400001525878906
v 8.3999996185302734 84.75 -50.400001525878906
v 8.3999996185302734 73.800003051757812 -42
v 8.3999996185302734 84.75 -42
v 8.3999996185302734 73.800003051757812 -46.200000762939453
v 8.3999996185302734 79.275001525878906 -42
v 8.3999996185302734 84.75 -46.200000762939453
v 8.3999996185302734 79.275001525878906 -50.400001525878906
v 16.799999237060547 73.800003051757812 -42
v 16.799999237060547 84.75 -42
v 12.600000381469727 73.800003051757812 -42
v 16.799999237060547 79.275001525878906 -42
v 12.600000381469727 84.75 -42
v 16.799999237060547 73.800003051757812 -50.400001525878906
v 16.799999237060547 84.75 -50.400001525878906
v 16.799999237060547 73.800003051757812 -46.200000762939453
v 16.799999237060547 79.275001525878906 -50.400001525878906
v 16.799999237060547 84.75 -46.200000762939453
v 12.600000381469727 73.800003051757812 -50.400001525878906
v 12.600000381469727 84.75 -50.400001525878906
f 3626 3624 3627 3622 3628 3621 3625 3623
f 3626 3623 3631 3629 3632 3630 3633 3624
f 3638 3630 3632 3629 3636 3634 3637 3635
f 3637 3634 3639 3621 3628 3622 3640 3635
f 3639 3634 3636 3629 3631 3623 3625 3621
f 3638 3635 3640 3622 3627 3624 3633 3630
g object_183
v 42 73.800003051757812 -42
v 42 84.75 -42
v 42 73.800003051757812 -33.599998474121094
v 42 84.75 -33.599998474121094
v 42 73.800003051757812 -37.799999237060547
v 42 79.275001525878906 -33.599998474121094
v 42 84.75 -37.799999237060547
v 42 79.275001525878906 -42
v 50.400001525878906 73.800003051757812 -33.599998474121094
v 50.400001525878906 84.75 -33.599998474121094
v 46.200000762939453 73.800003051757812 -33.599998474121094
v 50.400001525878906 79.275001525878906 -33.599998474121094
v 46.200000762939453 84.75 -33.599998474121094
v 50.400001525878906 73.800003051757812 -42
v 50.400001525878906 84.75 -42
v 50.400001525878906 73.800003051757812 -37.799999237060547
v 50.400001525878906 79.275001525878906 -42
v 50.400001525878906 84.75 -37.799999237060547
v 46.200000762939453 73.800003051757812 -42
v 46.200000762939453 84.75 -42
f 3647 3642 3648 3641 3645 3643 3646 3644
f 3646 3643 3651 3649 3652 3650 3653 3644
f 3658 3650 3652 3649 3656 3654 3657 3655
f 3657 3654 3659 3641 3648 3642 3660 3655
f 3659 3654 3656 3649 3651 3643 3645 3641
f 3658 3655 3660 3642 3647 3644 3653 3650
g object_184
v 33.599998474121094 73.800003051757812 -42
v 33.599998474121094 84.75 -42
v 33.599998474121094 73.800003051757812 -33.599998474121094
v 33.599998474121094 84.75 -33.599998474121094
v 33.599998474121094 73.800003051757812 -37.799999237060547
v 33.599998474121094 79.275001525878906 -33.599998474121094
v 33.599998474121094 84.75 -37.799999237060547
v 33.599998474121094 79.275001525878906 -42
v 42 73.800003051757812 -33.599998474121094
v 42 84.75 -33.599998474121094
v 37.799999237060547 73.800003051757812 -33.599998474121094
v 42 79.275001525878906 -33.599998474121094
v 37.799999237060547 84.75 -33.599998474121094
v 42 73.800003051757812 -42
v 42 84.75 -42
v 42 73.800003051757812 -37.799999237060547
v 42 79.275001525878906 -42
v 42 84.75 -37.799999237060547
v 37.799999237060547 73.800003051757812 -42
v 37.799999237060547 84.75 -42
f 3667 3662 3668 3661 3665 3663 3666 3664
f 3666 3663 3671 3669 3672 3670 3673 3664
f 3678 3670 3672 3669 3676 3674 3677 3675
f 3677 3674 3679 3661 3668 3662 3680 3675
f 3679 3674 3676 3669 3671 3663 3665 3661
f 3678 3675 3680 3662 3667 3664 3673 3670
g object_185
v 25.200000762939453 73.800003051757812 -42
v 25.200000762939453 84.75 -42
v 25.200000762939453 73.800003051757812 -33.599998474121094
v 25.200000762939453 84.75 -33.599998474121094
v 25.200000762939453 73.800003051757812 -37.799999237060547
v 25.200000762939453 79.275001525878906 -33.599998474121094
v 25.200000762939453 84.75 -37.799999237060547
v 25.200000762939453 79.275001525878906 -42
v 33.599998474121094 73.800003051757812 -33.599998474121094
v 33.599998474121094 84.75 -33.599998474121094
v 29.399999618530273 73.800003051757812 -33.599998474121094
v 33.599998474121094 79.275001525878906 -33.599998474121094
v 29.399999618530273 84.75 -33.599998474121094
v 33.599998474121094 73.800003051757812 -42
v 33.599998474121094 84.75 -42
v 33.599998474121094 73.800003051757812 -37.799999237060547
v 33.599998474121094 79.275001525878906 -42
v 33.599998474121094 84.75 -37.799999237060547
v 29.399999618530273 73.800003051757812 -42
v 29.399999618530273 84.75 -42
f 3687 3682 3688 3681 3685 3683 3686 3684
f 3686 3683 3691 3689 3692 3690 3693 3684
f 3698 3690 3692 3689 3696 3694 3697 3695
f 3697 3694 3699 3681 3688 3682 3700 3695
f 3699 3694 3696 3689 3691 3683 3685 3681
f 3698 3695 3700 3682 3687 3684 3693 3690
g object_186
v 16.799999237060547 73.800003051757812 -42
v 16.799999237060547 84.75 -42
v 16.799999237060547 73.800003051757812 -33.599998474121094
v 16.799999237060547 84.75 -33.599998474121094
v 16.799999237060547 73.800003051757812 -37.799999237060547
v 16.799999237060547 79.275001525878906 -33.599998474121094
v 16.799999237060547 84.75 -37.799999237060547
v 16.799999237060547 79.275001525878906 -42
v 25.200000762939453 73.800003051757812 -33.599998474121094
v 25.200000762939453 84.75 -33.599998474121094
v 21 73.800003051757812 -33.599998474121094
v 25.200000762939453 79.275001525878906 -33.599998474121094
v 21 84.75 -33.599998474121094
v 25.200000762939453 73.800003051757812 -42
v 25.200000762939453 84.75 -42
v 25.200000762939453 73.800003051757812 -37.799999237060547
v 25.200000762939453 79.275001525878906 -42
v 25.200000762939453 84.75 -37.799999237060547
v 21 73.800003051757812 -42
v 21 84.75 -42
f 3707 3702 3708 3701 3705 3703 3706 3704
f 3706 3703 3711 3709 3712 3710 3713 3704
f 3718 3710 3712 3709 3716 3714 3717 3715
f 3717 3714 3719 3701 3708 3702 3720 3715
f 3719 3714 3716 3709 3711 3703 3705 3701
f 3718 3715 3720 3702 3707 3704 3713 3710
g object_187
v 8.3999996185302734 73.800003051757812 -42
v 8.3999996185302734 84.75 -42
v 8.3999996185302734 73.800003051757812 -33.599998474121094
v 8.3999996185302734 84.75 -33.599998474121094
v 8.3999996185302734 73.800003051757812 -37.799999237060547
v 8.3999996185302734 79.275001525878906 -33.599998474121094
v 8.3999996185302734 84.75 -37.799999237060547
v 8.3999996185302734 79.275001525878906 -42
v 16.799999237060547 73.800003051757812 -33.599998474121094
v 16.799999237060547 84.75 -33.599998474121094
v 12.600000381469727 73.800003051757812 -33.599998474121094
v 16.799999237060547 79.275001525878906 -33.599998474121094
v 12.600000381469727 84.75 -33.599998474121094
v 16.799999237060547 73.800003051757812 -42
v 16.799999237060547 84.75 -42
v 16.799999237060547 73.800003051757812 -37.799999237060547
v 16.799999237060547 79.275001525878906 -42
v 16.799999237060547 84.75 -37.799999237060547
v 12.600000381469727 73.800003051757812 -42
v 12.600000381469727 84.75 -42
f 3727 3722 3728 3721 3725 3723 3726 3724
f 3726 3723 3731 3729 3732 3730 3733 3724
f 3738 3730 3732 3729 3736 3734 3737 3735
f 3737 3734 3739 3721 3728 3722 3740 3735
f 3739 3734 3736 3729 3731 3723 3725 3721
f 3738 3735 3740 3722 3727 3724 3733 3730
g object_188
v 42 73.800003051757812 -33.599998474121094
v 42 84.75 -33.599998474121094
v 42 73.800003051757812 -25.200000762939453
v 42 84.75 -25.200000762939453
v 42 73.800003051757812 -29.399999618530273
v 42 79.275001525878906 -25.200000762939453
v 42 84.75 -29.399999618530273
v 42 79.275001525878906 -33.599998474121094
v 50.400001525878906 73.800003051757812 -25.200000762939453
v 50.400001525878906 84.75 -25.200000762939453
v 46.200000762939453 73.800003051757812 -25.200000762939453
v 50.400001525878906 79.275001525878906 -25.200000762939453
v 46.200000762939453 84.75 -25.200000762939453
v 50.400001525878906 73.800003051757812 -33.599998474121094
v 50.400001525878906 84.75 -33.599998474121094
v 50.400001525878906 73.800003051757812 -29.399999618530273
v 50.400001525878906 79.275001525878906 -33.599998474121094
v 50.400001525878906 84.75 -29.399999618530273
v 46.200000762939453 73.800003051757812 -33.599998474121094
v 46.200000762939453 84.75 -33.599998474121094
f 3747 3742 3748 3741 3745 3743 3746 3744
f 3746 3743 3751 3749 3752 3750 3753 3744
f 3757 3755 3758 3750 3752 3749 3756 3754
f 3757 3754 3759 3741 3748 3742 3760 3755
f 3759 3754 3756 3749 3751 3743 3745 3741
f 3758 3755 3760 3742 3747 3744 3753 3750
g object_189
v 33.599998474121094 73.800003051757812 -33.599998474121094
v 33.599998474121094 84.75 -33.599998474121094
v 33.599998474121094 73.800003051757812 -25.200000762939453
v 33.599998474121094 84.75 -25.200000762939453
v 33.599998474121094 73.800003051757812 -29.399999618530273
v 33.599998474121094 79.275001525878906 -25.200000762939453
v 33.599998474121094 84.75 -29.399999618530273
v 33.599998474121094 79.275001525878906 -33.599998474121094
v 42 73.800003051757812 -25.200000762939453
v 42 84.75 -25.200000762939453
v 37.799999237060547 73.800003051757812 -25.200000762939453
v 42 79.275001525878906 -25.200000762939453
v 37.799999237060547 84.75 -25.200000762939453
v 42 73.800003051757812 -33.599998474121094
v 42 84.75 -33.599998474121094
v 42 73.800003051757812 -29.399999618530273
v 42 79.275001525878906 -33.599998474121094
v 42 84.75 -29.399999618530273
v 37.799999237060547 73.800003051757812 -33.599998474121094
v 37.799999237060547 84.75 -33.599998474121094
f 3767 3762 3768 3761 3765 3763 3766 3764
f 3766 3763 3771 3769 3772 3770 3773 3764
f 3777 3775 3778 3770 3772 3769 3776 3774
f 3777 3774 3779 3761 3768 3762 3780 3775
f 3779 3774 3776 3769 3771 3763 3765 3761
f 3778 3775 3780 3762 3767 3764 3773 3770
g object_190
v 25.200000762939453 73.800003051757812 -33.599998474121094
v 25.200000762939453 84.75 -33.599998474121094
v 25.200000762939453 73.800003051757812 -25.200000762939453
v 25.200000762939453 84.75 -25.200000762939453
v 25.200000762939453 73.800003051757812 -29.399999618530273
v 25.200000762939453 79.275001525878906 -25.200000762939453
v 25.200000762939453 84.75 -29.399999618530273
v 25.200000762939453 79.275001525878906 -33.599998474121094
v 33.599998474121094 73.800003051757812 -25.200000762939453
v 33.599998474121094 84.75 -25.200000762939453
v 29.399999618530273 73.800003051757812 -25.200000762939453
v 33.599998474121094 79.275001525878906 -25.200000762939453
v 29.399999618530273 84.75 -25.200000762939453
v 33.599998474121094 73.800003051757812 -33.599998474121094
v 33.599998474121094 84.75 -33.599998474121094
v 33.599998474121094 73.800003051757812 -29.399999618530273
v 33.599998474121094 79.275001525878906 -33.599998474121094
v 33.599998474121094 84.75 -29.399999618530273
v 29.399999618530273 73.800003051757812 -33.599998474121094
v 29.399999618530273 84.75 -33.599998474121094
f 3787 3782 3788 3781 3785 3783 3786 3784
f 3786 3783 3791 3789 3792 3790 3793 3784
f 3797 3795 3798 3790 3792 3789 3796 3794
f 3797 3794 3799 3781 3788 3782 3800 3795
f 3799 3794 3796 3789 3791 3783 3785 3781
f 3798 3795 3800 3782 3787 3784 3793 3790
g object_191
v 16.799999237060547 73.800003051757812 -33.599998474121094
v 16.799999237060547 84.75 -33.599998474121094
v 16.799999237060547 73.800003051757812 -25.200000762939453
v 16.799999237060547 84.75 -25.200000762939453
v 16.799999237060547 73.800003051757812 -29.399999618530273
v 16.799999237060547 79.275001525878906 -25.200000762939453
v 16.799999237060547 84.75 -29.399999618530273
v 16.799999237060547 79.275001525878906 -33.599998474121094
v 25.200000762939453 73.800003051757812 -25.200000762939453
v 25.200000762939453 84.75 -25.200000762939453
v 21 73.800003051757812 -25.200000762939453
v 25.200000762939453 79.275001525878906 -25.200000762939453
v 21 84.75 -25.200000762939453
v 25.200000762939453 73.800003051757812 -33.599998474121094
v 25.200000762939453 84.75 -33.599998474121094
v 25.200000762939453 73.800003051757812 -29.399999618530273
v 25.200000762939453 79.275001525878906 -33.599998474121094
v 25.200000762939453 84.75 -29.399999618530273
v 21 73.800003051757812 -33.599998474121094
v 21 84.75 -33.599998474121094
f 3807 3802 3808 3801 3805 3803 3806 3804
f 3806 3803 3811 3809 3812 3810 3813 3804
f 3817 3815 3818 3810 3812 3809 3816 3814
f 3817 3814 3819 3801 3808 3802 3820 3815
f 3819 3814 3816 3809 3811 3803 3805 3801
f 3818 3815 3820 3802 3807 3804 3813 3810
g object_192
v 8.3999996185302734 73.800003051757812 -33.599998474121094
v 8.3999996185302734 84.75 -33.599998474121094
v 8.3999996185302734 73.800003051757812 -25.200000762939453
v 8.3999996185302734 84.75 -25.200000762939453
v 8.3999996185302734 73.800003051757812 -29.399999618530273
v 8.3999996185302734 79.275001525878906 -25.200000762939453
v 8.3999996185302734 84.75 -29.399999618530273
v 8.3999996185302734 79.275001525878906 -33.599998474121094
v 16.799999237060547 73.800003051757812 -25.200000762939453
v 16.799999237060547 84.75 -25.200000762939453
v 12.600000381469727 73.800003051757812 -25.200000762939453
v 16.799999237060547 79.275001525878906 -25.200000762939453
v 12.600000381469727 84.75 -25.200000762939453
v 16.799999237060547 73.800003051757812 -33.599998474121094
v 16.799999237060547 84.75 -33.599998474121094
v 16.799999237060547 73.800003051757812 -29.399999618530273
v 16.799999237060547 79.275001525878906 -33.599998474121094
v 16.799999237060547 84.75 -29.399999618530273
v 12.600000381469727 73.800003051757812 -33.599998474121094
v 12.600000381469727 84.75 -33.599998474121094
f 3827 3822 3828 3821 3825 3823 3826 3824
f 3826 3823 3831 3829 3832 3830 3833 3824
f 3837 3835 3838 3830 3832 3829 3836 3834
f 3837 3834 3839 3821 3828 3822 3840 3835
f 3839 3834 3836 3829 3831 3823 3825 3821
f 3838 3835 3840 3822 3827 3824 3833 3830
g object_193
v 33.599998474121094 51.900001525878906 -50.400001525878906
v 33.599998474121094 62.849998474121094 -50.400001525878906
v 42 51.900001525878906 -50.400001525878906
v 42 62.849998474121094 -50.400001525878906
v 37.799999237060547 51.900001525878906 -50.400001525878906
v 42 57.375 -50.400001525878906
v 37.799999237060547 62.849998474121094 -50.400001525878906
v 33.599998474121094 57.375 -50.400001525878906
v 42 51.900001525878906 -58.799999237060547
v 42 62.849998474121094 -58.799999237060547
v 42 51.900001525878906 -54.599998474121094
v 42 57.375 -58.799999237060547
v 42 62.849998474121094 -54.599998474121094
v 33.599998474121094 51.900001525878906 -58.799999237060547
v 33.599998474121094 62.849998474121094 -58.799999237060547
v 37.799999237060547 51.900001525878906 -58.799999237060547
v 33.599998474121094 57.375 -58.799999237060547
v 37.799999237060547 62.849998474121094 -58.799999237060547
v 33.599998474121094 51.900001525878906 -54.599998474121094
v 33.599998474121094 62.849998474121094 -54.599998474121094
f 3848 3841 3845 3843 3846 3844 3847 3842
f 3846 3843 3851 3849 3852 3850 3853 3844
f 3852 3849 3856 3854 3857 3855 3858 3850
f 3857 3854 3859 3841 3848 3842 3860 3855
f 3845 3841 3859 3854 3856 3849 3851 3843
f 3860 3842 3847 3844 3853 3850 3858 3855
g object_194
v 25.200000762939453 51.900001525878906 -50.400001525878906
v 25.200000762939453 62.849998474121094 -50.400001525878906
v 33.599998474121094 51.900001525878906 -50.400001525878906
v 33.599998474121094 62.849998474121094 -50.400001525878906
v 29.399999618530273 51.900001525878906 -50.400001525878906
v 33.599998474121094 57.375 -50.400001525878906
v 29.399999618530273 62.849998474121094 -50.400001525878906
v 25.200000762939453 57.375 -50.400001525878906
v 33.599998474121094 51.900001525878906 -58.799999237060547
v 33.599998474121094 62.849998474121094 -58.799999237060547
v 33.599998474121094 51.900001525878906 -54.599998474121094
v 33.599998474121094 57.375 -58.799999237060547
v 33.599998474121094 62.849998474121094 -54.599998474121094
v 25.200000762939453 51.900001525878906 -58.799999237060547
v 25.200000762939453 62.849998474121094 -58.799999237060547
v 29.399999618530273 51.900001525878906 -58.799999237060547
v 25.200000762939453 57.375 -58.799999237060547
v 29.399999618530273 62.849998474121094 -58.799999237060547
v 25.200000762939453 51.900001525878906 -54.599998474121094
v 25.200000762939453 62.849998474121094 -54.599998474121094
f 3868 3861 3865 3863 3866 3864 3867 3862
f 3866 3863 3871 3869 3872 3870 3873 3864
f 3872 3869 3876 3874 3877 3875 3878 3870
f 3877 3874 3879 3861 3868 3862 3880 3875
f 3865 3861 3879 3874 3876 3869 3871 3863
f 3880 3862 3867 3864 3873 3870 3878 3875
g object_195
v 16.799999237060547 51.900001525878906 -50.400001525878906
v 16.799999237060547 62.849998474121094 -50.400001525878906
v 25.200000762939453 51.900001525878906 -50.400001525878906
v 25.200000762939453 62.849998474121094 -50.400001525878906
v 21 51.900001525878906 -50.400001525878906
v 25.200000762939453 57.375 -50.400001525878906
v 21 62.849998474121094 -50.400001525878906
v 16.799999237060547 57.375 -50.400001525878906
v 25.200000762939453 51.900001525878906 -58.799999237060547
v 25.200000762939453 62.849998474121094 -58.799999237060547
v 25.200000762939453 51.900001525878906 -54.599998474121094
v 25.200000762939453 57.375 -58.799999237060547
v 25.200000762939453 62.849998474121094 -54.599998474121094
v 16.799999237060547 51.900001525878906 -58.799999237060547
v 16.799999237060547 62.849998474121094 -58.799999237060547
v 21 51.900001525878906 -58.799999237060547
v 16.799999237060547 57.375 -58.799999237060547
v 21 62.849998474121094 -58.799999237060547
v 16.799999237060547 51.900001525878906 -54.599998474121094
v 16.799999237060547 62.849998474121094 -54.599998474121094
f 3888 3881 3885 3883 3886 3884 3887 3882
f 3886 3883 3891 3889 3892 3890 3893 3884
f 3892 3889 3896 3894 3897 3895 3898 3890
f 3897 3894 3899 3881 3888 3882 3900 3895
f 3885 3881 3899 3894 3896 3889 3891 3883
f 3900 3882 3887 3884 3893 3890 3898 3895
g object_196
v 42 51.900001525878906 -50.400001525878906
v 42 62.849998474121094 -50.400001525878906
v 42 51.900001525878906 -42
v 42 62.849998474121094 -42
v 42 51.900001525878906 -46.200000762939453
v 42 57.375 -42
v 42 62.849998474121094 -46.200000762939453
v 42 57.375 -50.400001525878906
v 50.400001525878906 51.900001525878906 -42
v 50.400001525878906 62.849998474121094 -42
v 46.200000762939453 51.900001525878906 -42
v 50.400001525878906 57.375 -42
v 46.200000762939453 62.849998474121094 -42
v 50.400001525878906 51.900001525878906 -50.400001525878906
v 50.400001525878906 62.849998474121094 -50.400001525878906
v 50.400001525878906 51.900001525878906 -46.200000762939453
v 50.400001525878906 57.375 -50.400001525878906
v 50.400001525878906 62.849998474121094 -46.200000762939453
v 46.200000762939453 51.900001525878906 -50.400001525878906
v 46.200000762939453 62.849998474121094 -50.400001525878906
f 3908 3901 3905 3903 3906 3904 3907 3902
f 3906 3903 3911 3909 3912 3910 3913 3904
f 3912 3909 3916 3914 3917 3915 3918 3910
f 3917 3914 3919 3901 3908 3902 3920 3915
f 3919 3914 3916 3909 3911 3903 3905 3901
f 3918 3915 3920 3902 3907 3904 3913 3910
g object_197
v 8.3999996185302734 51.900001525878906 -50.400001525878906
v 8.3999996185302734 62.849998474121094 -50.400001525878906
v 8.3999996185302734 51.900001525878906 -42
v 8.3999996185302734 62.849998474121094 -42
v 8.3999996185302734 51.900001525878906 -46.200000762939453
v 8.3999996185302734 57.375 -42
v 8.3999996185302734 62.849998474121094 -46.200000762939453
v 8.3999996185302734 57.375 -50.400001525878906
v 16.799999237060547 51.900001525878906 -42
v 16.799999237060547 62.849998474121094 -42
v 12.600000381469727 51.900001525878906 -42
v 16.799999237060547 57.375 -42
v 12.600000381469727 62.849998474121094 -42
v 16.799999237060547 51.900001525878906 -50.400001525878906
v 16.799999237060547 62.849998474121094 -50.400001525878906
v 16.799999237060547 51.900001525878906 -46.200000762939453
v 16.799999237060547 57.375 -50.400001525878906
v 16.799999237060547 62.849998474121094 -46.200000762939453
v 12.600000381469727 51.900001525878906 -50.400001525878906
v 12.600000381469727 62.849998474121094 -50.400001525878906
f 3928 3921 3925 3923 3926 3924 3927 3922
f 3926 3923 3931 3929 3932 3930 3933 3924
f 3932 3929 3936 3934 3937 3935 3938 3930
f 3937 3934 3939 3921 3928 3922 3940 3935
f 3939 3934 3936 3929 3931 3923 3925 3921
f 3938 3935 3940 3922 3927 3924 3933 3930
g object_198
v 42 51.900001525878906 -42
v 42 62.849998474121094 -42
v 42 51.900001525878906 -33.599998474121094
v 42 62.849998474121094 -33.599998474121094
v 42 51.900001525878906 -37.799999237060547
v 42 57.375 -33.599998474121094
v 42 62.849998474121094 -37.799999237060547
v 42 57.375 -42
v 50.400001525878906 51.900001525878906 -33.599998474121094
v 50.400001525878906 62.849998474121094 -33.599998474121094
v 46.200000762939453 51.900001525878906 -33.599998474121094
v 50.400001525878906 57.375 -33.599998474121094
v 46.200000762939453 62.849998474121094 -33.599998474121094
v 50.400001525878906 51.900001525878906 -42
v 50.400001525878906 62.849998474121094 -42
v 50.400001525878906 51.900001525878906 -37.799999237060547
v 50.400001525878906 57.375 -42
v 50.400001525878906 62.849998474121094 -37.799999237060547
v 46.200000762939453 51.900001525878906 -42
v 46.200000762939453 62.849998474121094 -42
f 3948 3941 3945 3943 3946 3944 3947 3942
f 3946 3943 3951 3949 3952 3950 3953 3944
f 3952 3949 3956 3954 3957 3955 3958 3950
f 3957 3954 3959 3941 3948 3942 3960 3955
f 3959 3954 3956 3949 3951 3943 3945 3941
f 3958 3955 3960 3942 3947 3944 3953 3950
g object_199
v 33.599998474121094 51.900001525878906 -42
v 33.599998474121094 62.849998474121094 -42
v 33.599998474121094 51.900001525878906 -33.599998474121094
v 33.599998474121094 62.849998474121094 -33.599998474121094
v 33.599998474121094 51.900001525878906 -37.799999237060547
v 33.599998474121094 57.375 -33.599998474121094
v 33.599998474121094 62.849998474121094 -37.799999237060547
v 33.599998474121094 57.375 -42
v 42 51.900001525878906 -33.599998474121094
v 42 62.849998474121094 -33.599998474121094
v 37.799999237060547 51.900001525878906 -33.599998474121094
v 42 57.375 -33.599998474121094
v 37.799999237060547 62.849998474121094 -33.599998474121094
v 42 51.900001525878906 -42
v 42 62.849998474121094 -42
v 42 51.900001525878906 -37.799999237060547
v 42 57.375 -42
v 42 62.849998474121094 -37.799999237060547
v 37.799999237060547 51.900001525878906 -42
v 37.799999237060547 62.849998474121094 -42
f 3968 3961 3965 3963 3966 3964 3967 3962
f 3966 3963 3971 3969 3972 3970 3973 3964
f 3972 3969 3976 3974 3977 3975 3978 3970
f 3977 3974 3979 3961 3968 3962 3980 3975
f 3979 3974 3976 3969 3971 3963 3965 3961
f 3978 3975 3980 3962 3967 3964 3973 3970
g object_200
v 25.200000762939453 51.900001525878906 -42
v 25.200000762939453 62.849998474121094 -42
v 25.200000762939453 51.900001525878906 -33.599998474121094
v 25.200000762939453 62.849998474121094 -33.599998474121094
v 25.200000762939453 51.900001525878906 -37.799999237060547
v 25.200000762939453 57.375 -33.599998474121094
v 25.200000762939453 62.849998474121094 -37.799999237060547
v 25.200000762939453 57.375 -42
v 33.599998474121094 51.900001525878906 -33.599998474121094
v 33.599998474121094 62.849998474121094 -33.599998474121094
v 29.399999618530273 51.900001525878906 -33.599998474121094
v 33.599998474121094 57.375 -33.599998474121094
v 29.399999618530273 62.849998474121094 -33.599998474121094
v 33.599998474121094 51.900001525878906 -42
v 33.599998474121094 62.849998474121094 -42
v 33.599998474121094 51.900001525878906 -37.799999237060547
v 33.599998474121094 57.375 -42
v 33.599998474121094 62.849998474121094 -37.799999237060547
v 29.399999618530273 51.900001525878906 -42
v 29.399999618530273 62.849998474121094 -42
f 3988 3981 3985 3983 3986 3984 3987 3982
f 3986 3983 3991 3989 3992 3990 3993 3984
f 3992 3989 3996 3994 3997 3995 3998 3990
f 3997 3994 3999 3981 3988 3982 4000 3995
f 3999 3994 3996 3989 3991 3983 3985 3981
f 3998 3995 4000 3982 3987 3984 3993 3990
g object_201
v 16.799999237060547 51.900001525878906 -42
v 16.799999237060547 62.849998474121094 -42
v 16.799999237060547 51.900001525878906 -33.599998474121094
v 16.799999237060547 62.849998474121094 -33.599998474121094
v 16.799999237060547 51.900001525878906 -37.799999237060547
v 16.799999237060547 57.375 -33.599998474121094
v 16.799999237060547 62.849998474121094 -37.799999237060547
v 16.799999237060547 57.375 -42
v 25.200000762939453 51.900001525878906 -33.599998474121094
v 25.200000762939453 62.849998474121094 -33.599998474121094
v 21 51.900001525878906 -33.599998474121094
v 25.200000762939453 57.375 -33.599998474121094
v 21 62.849998474121094 -33.599998474121094
v 25.200000762939453 51.900001525878906 -42
v 25.200000762939453 62.849998474121094 -42
v 25.200000762939453 51.900001525878906 -37.799999237060547
v 25.200000762939453 57.375 -42
v 25.200000762939453 62.849998474121094 -37.799999237060547
v 21 51.900001525878906 -42
v 21 62.849998474121094 -42
f 4008 4001 4005 4003 4006 4004 4007 4002
f 4006 4003 4011 4009 4012 4010 4013 4004
f 4012 4009 4016 4014 4017 4015 4018 4010
f 4017 4014 4019 4001 4008 4002 4020 4015
f 4019 4014 4016 4009 4011 4003 4005 4001
f 4018 4015 4020 4002 4007 4004 4013 4010
g object_202
v 8.3999996185302734 51.900001525878906 -42
v 8.3999996185302734 62.849998474121094 -42
v 8.3999996185302734 51.900001525878906 -33.599998474121094
v 8.3999996185302734 62.849998474121094 -33.599998474121094
v 8.3999996185302734 51.900001525878906 -37.799999237060547
v 8.3999996185302734 57.375 -33.599998474121094
v 8.3999996185302734 62.849998474121094 -37.799999237060547
v 8.3999996185302734 57.375 -42
v 16.799999237060547 51.900001525878906 -33.599998474121094
v 16.799999237060547 62.849998474121094 -33.599998474121094
v 12.600000381469727 51.900001525878906 -33.599998474121094
v 16.799999237060547 57.375 -33.599998474121094
v 12.600000381469727 62.849998474121094 -33.599998474121094
v 16.799999237060547 51.900001525878906 -42
v 16.799999237060547 62.849998474121094 -42
v 16.799999237060547 51.900001525878906 -37.799999237060547
v 16.799999237060547 57.375 -42
v 16.799999237060547 62.849998474121094 -37.799999237060547
v 12.600000381469727 51.900001525878906 -42
v 12.600000381469727 62.849998474121094 -42
f 4028 4021 4025 4023 4026 4024 4027 4022
f 4026 4023 4031 4029 4032 4030 4033 4024
f 4032 4029 4036 4034 4037 4035 4038 4030
f 4037 4034 4039 4021 4028 4022 4040 4035
f 4039 4034 4036 4029 4031 4023 4025 4021
f 4038 4035 4040 4022 4027 4024 4033 4030
g object_203
v 42 51.900001525878906 -33.599998474121094
v 42 62.849998474121094 -33.599998474121094
v 42 51.900001525878906 -25.200000762939453
v 42 62.849998474121094 -25.200000762939453
v 42 51.900001525878906 -29.399999618530273
v 42 57.375 -25.200000762939453
v 42 62.849998474121094 -29.399999618530273
v 42 57.375 -33.599998474121094
v 50.400001525878906 51.900001525878906 -25.200000762939453
v 50.400001525878906 62.849998474121094 -25.200000762939453
v 46.200000762939453 51.900001525878906 -25.200000762939453
v 50.400001525878906 57.375 -25.200000762939453
v 46.200000762939453 62.849998474121094 -25.200000762939453
v 50.400001525878906 51.900001525878906 -33.599998474121094
v 50.400001525878906 62.849998474121094 -33.599998474121094
v 50.400001525878906 51.900001525878906 -29.399999618530273
v 50.400001525878906 57.375 -33.599998474121094
v 50.400001525878906 62.849998474121094 -29.399999618530273
v 46.200000762939453 51.900001525878906 -33.599998474121094
v 46.200000762939453 62.849998474121094 -33.599998474121094
f 4048 4041 4045 4043 4046 4044 4047 4042
f 4046 4043 4051 4049 4052 4050 4053 4044
f 4052 4049 4056 4054 4057 4055 4058 4050
f 4057 4054 4059 4041 4048 4042 4060 4055
f 4059 4054 4056 4049 4051 4043 4045 4041
f 4058 4055 4060 4042 4047 4044 4053 4050
g object_204
v 33.599998474121094 51.900001525878906 -33.599998474121094
v 33.599998474121094 62.849998474121094 -33.599998474121094
v 33.599998474121094 51.900001525878906 -25.200000762939453
v 33.599998474121094 62.849998474121094 -25.200000762939453
v 33.599998474121094 51.900001525878906 -29.399999618530273
v 33.599998474121094 57.375 -25.200000762939453
v 33.599998474121094 62.849998474121094 -29.399999618530273
v 33.599998474121094 57.375 -33.599998474121094
v 42 51.900001525878906 -25.200000762939453
v 42 62.849998474121094 -25.200000762939453
v 37.799999237060547 51.900001525878906 -25.200000762939453
v 42 57.375 -25.200000762939453
v 37.799999237060547 62.849998474121094 -25.200000762939453
v 42 51.900001525878906 -33.599998474121094
v 42 62.849998474121094 -33.599998474121094
v 42 51.900001525878906 -29.399999618530273
v 42 57.375 -33.599998474121094
v 42 62.849998474121094 -29.399999618530273
v 37.799999237060547 51.900001525878906 -33.599998474121094
v 37.799999237060547 62.849998474121094 -33.599998474121094
f 4068 4061 4065 4063 4066 4064 4067 4062
f 4066 4063 4071 4069 4072 4070 4073 4064
f 4072 4069 4076 4074 4077 4075 4078 4070
f 4077 4074 4079 4061 4068 4062 4080 4075
f 4079 4074 4076 4069 4071 4063 4065 4061
f 4078 4075 4080 4062 4067 4064 4073 4070
g object_205
v 25.200000762939453 51.900001525878906 -33.599998474121094
v 25.200000762939453 62.849998474121094 -33.599998474121094
v 25.200000762939453 51.900001525878906 -25.200000762939453
v 25.200000762939453 62.849998474121094 -25.200000762939453
v 25.200000762939453 51.900001525878906 -29.399999618530273
v 25.200000762939453 57.375 -25.200000762939453
v 25.200000762939453 62.849998474121094 -29.399999618530273
v 25.200000762939453 57.375 -33.599998474121094
v 33.599998474121094 51.900001525878906 -25.200000762939453
v 33.599998474121094 62.849998474121094 -25.200000762939453
v 29.399999618530273 51.900001525878906 -25.200000762939453
v 33.599998474121094 57.375 -25.200000762939453
v 29.399999618530273 62.849998474121094 -25.200000762939453
v 33.599998474121094 51.900001525878906 -33.599998474121094
v 33.599998474121094 62.849998474121094 -33.599998474121094
v 33.599998474121094 51.900001525878906 -29.399999618530273
v 33.599998474121094 57.375 -33.599998474121094
v 33.599998474121094 62.849998474121094 -29.399999618530273
v 29.399999618530273 51.900001525878906 -33.599998474121094
v 29.399999618530273 62.849998474121094 -33.599998474121094
f 4088 4081 4085 4083 4086 4084 4087 4082
f 4086 4083 4091 4089 4092 4090 4093 4084
f 4092 4089 4096 4094 4097 4095 4098 4090
f 4097 4094 4099 4081 4088 4082 4100 4095
f 4099 4094 4096 4089 4091 4083 4085 4081
f 4098 4095 4100 4082 4087 4084 4093 4090
g object_206
v 16.799999237060547 51.900001525878906 -33.599998474121094
v 16.799999237060547 62.849998474121094 -33.599998474121094
v 16.799999237060547 51.900001525878906 -25.200000762939453
v 16.799999237060547 62.849998474121094 -25.200000762939453
v 16.799999237060547 51.900001525878906 -29.399999618530273
v 16.799999237060547 57.375 -25.200000762939453
v 16.799999237060547 62.849998474121094 -29.399999618530273
v 16.799999237060547 57.375 -33.599998474121094
v 25.200000762939453 51.900001525878906 -25.200000762939453
v 25.200000762939453 62.849998474121094 -25.200000762939453
v 21 51.900001525878906 -25.200000762939453
v 25.200000762939453 57.375 -25.200000762939453
v 21 62.849998474121094 -25.200000762939453
v 25.200000762939453 51.900001525878906 -33.599998474121094
v 25.200000762939453 62.849998474121094 -33.599998474121094
v 25.200000762939453 51.900001525878906 -29.399999618530273
v 25.200000762939453 57.375 -33.599998474121094
v 25.200000762939453 62.849998474121094 -29.399999618530273
v 21 51.900001525878906 -33.599998474121094
v 21 62.849998474121094 -33.599998474121094
f 4108 4101 4105 4103 4106 4104 4107 4102
f 4106 4103 4111 4109 4112 4110 4113 4104
f 4112 4109 4116 4114 4117 4115 4118 4110
f 4117 4114 4119 4101 4108 4102 4120 4115
f 4119 4114 4116 4109 4111 4103 4105 4101
f 4118 4115 4120 4102 4107 4104 4113 4110
g object_207
v 8.3999996185302734 51.900001525878906 -33.599998474121094
v 8.3999996185302734 62.849998474121094 -33.599998474121094
v 8.3999996185302734 51.900001525878906 -25.200000762939453
v 8.3999996185302734 62.849998474121094 -25.200000762939453
v 8.3999996185302734 51.900001525878906 -29.399999618530273
v 8.3999996185302734 57.375 -25.200000762939453
v 8.3999996185302734 62.849998474121094 -29.399999618530273
v 8.3999996185302734 57.375 -33.599998474121094
v 16.799999237060547 51.900001525878906 -25.200000762939453
v 16.799999237060547 62.849998474121094 -25.200000762939453
v 12.600000381469727 51.900001525878906 -25.200000762939453
v 16.799999237060547 57.375 -25.200000762939453
v 12.600000381469727 62.849998474121094 -25.200000762939453
v 16.799999237060547 51.900001525878906 -33.599998474121094
v 16.799999237060547 62.849998474121094 -33.599998474121094
v 16.799999237060547 51.900001525878906 -29.399999618530273
v 16.799999237060547 57.375 -33.599998474121094
v 16.799999237060547 62.849998474121094 -29.399999618530273
v 12.600000381469727 51.900001525878906 -33.599998474121094
v 12.600000381469727 62.849998474121094 -33.599998474121094
f 4128 4121 4125 4123 4126 4124 4127 4122
f 4126 4123 4131 4129 4132 4130 4133 4124
f 4132 4129 4136 4134 4137 4135 4138 4130
f 4137 4134 4139 4121 4128 4122 4140 4135
f 4139 4134 4136 4129 4131 4123 4125 4121
f 4138 4135 4140 4122 4127 4124 4133 4130
g object_208
v 33.599998474121094 30 -50.400001525878906
v 33.599998474121094 40.950000762939453 -50.400001525878906
v 42 30 -50.400001525878906
v 42 40.950000762939453 -50.400001525878906
v 37.799999237060547 30 -50.400001525878906
v 42 35.474998474121094 -50.400001525878906
v 37.799999237060547 40.950000762939453 -50.400001525878906
v 33.599998474121094 35.474998474121094 -50.400001525878906
v 42 30 -58.799999237060547
v 42 40.950000762939453 -58.799999237060547
v 42 30 -54.599998474121094
v 42 35.474998474121094 -58.799999237060547
v 42 40.950000762939453 -54.599998474121094
v 33.599998474121094 30 -58.799999237060547
v 33.599998474121094 40.950000762939453 -58.799999237060547
v 37.799999237060547 30 -58.799999237060547
v 33.599998474121094 35.474998474121094 -58.799999237060547
v 37.799999237060547 40.950000762939453 -58.799999237060547
v 33.599998474121094 30 -54.599998474121094
v 33.599998474121094 40.950000762939453 -54.599998474121094
f 4147 4142 4148 4141 4145 4143 4146 4144
f 4153 4144 4146 4143 4151 4149 4152 4150
f 4158 4150 4152 4149 4156 4154 4157 4155
f 4160 4155 4157 4154 4159 4141 4148 4142
f 4145 4141 4159 4154 4156 4149 4151 4143
f 4160 4142 4147 4144 4153 4150 4158 4155
g object_209
v 25.200000762939453 30 -50.400001525878906
v 25.200000762939453 40.950000762939453 -50.400001525878906
v 33.599998474121094 30 -50.400001525878906
v 33.599998474121094 40.950000762939453 -50.400001525878906
v 29.399999618530273 30 -50.400001525878906
v 33.599998474121094 35.474998474121094 -50.400001525878906
v 29.399999618530273 40.950000762939453 -50.400001525878906
v 25.200000762939453 35.474998474121094 -50.400001525878906
v 33.599998474121094 30 -58.799999237060547
v 33.599998474121094 40.950000762939453 -58.799999237060547
v 33.599998474121094 30 -54.599998474121094
v 33.599998474121094 35.474998474121094 -58.799999237060547
v 33.599998474121094 40.950000762939453 -54.599998474121094
v 25.200000762939453 30 -58.799999237060547
v 25.200000762939453 40.950000762939453 -58.799999237060547
v 29.399999618530273 30 -58.799999237060547
v 25.200000762939453 35.474998474121094 -58.799999237060547
v 29.399999618530273 40.950000762939453 -58.799999237060547
v 25.200000762939453 30 -54.599998474121094
v 25.200000762939453 40.950000762939453 -54.599998474121094
f 4167 4162 4168 4161 4165 4163 4166 4164
f 4173 4164 4166 4163 4171 4169 4172 4170
f 4178 4170 4172 4169 4176 4174 4177 4175
f 4180 4175 4177 4174 4179 4161 4168 4162
f 4165 4161 4179 4174 4176 4169 4171 4163
f 4180 4162 4167 4164 4173 4170 4178 4175
g object_210
v 16.799999237060547 30 -50.400001525878906
v 16.799999237060547 40.950000762939453 -50.400001525878906
v 25.200000762939453 30 -50.400001525878906
v 25.200000762939453 40.950000762939453 -50.400001525878906
v 21 30 -50.400001525878906
v 25.200000762939453 35.474998474121094 -50.400001525878906
v 21 40.950000762939453 -50.400001525878906
v 16.799999237060547 35.474998474121094 -50.400001525878906
v 25.200000762939453 30 -58.799999237060547
v 25.200000762939453 40.950000762939453 -58.799999237060547
v 25.200000762939453 30 -54.599998474121094
v 25.200000762939453 35.474998474121094 -58.799999237060547
v 25.200000762939453 40.950000762939453 -54.599998474121094
v 16.799999237060547 30 -58.799999237060547
v 16.799999237060547 40.950000762939453 -58.799999237060547
v 21 30 -58.799999237060547
v 16.799999237060547 35.474998474121094 -58.799999237060547
v 21 40.950000762939453 -58.799999237060547
v 16.799999237060547 30 -54.599998474121094
v 16.799999237060547 40.950000762939453 -54.599998474121094
f 4187 4182 4188 4181 4185 4183 4186 4184
f 4193 4184 4186 4183 4191 4189 4192 4190
f 4198 4190 4192 4189 4196 4194 4197 4195
f 4200 4195 4197 4194 4199 4181 4188 4182
f 4185 4181 4199 4194 4196 4189 4191 4183
f 4200 4182 4187 4184 4193 4190 4198 4195
g object_211
v 42 30 -50.400001525878906
v 42 40.950000762939453 -50.400001525878906
v 42 30 -42
v 42 40.950000762939453 -42
v 42 30 -46.200000762939453
v 42 35.474998474121094 -42
v 42 40.950000762939453 -46.200000762939453
v 42 35.474998474121094 -50.400001525878906
v 50.400001525878906 30 -42
v 50.400001525878906 40.950000762939453 -42
v 46.200000762939453 30 -42
v 50.400001525878906 35.474998474121094 -42
v 46.200000762939453 40.950000762939453 -42
v 50.400001525878906 30 -50.400001525878906
v 50.400001525878906 40.950000762939453 -50.400001525878906
v 50.400001525878906 30 -46.200000762939453
v 50.400001525878906 35.474998474121094 -50.400001525878906
v 50.400001525878906 40.950000762939453 -46.200000762939453
v 46.200000762939453 30 -50.400001525878906
v 46.200000762939453 40.950000762939453 -50.400001525878906
f 4207 4202 4208 4201 4205 4203 4206 4204
f 4213 4204 4206 4203 4211 4209 4212 4210
f 4218 4210 4212 4209 4216 4214 4217 4215
f 4220 4215 4217 4214 4219 4201 4208 4202
f 4219 4214 4216 4209 4211 4203 4205 4201
f 4218 4215 4220 4202 4207 4204 4213 4210
g object_212
v 8.3999996185302734 30 -50.400001525878906
v 8.3999996185302734 40.950000762939453 -50.400001525878906
v 8.3999996185302734 30 -42
v 8.3999996185302734 40.950000762939453 -42
v 8.3999996185302734 30 -46.200000762939453
v 8.3999996185302734 35.474998474121094 -42
v 8.3999996185302734 40.950000762939453 -46.200000762939453
v 8.3999996185302734 35.474998474121094 -50.400001525878906
v 16.799999237060547 30 -42
v 16.799999237060547 40.950000762939453 -42
v 12.600000381469727 30 -42
v 16.799999237060547 35.474998474121094 -42
v 12.600000381469727 40.950000762939453 -42
v 16.799999237060547 30 -50.400001525878906
v 16.799999237060547 40.950000762939453 -50.400001525878906
v 16.799999237060547 30 -46.200000762939453
v 16.799999237060547 35.474998474121094 -50.400001525878906
v 16.799999237060547 40.950000762939453 -46.200000762939453
v 12.600000381469727 30 -50.400001525878906
v 12.600000381469727 40.950000762939453 -50.400001525878906
f 4227 4222 4228 4221 4225 4223 4226 4224
f 4233 4224 4226 4223 4231 4229 4232 4230
f 4238 4230 4232 4229 4236 4234 4237 4235
f 4240 4235 4237 4234 4239 4221 4228 4222
f 4239 4234 4236 4229 4231 4223 4225 4221
f 4238 4235 4240 4222 4227 4224 4233 4230
g object_213
v 42 30 -42
v 42 40.950000762939453 -42
v 42 30 -33.599998474121094
v 42 40.950000762939453 -33.599998474121094
v 42 30 -37.799999237060547
v 42 35.474998474121094 -33.599998474121094
v 42 40.950000762939453 -37.799999237060547
v 42 35.474998474121094 -42
v 50.400001525878906 30 -33.599998474121094
v 50.400001525878906 40.950000762939453 -33.599998474121094
v 46.200000762939453 30 -33.599998474121094
v 50.400001525878906 35.474998474121094 -33.599998474121094
v 46.200000762939453 40.950000762939453 -33.599998474121094
v 50.400001525878906 30 -42
v 50.400001525878906 40.950000762939453 -42
v 50.400001525878906 30 -37.799999237060547
v 50.400001525878906 35.474998474121094 -42
v 50.400001525878906 40.950000762939453 -37.799999237060547
v 46.200000762939453 30 -42
v 46.200000762939453 40.950000762939453 -42
f 4247 4242 4248 4241 4245 4243 4246 4244
f 4253 4244 4246 4243 4251 4249 4252 4250
f 4258 4250 4252 4249 4256 4254 4257 4255
f 4260 4255 4257 4254 4259 4241 4248 4242
f 4259 4254 4256 4249 4251 4243 4245 4241
f 4258 4255 4260 4242 4247 4244 4253 4250
g object_214
v 33.599998474121094 30 -42
v 33.599998474121094 40.950000762939453 -42
v 33.599998474121094 30 -33.599998474121094
v 33.599998474121094 40.950000762939453 -33.599998474121094
v 33.599998474121094 30 -37.799999237060547
v 33.599998474121094 35.474998474121094 -33.599998474121094
v 33.599998474121094 40.950000762939453 -37.799999237060547
v 33.599998474121094 35.474998474121094 -42
v 42 30 -33.599998474121094
v 42 40.950000762939453 -33.599998474121094
v 37.799999237060547 30 -33.599998474121094
v 42 35.474998474121094 -33.599998474121094
v 37.799999237060547 40.950000762939453 -33.599998474121094
v 42 30 -42
v 42 40.950000762939453 -42
v 42 30 -37.799999237060547
v 42 35.474998474121094 -42
v 42 40.950000762939453 -37.799999237060547
v 37.799999237060547 30 -42
v 37.799999237060547 40.950000762939453 -42
f 4267 4262 4268 4261 4265 4263 4266 4264
f 4273 4264 4266 4263 4271 4269 4272 4270
f 4278 4270 4272 4269 4276 4274 4277 4275
f 4280 4275 4277 4274 4279 4261 4268 4262
f 4279 4274 4276 4269 4271 4263 4265 4261
f 4278 4275 4280 4262 4267 4264 4273 4270
g object_215
v 25.200000762939453 30 -42
v 25.200000762939453 40.950000762939453 -42
v 25.200000762939453 30 -33.599998474121094
v 25.200000762939453 40.950000762939453 -33.599998474121094
v 25.200000762939453 30 -37.799999237060547
v 25.200000762939453 35.474998474121094 -33.599998474121094
v 25.200000762939453 40.950000762939453 -37.799999237060547
v 25.200000762939453 35.474998474121094 -42
v 33.599998474121094 30 -33.599998474121094
v 33.599998474121094 40.950000762939453 -33.599998474121094
v 29.399999618530273 30 -33.599998474121094
v 33.599998474121094 35.474998474121094 -33.599998474121094
v 29.399999618530273 40.950000762939453 -33.599998474121094
v 33.599998474121094 30 -42
v 33.599998474121094 40.950000762939453 -42
v 33.599998474121094 30 -37.799999237060547
v 33.599998474121094 35.474998474121094 -42
v 33.599998474121094 40.950000762939453 -37.799999237060547
v 29.399999618530273 30 -42
v 29.399999618530273 40.950000762939453 -42
f 4287 4282 4288 4281 4285 4283 4286 4284
f 4293 4284 4286 4283 4291 4289 4292 4290
f 4298 4290 4292 4289 4296 4294 4297 4295
f 4300 4295 4297 4294 4299 4281 4288 4282
f 4299 4294 4296 4289 4291 4283 4285 4281
f 4298 4295 4300 4282 4287 4284 4293 4290
g object_216
v 16.799999237060547 30 -42
v 16.799999237060547 40.950000762939453 -42
v 16.799999237060547 30 -33.599998474121094
v 16.799999237060547 40.950000762939453 -33.599998474121094
v 16.799999237060547 30 -37.799999237060547
v 16.799999237060547 35.474998474121094 -33.599998474121094
v 16.799999237060547 40.950000762939453 -37.799999237060547
v 16.799999237060547 35.474998474121094 -42
v 25.200000762939453 30 -33.599998474121094
v 25.200000762939453 40.950000762939453 -33.599998474121094
v 21 30 -33.599998474121094
v 25.200000762939453 35.474998474121094 -33.599998474121094
v 21 40.950000762939453 -33.599998474121094
v 25.200000762939453 30 -42
v 25.200000762939453 40.950000762939453 -42
v 25.200000762939453 30 -37.799999237060547
v 25.200000762939453 35.474998474121094 -42
v 25.200000762939453 40.950000762939453 -37.799999237060547
v 21 30 -42
v 21 40.950000762939453 -42
f 4307 4302 4308 4301 4305 4303 4306 4304
f 4313 4304 4306 4303 4311 4309 4312 4310
f 4318 4310 4312 4309 4316 4314 4317 4315
f 4320 4315 4317 4314 4319 4301 4308 4302
f 4319 4314 4316 4309 4311 4303 4305 4301
f 4318 4315 4320 4302 4307 4304 4313 4310
g object_217
v 8.3999996185302734 30 -42
v 8.3999996185302734 40.950000762939453 -42
v 8.3999996185302734 30 -33.599998474121094
v 8.3999996185302734 40.950000762939453 -33.599998474121094
v 8.3999996185302734 30 -37.799999237060547
v 8.3999996185302734 35.474998474121094 -33.599998474121094
v 8.3999996185302734 40.950000762939453 -37.799999237060547
v 8.3999996185302734 35.474998474121094 -42
v 16.799999237060547 30 -33.599998474121094
v 16.799999237060547 40.950000762939453 -33.599998474121094
v 12.600000381469727 30 -33.599998474121094
v 16.799999237060547 35.474998474121094 -33.599998474121094
v 12.600000381469727 40.950000762939453 -33.599998474121094
v 16.799999237060547 30 -42
v 16.799999237060547 40.950000762939453 -42
v 16.799999237060547 30 -37.799999237060547
v 16.799999237060547 35.474998474121094 -42
v 16.799999237060547 40.950000762939453 -37.799999237060547
v 12.600000381469727 30 -42
v 12.600000381469727 40.950000762939453 -42
f 4327 4322 4328 4321 4325 4323 4326 4324
f 4333 4324 4326 4323 4331 4329 4332 4330
f 4338 4330 4332 4329 4336 4334 4337 4335
f 4340 4335 4337 4334 4339 4321 4328 4322
f 4339 4334 4336 4329 4331 4323 4325 4321
f 4338 4335 4340 4322 4327 4324 4333 4330
g object_218
v 42 30 -33.599998474121094
v 42 40.950000762939453 -33.599998474121094
v 42 30 -25.200000762939453
v 42 40.950000762939453 -25.200000762939453
v 42 30 -29.399999618530273
v 42 35.474998474121094 -25.200000762939453
v 42 40.950000762939453 -29.399999618530273
v 42 35.474998474121094 -33.599998474121094
v 50.400001525878906 30 -25.200000762939453
v 50.400001525878906 40.950000762939453 -25.200000762939453
v 46.200000762939453 30 -25.200000762939453
v 50.400001525878906 35.474998474121094 -25.200000762939453
v 46.200000762939453 40.950000762939453 -25.200000762939453
v 50.400001525878906 30 -33.599998474121094
v 50.400001525878906 40.950000762939453 -33.599998474121094
v 50.400001525878906 30 -29.399999618530273
v 50.400001525878906 35.474998474121094 -33.599998474121094
v 50.400001525878906 40.950000762939453 -29.399999618530273
v 46.200000762939453 30 -33.599998474121094
v 46.200000762939453 40.950000762939453 -33.599998474121094
f 4347 4342 4348 4341 4345 4343 4346 4344
f 4353 4344 4346 4343 4351 4349 4352 4350
f 4358 4350 4352 4349 4356 4354 4357 4355
f 4360 4355 4357 4354 4359 4341 4348 4342
f 4359 4354 4356 4349 4351 4343 4345 4341
f 4358 4355 4360 4342 4347 4344 4353 4350
g object_219
v 33.599998474121094 30 -33.599998474121094
v 33.599998474121094 40.950000762939453 -33.599998474121094
v 33.599998474121094 30 -25.200000762939453
v 33.599998474121094 40.950000762939453 -25.200000762939453
v 33.599998474121094 30 -29.399999618530273
v 33.599998474121094 35.474998474121094 -25.200000762939453
v 33.599998474121094 40.950000762939453 -29.399999618530273
v 33.599998474121094 35.474998474121094 -33.599998474121094
v 42 30 -25.200000762939453
v 42 40.950000762939453 -25.200000762939453
v 37.799999237060547 30 -25.200000762939453
v 42 35.474998474121094 -25.200000762939453
v 37.799999237060547 40.950000762939453 -25.200000762939453
v 42 30 -33.599998474121094
v 42 40.950000762939453 -33.599998474121094
v 42 30 -29.399999618530273
v 42 35.474998474121094 -33.599998474121094
v 42 40.950000762939453 -29.399999618530273
v 37.799999237060547 30 -33.599998474121094
v 37.799999237060547 40.950000762939453 -33.599998474121094
f 4367 4362 4368 4361 4365 4363 4366 4364
f 4373 4364 4366 4363 4371 4369 4372 4370
f 4378 4370 4372 4369 4376 4374 4377 4375
f 4380 4375 4377 4374 4379 4361 4368 4362
f 4379 4374 4376 4369 4371 4363 4365 4361
f 4378 4375 4380 4362 4367 4364 4373 4370
g object_220
v 25.200000762939453 30 -33.599998474121094
v 25.200000762939453 40.950000762939453 -33.599998474121094
v 25.200000762939453 30 -25.200000762939453
v 25.200000762939453 40.950000762939453 -25.200000762939453
v 25.200000762939453 30 -29.399999618530273
v 25.200000762939453 35.474998474121094 -25.200000762939453
v 25.200000762939453 40.950000762939453 -29.399999618530273
v 25.200000762939453 35.474998474121094 -33.599998474121094
v 33.599998474121094 30 -25.200000762939453
v 33.599998474121094 40.950000762939453 -25.200000762939453
v 29.399999618530273 30 -25.200000762939453
v 33.599998474121094 35.474998474121094 -25.200000762939453
v 29.399999618530273 40.950000762939453 -25.200000762939453
v 33.599998474121094 30 -33.599998474121094
v 33.599998474121094 40.950000762939453 -33.599998474121094
v 33.599998474121094 30 -29.399999618530273
v 33.599998474121094 35.474998474121094 -33.599998474121094
v 33.599998474121094 40.950000762939453 -29.399999618530273
v 29.399999618530273 30 -33.599998474121094
v 29.399999618530273 40.950000762939453 -33.599998474121094
f 4387 4382 4388 4381 4385 4383 4386 4384
f 4393 4384 4386 4383 4391 4389 4392 4390
f 4398 4390 4392 4389 4396 4394 4397 4395
f 4400 4395 4397 4394 4399 4381 4388 4382
f 4399 4394 4396 4389 4391 4383 4385 4381
f 4398 4395 4400 4382 4387 4384 4393 4390
g object_221
v 16.799999237060547 30 -33.599998474121094
v 16.799999237060547 40.950000762939453 -33.599998474121094
v 16.799999237060547 30 -25.200000762939453
v 16.799999237060547 40.950000762939453 -25.200000762939453
v 16.799999237060547 30 -29.399999618530273
v 16.799999237060547 35.474998474121094 -25.200000762939453
v 16.799999237060547 40.950000762939453 -29.399999618530273
v 16.799999237060547 35.474998474121094 -33.599998474121094
v 25.200000762939453 30 -25.200000762939453
v 25.200000762939453 40.950000762939453 -25.200000762939453
v 21 30 -25.200000762939453
v 25.200000762939453 35.474998474121094 -25.200000762939453
v 21 40.950000762939453 -25.200000762939453
v 25.200000762939453 30 -33.599998474121094
v 25.200000762939453 40.950000762939453 -33.599998474121094
v 25.200000762939453 30 -29.399999618530273
v 25.200000762939453 35.474998474121094 -33.599998474121094
v 25.200000762939453 40.950000762939453 -29.399999618530273
v 21 30 -33.599998474121094
v 21 40.950000762939453 -33.599998474121094
f 4407 4402 4408 4401 4405 4403 4406 4404
f 4413 4404 4406 4403 4411 4409 4412 4410
f 4418 4410 4412 4409 4416 4414 4417 4415
f 4420 4415 4417 4414 4419 4401 4408 4402
f 4419 4414 4416 4409 4411 4403 4405 4401
f 4418 4415 4420 4402 4407 4404 4413 4410
g object_222
v 8.3999996185302734 30 -33.599998474121094
v 8.3999996185302734 40.950000762939453 -33.599998474121094
v 8.3999996185302734 30 -25.200000762939453
v 8.3999996185302734 40.950000762939453 -25.200000762939453
v 8.3999996185302734 30 -29.399999618530273
v 8.3999996185302734 35.474998474121094 -25.200000762939453
v 8.3999996185302734 40.950000762939453 -29.399999618530273
v 8.3999996185302734 35.474998474121094 -33.599998474121094
v 16.799999237060547 30 -25.200000762939453
v 16.799999237060547 40.950000762939453 -25.200000762939453
v 12.600000381469727 30 -25.200000762939453
v 16.799999237060547 35.474998474121094 -25.200000762939453
v 12.600000381469727 40.950000762939453 -25.200000762939453
v 16.799999237060547 30 -33.599998474121094
v 16.799999237060547 40.950000762939453 -33.599998474121094
v 16.799999237060547 30 -29.399999618530273
v 16.799999237060547 35.474998474121094 -33.599998474121094
v 16.799999237060547 40.950000762939453 -29.399999618530273
v 12.600000381469727 30 -33.599998474121094
v 12.600000381469727 40.950000762939453 -33.599998474121094
f 4427 4422 4428 4421 4425 4423 4426 4424
f 4433 4424 4426 4423 4431 4429 4432 4430
f 4438 4430 4432 4429 4436 4434 4437 4435
f 4440 4435 4437 4434 4439 4421 4428 4422
f 4439 4434 4436 4429 4431 4423 4425 4421
f 4438 4435 4440 4422 4427 4424 4433 4430
